id,layer,事件甲,事件乙,jev_score,"human(1=同事件,0=不同,留空=放弃)",备注
0,pos,类型:sales_report 阶段:completed 主体:奇瑞 对象:汽车 动作:上半年累计出口汽车94.38万辆 范围:market=GLOBAL、channel=official、sku=all 时间:2026-06-30~202,类型:sales_report 阶段:completed 主体:奇瑞集团 对象:出口汽车 动作:2026年上半年累计出口汽车94.38万辆 范围:market=GLOBAL、channel=official 时间:2026-06-30~20,0.95,,
1,pos,类型:sales_report 阶段:completed 主体:蔚来 对象:第80万台量产车 动作:第80万台量产车下线 范围:market=CN、channel=official、sku=乐道L90、location=合肥先进制造一工厂 ,类型:other 阶段:completed 主体:蔚来 对象:第80万台量产车 动作:量产车下线 范围:market=CN、sku=乐道L90、location=合肥先进制造一工厂 时间:2025-07-24~2025-07-25 [oth,0.96,,
2,pos,类型:产品发布 阶段:planned 主体:蔚来 对象:乐道L90 动作:正式上市 范围:market=CN、channel=official、sku=乐道L90 时间:2025-07-31~2025-08-01 [product_laun,类型:产品发布 阶段:completed 主体:乐道 对象:乐道L90 动作:上市 范围:market=CN、channel=official、sku=乐道L90 时间:2025-07-01~2025-08-01 [product_laun,0.49,,
3,pos,类型:policy_change 阶段:effective 主体:理想汽车 对象:智能汽车群组 动作:发布全新组织架构调整和人事任命 范围:market=CN、channel=official 时间:2025-06-27~2025-06-2,类型:policy_change 阶段:effective 主体:理想汽车 对象:智能汽车群组 动作:整合成立智能汽车群组 范围:market=CN、channel=official 时间:2025-06-30~2025-07-01 [po,0.59,,
4,pos,类型:合作签约 阶段:completed 主体:广汽日野、好来运物流 对象:纯电动厢式运输车 动作:正式签约 范围:market=CN、sku=纯电动厢式运输车 时间:2024-01-18~2024-01-19 [partnership] ,类型:sales_report 阶段:completed 主体:广汽日野、好来运物流 对象:纯电动厢式运输车 动作:正式签约 范围:market=CN、channel=official、sku=纯电动厢式运输车 时间:2024-01-18~,0.96,,
5,pos,类型:产品发布 阶段:announced 主体:华为、余承东 对象:智界RX 动作:开启预订 范围:market=CN、channel=official、sku=智界RX 时间:2026-08-20~2026-08-21 [product_,类型:产品发布 阶段:announced 主体:智界 对象:智界RX 动作:开启预售 范围:market=CN、channel=official、sku=智界RX 时间:2026-08-20~2026-08-21 [product_laun,0.92,,
6,pos,类型:产品发布 阶段:completed 主体:理想汽车 对象:无图NOA 动作:推送无图NOA功能 范围:market=CN、channel=ota、sku=AD Max 时间:2024-07-01~2024-08-01 [product,类型:产品发布 阶段:completed 主体:理想汽车 对象:无图NOA 动作:向24万AD Max用户推送无图NOA 范围:market=CN、channel=ota、sku=AD Max 时间:2024-07-01~2024-07-3,0.91,,
7,pos,类型:合作签约 阶段:announced 主体:苹果、百度 对象:AI功能 动作:继续合作开发AI功能 范围:market=CN、channel=official、sku=iPhone 时间:2025-02-13~2025-02-14 [p,类型:合作签约 阶段:announced 主体:苹果、百度 对象:中国版iPhone的AI功能 动作:合作开发中国版iPhone的AI功能 范围:market=CN、channel=official、sku=iPhone 时间:2025-0,0.93,,
8,pos,类型:other 阶段:completed 主体:哔哩哔哩 对象:《2023环境、社会及管治报告》 动作:发布ESG报告 范围:market=CN、channel=official 时间:2024-04-09~2024-04-10 [oth,类型:other 阶段:completed 主体:哔哩哔哩 对象:《2023环境、社会及管治报告》 动作:发布ESG报告 范围:market=CN、channel=official 时间:2024-04-11~2024-04-12 [oth,0.65,,
9,pos,类型:other 阶段:announced 主体:百度 对象:昆仑芯 动作:宣布分拆旗下AI芯片公司昆仑芯赴港上市 范围:market=HK、channel=official 时间:2026-01-02~2026-01-03 [other],类型:market_entry 阶段:announced 主体:百度 对象:昆仑芯 动作:官宣昆仑芯申请赴港上市 范围:market=HK、channel=official 时间:2026-01-02~2026-01-03 [market_,0.8,,
10,pos,类型:financial_report 阶段:completed 主体:美团 对象:2026年第一季度财报 动作:发布2026年第一季度财报 范围:market=CN、channel=official 时间:2026-06-01~2026-,类型:financial_report 阶段:completed 主体:美团 对象:美团 动作:发布一季度财报 范围:market=CN、channel=official 时间:2026-06-01~2026-06-02 [financia,0.95,,
11,pos,类型:产品发布 阶段:planned 主体:鸿蒙智行 对象:智界V9 动作:展车进店 范围:market=CN、channel=official、sku=智界V9 时间:2026-04-20~2026-04-30 [product_laun,类型:产品发布 阶段:planned 主体:鸿蒙智行 对象:智界V9 动作:展车进店展示 范围:market=CN、channel=official、sku=智界V9 时间:2026-04-20~2026-04-30 [product_la,0.91,,
12,pos,类型:sales_report 阶段:completed 主体:理想汽车 对象:理想汽车 动作:公布8月交付数据 范围:market=CN、channel=official、sku=全系 时间:2024-09-01~2024-09-02 [,类型:sales_report 阶段:completed 主体:理想汽车 对象:理想汽车 动作:公布8月交付数据 范围:market=CN、channel=official 时间:2024-09-01~2024-09-02 [sales_r,0.97,,
13,pos,类型:investment 阶段:completed 主体:京东 对象:众擎机器人 动作:领投A1轮融资 范围:market=CN 时间:2025-07-21~2025-07-22 [investment] (2025-07-21T00:0,类型:investment 阶段:announced 主体:京东 对象:众擎机器人 动作:领投A1轮融资 范围:market=CN、channel=official 时间:2025-07-21~2025-07-22 [investment],0.93,,
14,pos,类型:产品发布 阶段:planned 主体:广汽昊铂 对象:昊铂S600 动作:发布全新品牌理念并带来昊铂S600开启盲订 范围:market=CN、channel=exhibition、sku=昊铂S600、location=2026北京,类型:产品发布 阶段:announced 主体:广汽昊铂 对象:昊铂S600 动作:发布新豪华智慧运动SUV并开启盲订 范围:market=CN、channel=official、sku=昊铂S600、location=北京车展 时间:20,0.8,,
15,pos,类型:产品发布 阶段:effective 主体:理想汽车 对象:理想L6 动作:发布新一代理想L6 范围:market=CN、channel=official、sku=理想L6 时间:2026-07-16~2026-07-17 [produ,类型:产品发布 阶段:completed 主体:理想汽车 对象:理想L6 动作:发布新一代理想L6 范围:market=CN、sku=理想L6 时间:2026-07-01~2026-08-01 [product_launch] (2026-,0.71,,
16,pos,类型:financial_report 阶段:completed 主体:吉利汽车 对象:2025年财报 动作:发布2025年财报 范围:market=CN、channel=official 时间:2026-03-18~2026-03-19 ,类型:financial_report 阶段:completed 主体:吉利汽车 对象:2025年财报 动作:公布2025年财报数据 范围:market=CN、channel=official 时间:2026-03-18~2026-03-1,0.96,,
17,pos,类型:产品发布 阶段:announced 主体:vivo 对象:vivo X200 Pro mini 动作:发布vivo X200 Pro mini 范围:market=CN、channel=official、sku=vivo X200 P,类型:产品发布 阶段:effective 主体:vivo 对象:vivo X200 Pro mini 动作:发布vivo X200 Pro mini 范围:market=CN、channel=official、sku=vivo X200 P,0.93,,
18,pos,类型:financial_report 阶段:completed 主体:广汽集团 对象:2025年半年报 动作:发布2025年半年报 范围:market=CN、channel=official 时间:2025-08-29~2025-08-3,类型:financial_report 阶段:completed 主体:广汽集团 对象:2025年中报 动作:发布2025年中报 范围:market=CN、channel=official 时间:2025-08-29~2025-08-30 ,0.97,,
19,pos,类型:policy_change 阶段:announced 主体:广汽埃安 对象:AION字母标 动作:全面启用AION字母标作为品牌全球标识 范围:market=GLOBAL、channel=official 时间:2024-06-20~,类型:policy_change 阶段:announced 主体:广汽埃安 对象:AION品牌 动作:启用AION字母标作为品牌标志进行全球推广 范围:market=GLOBAL、channel=official 时间:2024-06-22,0.4,,
20,pos,类型:policy_change 阶段:announced 主体:广汽集团 对象:“智行2027”行动计划 动作:发布“智行2027”行动计划 范围:market=CN、channel=beijing_auto_show、location=,类型:policy_change 阶段:announced 主体:广汽集团 对象:“智行2027”行动计划 动作:发布行动计划 范围:market=CN、channel=official 时间:2024-04-01~2024-04-30 [,0.84,,
21,pos,类型:sales_report 阶段:completed 主体:理想汽车 对象:理想汽车 动作:公布2024年第二季度交付数据 范围:market=CN、channel=official 时间:2024-07-01~2024-07-02 [,类型:sales_report 阶段:completed 主体:理想汽车 对象:理想汽车 动作:公布6月及上半年交付量 范围:market=CN、channel=official、sku=全系 时间:2024-07-01~2024-07-0,0.88,,
22,pos,类型:并购交易 阶段:completed 主体:极氪、吉利汽车 对象:领克 动作:完成领克收购及注资 范围:market=CN、channel=official 时间:2025-02-14~2025-02-15 [merger_deal] ,类型:investment 阶段:completed 主体:极氪 对象:领克 动作:收购领克51%权益 范围:market=CN、channel=official 时间:2025-02-01~2025-03-01 [investment] ,0.59,,
23,pos,类型:产品发布 阶段:completed 主体:比亚迪 对象:第二代刀片电池、闪充技术 动作:发布新技术 范围:market=CN 时间:2026-03-05~2026-03-06 [product_launch] (2026-03-05T,类型:产品发布 阶段:effective 主体:比亚迪 对象:第二代刀片电池、闪充技术 动作:发布第二代刀片电池及闪充技术 范围:market=CN、channel=official、sku=第二代刀片电池、location=深圳大运中心体,0.97,,
24,pos,类型:financial_report 阶段:completed 主体:科大讯飞 对象:2026年半年报 动作:发布2026年半年报 范围:market=CN、channel=official 时间:2026-08-20~2026-08-2,类型:financial_report 阶段:announced 主体:科大讯飞 对象:2026年半年报 动作:披露2026年半年报 范围:market=CN、channel=official 时间:2026-08-20~2026-08-2,0.96,,
25,pos,类型:sales_report 阶段:completed 主体:快手 对象:可灵AI 动作:公布可灵AI一季度营业收入 范围:market=CN、channel=official、sku=可灵AI 时间:2026-05-27~2026-05,类型:sales_report 阶段:completed 主体:快手 对象:可灵AI 动作:公布可灵AI第一季度收入及年化收入运行率 范围:market=CN、channel=official、sku=可灵AI 时间:2026-05-27~,0.95,,
26,pos,类型:产品发布 阶段:announced 主体:小鹏汽车 对象:AI天玑系统 动作:宣布面向用户全量推送AI天玑系统 范围:market=CN、channel=official、sku=所有在售车型 时间:2024-05-20~2024-0,类型:产品发布 阶段:announced 主体:小鹏汽车 对象:AI天玑系统、端到端大模型、AI代驾 动作:举办发布会并宣布推送AI天玑系统及首发技术 范围:market=CN、channel=official、location=北京 时间,0.89,,
27,pos,类型:合作签约 阶段:announced 主体:京东汽车、时代电服、广汽集团 对象:国民好车 动作:宣布联合推出“国民好车” 范围:market=CN、channel=official、sku=国民好车 时间:2025-10-14~2025,类型:合作签约 阶段:announced 主体:京东、广汽集团、宁德时代 对象:国民好车 动作:宣布联合推出“国民好车” 范围:market=CN、channel=official 时间:2025-10-14~2025-10-15 [par,0.92,,
28,pos,类型:合作签约 阶段:completed 主体:昆明市人民政府、宁德时代 对象:三方战略合作协议 动作:签署三方战略合作协议 范围:market=CN、channel=official、location=云南昆明 时间:2026-01-27,类型:合作签约 阶段:completed 主体:昆明市人民政府、宁德时代 对象:三方战略合作协议 动作:签署三方战略合作协议 范围:market=CN、channel=official、location=云南昆明 时间:2026-01-26,0.69,,
29,pos,类型:financial_report 阶段:completed 主体:科大讯飞 对象:2026年半年报 动作:披露2026年半年报 范围:market=CN、channel=official 时间:2026-08-20~2026-08-2,类型:financial_report 阶段:completed 主体:科大讯飞 对象:2026年半年报 动作:发布2026年半年报 范围:market=CN、channel=official 时间:2026-08-20~2026-08-2,0.97,,
30,pos,类型:sales_report 阶段:completed 主体:零跑汽车 对象:零跑汽车 动作:公布8月交付量 范围:market=CN、channel=official 时间:2024-09-01~2024-09-02 [sales_re,类型:sales_report 阶段:completed 主体:零跑汽车 对象:零跑汽车 动作:公布8月交付数据 范围:market=CN、channel=official、sku=全系 时间:2024-09-01~2024-09-02 [,0.95,,
31,pos,类型:sales_report 阶段:completed 主体:奇瑞 对象:汽车 动作:出口汽车 范围:market=GLOBAL、channel=export、sku=汽车、location=CN 时间:2025-01-01~2025-0,类型:sales_report 阶段:completed 主体:奇瑞集团 对象:出口业务 动作:实现高频出口 范围:market=GLOBAL、channel=export 时间:2025-01-01~2025-06-30 [sales_r,0.56,,
32,pos,类型:financial_report 阶段:announced 主体:蔚来 对象:2026年一季度财报 动作:发布2026年一季度财报 范围:market=CN、channel=official 时间:2026-05-21~2026-05,类型:financial_report 阶段:announced 主体:蔚来 对象:2026年一季度财报 动作:发布财报 范围:market=CN、channel=official 时间:2026-05-21~2026-05-22 [fin,0.97,,
33,pos,类型:financial_report 阶段:completed 主体:广汽集团 对象:2023年财报 动作:发布2023年年度业绩 范围:market=CN、channel=official 时间:2024-03-29~2024-03-3,类型:financial_report 阶段:completed 主体:广汽集团 对象:2023年财报 动作:发布2023年财报 范围:market=CN、channel=official 时间:2024-03-28~2024-03-29 ,0.78,,
34,pos,类型:产品发布 阶段:completed 主体:联想、异构智算产业生态联盟 对象:《2025AI方案赋能白皮书》 动作:发布《2025AI方案赋能白皮书》 范围:market=CN、channel=official、location=202,类型:产品发布 阶段:completed 主体:联想集团有限公司、异构智算产业生态联盟 对象:《2025AI方案赋能白皮书》 动作:发布《2025AI方案赋能白皮书》 范围:market=CN、channel=official、locati,0.71,,
35,pos,类型:expansion 阶段:planned 主体:小米 对象:小米汽车工厂 动作:开启双班扩充产能 范围:market=CN、channel=official 时间:2024-06-01~2024-07-01 [expansion] (,类型:expansion 阶段:planned 主体:小米汽车 对象:小米汽车工厂 动作:开启双班生产 范围:market=CN、channel=official 时间:2024-06-01~2024-06-30 [expansion] (,0.74,,
36,pos,类型:financial_report 阶段:announced 主体:科大讯飞 对象:2026年第一季度财报 动作:发布第一季度财报 范围:market=CN、channel=official、business_no=002230.SZ ,类型:financial_report 阶段:completed 主体:科大讯飞 对象:2025年年报 动作:发布2025年年报 范围:market=CN、channel=official、business_no=002230.SZ 时间:,0.06,,
37,pos,类型:产品发布 阶段:effective 主体:广汽传祺、华为 对象:传祺M8宗师先锋版 动作:上市 范围:market=CN、channel=official、sku=传祺M8宗师先锋版 时间:2024-02-24~2024-02-25 ,类型:产品发布 阶段:completed 主体:广汽传祺 对象:传祺M8宗师先锋版 动作:正式推出传祺M8宗师先锋版 范围:market=CN、channel=official、sku=传祺M8宗师先锋版 时间:2024-02-24~202,0.9,,
38,pos,类型:policy_change 阶段:effective 主体:国家新闻出版署 对象:《明日方舟：终末地》 动作:获批国产网络游戏版号 范围:market=CN、channel=official、sku=《明日方舟：终末地》 时间:202,类型:policy_change 阶段:effective 主体:鹰角网络 对象:《明日方舟：终末地》 动作:获批版号 范围:market=CN、channel=official、sku=《明日方舟：终末地》 时间:2024-08-30~2,0.55,,
39,pos,类型:产品发布 阶段:planned 主体:理想汽车 对象:理想i6 动作:计划发布 范围:market=CN、channel=official、sku=理想i6 时间:2025-09-01~2025-09-30 [product_laun,类型:产品发布 阶段:planned 主体:理想汽车 对象:理想i6 动作:计划于9月发布理想i6 范围:market=CN、channel=official、sku=理想i6 时间:2025-09-01~2025-09-30 [produ,0.95,,
40,pos,类型:sales_report 阶段:completed 主体:仰望 对象:仰望U8 动作:交付第5000台 范围:market=CN、channel=official、sku=仰望U8、location=西安 时间:2024-03-25~,类型:sales_report 阶段:completed 主体:比亚迪 对象:仰望U8 动作:达成5000台交付 范围:market=CN、channel=official、sku=仰望U8 时间:2024-03-01~2024-03-31,0.64,,
41,pos,"类型:sales_report 阶段:completed 主体:小米汽车 对象:小米SU7 动作:完成第10,000台交付 范围:market=CN、sku=小米SU7 时间:2024-05-15~2024-05-16 [sales_rep",类型:sales_report 阶段:completed 主体:小米汽车 对象:小米SU7 动作:完成第10000辆交付 范围:market=CN、channel=official、sku=小米SU7 时间:2024-05-15~2024-,0.98,,
42,pos,类型:expansion 阶段:completed 主体:比亚迪 对象:巴西乘用车工厂 动作:举行首车下线仪式 范围:market=BR、channel=official、sku=乘用车、location=巴西巴伊亚州卡马萨里 时间:202,类型:expansion 阶段:completed 主体:比亚迪 对象:巴西乘用车工厂 动作:首车下线 范围:market=BR、channel=official、sku=乘用车、location=巴西巴伊亚州卡马萨里 时间:2025-07,0.97,,
43,pos,类型:产品发布 阶段:effective 主体:大疆 对象:DJI SDR 图传 2 动作:发布全新收发一体多机协同图传 范围:market=CN、channel=official、sku=DJI SDR 图传 2、location=深圳 ,类型:产品发布 阶段:announced 主体:大疆 对象:DJI SDR 图传 2 动作:宣布推出全新收发一体多机协同图传 范围:market=CN、channel=official、sku=DJI SDR 图传 2 时间:2026-09,0.94,,
44,pos,类型:other 阶段:completed 主体:马云 对象:阿里巴巴 动作:发表内部信《致改革 致创新》 范围:market=CN、channel=internal 时间:2024-04-10~2024-04-11 [other] (20,类型:policy_change 阶段:announced 主体:马云 对象:阿里巴巴 动作:发布全员信鼓舞士气 范围:market=CN、channel=internal 时间:2024-04-10~2024-04-11 [policy_,0.87,,
45,pos,类型:expansion 阶段:announced 主体:小鹏 对象:小鹏人形机器人全链条量产基地 动作:正式提报人形机器人全链条量产基地项目 范围:market=CN、channel=official、location=广州市天河区 时间,类型:expansion 阶段:announced 主体:小鹏汽车 对象:小鹏人形机器人全链条量产基地 动作:提报量产基地项目 范围:market=CN、channel=official、location=广州天河区 时间:2026-02-,0.9,,
46,pos,类型:sales_report 阶段:completed 主体:小鹏汽车 对象:小鹏汽车 动作:公布2024年12月、Q4及全年交付数据 范围:market=CN、channel=official、sku=全品牌 时间:2025-01-01,类型:sales_report 阶段:completed 主体:小鹏汽车 对象:小鹏汽车 动作:公布2024年12月交付量 范围:market=CN、channel=official、sku=全品牌 时间:2025-01-01~2025-0,0.82,,
47,pos,类型:other 阶段:completed 主体:蔚来 对象:科学碳目标倡议（SBTi） 动作:承诺加入科学碳目标倡议 范围:market=CN 时间:2023-01-01~2023-12-31 [other] (2023-01-01T00,类型:合作签约 阶段:announced 主体:蔚来 对象:科学碳目标倡议（SBTi） 动作:宣布加入科学碳目标倡议 范围:market=CN、channel=official 时间:2023-03-25~2023-03-26 [partn,0.66,,
48,pos,类型:sales_report 阶段:completed 主体:比亚迪 对象:第1000万辆新能源汽车 动作:达成第1000万辆新能源汽车下线 范围:market=CN、channel=official、sku=新能源汽车、location,类型:sales_report 阶段:completed 主体:比亚迪 对象:第1000万辆新能源汽车 动作:第1000万辆新能源汽车下线 范围:market=CN、channel=official、location=深圳 时间:2024-,0.97,,
49,pos,类型:financial_report 阶段:completed 主体:广汽集团 对象:2026年一季报 动作:发布2026年一季报 范围:market=CN、channel=official、business_no=601238.SH 时,类型:financial_report 阶段:completed 主体:广汽集团 对象:2026年第一季度报告 动作:发布2026年第一季度报告 范围:market=CN、channel=official 时间:2026-04-30~202,0.97,,
50,pos,类型:sales_report 阶段:planned 主体:理想汽车 对象:2024年第一季度交付量 动作:发布一季度交付量指引 范围:market=CN、channel=official 时间:2024-02-26~2024-02-27 ,类型:sales_report 阶段:announced 主体:理想汽车 对象:2024年一季度交付数据 动作:发布一季度交付预测 范围:market=CN、channel=official 时间:2024-02-26~2024-02-27,0.88,,
51,pos,类型:other 阶段:effective 主体:网易 对象:外包裁员传闻 动作:回应裁员传闻不实 范围:market=CN、channel=media 时间:2026-03-18~2026-03-19 [other] (2026-03-1,类型:other 阶段:effective 主体:网易 对象:裁员传闻 动作:官方回应辟谣，称信息不实 范围:market=CN、channel=official 时间:2026-03-18~2026-03-19 [other] (2026,0.94,,
52,pos,类型:financial_report 阶段:announced 主体:理想汽车 对象:2025年一季报 动作:公布2025年一季报 范围:market=CN、channel=official 时间:2025-05-29~2025-05-3,类型:financial_report 阶段:completed 主体:理想汽车 对象:2025年第一季度财报 动作:公布2025年第一季度财报 范围:market=CN、channel=official 时间:2025-05-29~202,0.94,,
53,pos,类型:sales_report 阶段:completed 主体:理想汽车 对象:理想汽车 动作:公布8月交付数据 范围:market=CN、channel=official、sku=全系 时间:2024-09-01~2024-09-02 [,类型:sales_report 阶段:completed 主体:理想汽车 对象:理想汽车 动作:公布8月交付量 范围:market=CN、channel=official、sku=全系 时间:2024-08-01~2024-08-31 [s,0.6,,
54,pos,类型:incident 阶段:announced 主体:北京理想汽车有限公司 对象:理想MEGA 2024款 动作:召回缺陷车辆 范围:market=CN、channel=official、sku=理想MEGA 2024款 时间:2025-,类型:incident 阶段:announced 主体:理想汽车 对象:理想MEGA 2024款 动作:备案召回计划 范围:market=CN、channel=official、sku=理想MEGA 2024款 时间:2025-10-31~,0.45,,
55,pos,类型:产品发布 阶段:effective 主体:B站游戏、Team Soda工作室 对象:逃离鸭科夫 动作:正式发售 范围:market=CN、channel=Steam、sku=逃离鸭科夫 时间:2025-10-16~2025-10-17,类型:产品发布 阶段:effective 主体:B站游戏、苏打小队（Team Soda）工作室 对象:逃离鸭科夫 动作:正式发售 范围:market=CN、channel=Steam、sku=逃离鸭科夫 时间:2025-10-16~2025,0.96,,
56,pos,类型:financial_report 阶段:completed 主体:科大讯飞 对象:2026年一季报 动作:公布2026年一季报 范围:market=CN、channel=official、business_no=002230 时间:2,类型:financial_report 阶段:announced 主体:科大讯飞 对象:2026年一季度财报 动作:发布2026年一季度财报 范围:market=CN、channel=official 时间:2026-04-28~2026-,0.95,,
57,pos,类型:financial_report 阶段:completed 主体:理想汽车 对象:2025年第一季度业绩 动作:发布2025年第一季度业绩 范围:market=CN、channel=official 时间:2025-05-29~202,类型:financial_report 阶段:completed 主体:理想汽车 对象:2025年第一季度财报 动作:公布2025年第一季度财报 范围:market=CN、channel=official 时间:2025-05-29~202,0.95,,
58,pos,类型:sales_report 阶段:completed 主体:小鹏汽车 对象:小鹏汽车 动作:公布2024年12月交付量 范围:market=CN、channel=official、sku=全品牌 时间:2025-01-01~2025-0,类型:sales_report 阶段:completed 主体:小鹏汽车 对象:小鹏汽车 动作:公布2024年Q4交付量 范围:market=CN、channel=official、sku=全品牌 时间:2025-01-01~2025-01,0.61,,
59,pos,类型:产品发布 阶段:effective 主体:蔚来公司 对象:全新ES8 动作:正式上市 范围:market=CN、channel=official、sku=全新ES8、location=杭州大会展中心 时间:2025-09-20~202,类型:产品发布 阶段:completed 主体:蔚来 对象:全新ES8 动作:NIO Day上市 范围:market=CN、channel=official、sku=全新ES8 时间:2025-09-20~2025-09-21 [produ,0.96,,
60,pos,类型:financial_report 阶段:completed 主体:广汽集团 对象:2025年第三季度财报 动作:发布2025年第三季度财报 范围:market=CN、channel=official 时间:2025-10-27~202,类型:financial_report 阶段:completed 主体:广汽集团 对象:2025年三季报 动作:披露三季报 范围:market=CN、channel=official 时间:2025-10-28~2025-10-29 [fi,0.81,,
61,pos,类型:investment 阶段:announced 主体:哔哩哔哩 对象:7亿美元可换股优先票据 动作:宣布拟发售7亿美元可换股优先票据 范围:market=US、channel=official、sku=2031年到期可换股优先票据 时,类型:investment 阶段:announced 主体:哔哩哔哩 对象:7亿美元可换股优先票据 动作:宣布拟发售可换股优先票据 范围:market=US、channel=official、sku=2031年到期可换股优先票据 时间:20,0.98,,
62,pos,类型:other 阶段:completed 主体:庞大智、网易公司 对象:2026中国国际数字娱乐产业大会（CDEC）高峰论坛 动作:发表演讲提出中国游戏行业亟须从“微创新”转向更高维度的“原创力” 范围:market=CN、channel,类型:other 阶段:completed 主体:庞大智 对象:2026中国国际数字娱乐产业大会（CDEC） 动作:提出中国游戏行业亟须从“微创新”转向更高维度的“原创力” 范围:market=CN、channel=official、loc,0.95,,
63,pos,"类型:sales_report 阶段:completed 主体:蔚来 对象:全新ES8 动作:完成第110,000台新车交付 范围:market=CN、channel=official、sku=全新ES8 时间:2026-05-23~202",类型:sales_report 阶段:completed 主体:蔚来 对象:全新ES8 动作:达成累计交付里程碑 范围:market=CN、channel=delivery、sku=全新ES8 时间:2026-05-22~2026-05-2,0.75,,
64,pos,类型:产品发布 阶段:effective 主体:理想汽车 对象:新一代理想L6 动作:正式发布 范围:market=CN、channel=official、sku=新一代理想L6 时间:2026-07-16~2026-07-17 [prod,类型:产品发布 阶段:effective 主体:理想 对象:新一代理想L6 动作:上市 范围:market=CN、channel=official、sku=新一代理想L6 时间:2026-07-13~2026-07-19 [product_,0.59,,
65,pos,"类型:sales_report 阶段:completed 主体:智界 对象:智界R7、智界S7 动作:累计交付突破16万辆 范围:market=CN、sku=智界R7, 智界S7 时间:2026-05-15~2026-05-16 [sale","类型:sales_report 阶段:completed 主体:智界 对象:智界R7、智界S7 动作:累计交付突破16万台 范围:market=CN、channel=official、sku=智界R7, 智界S7 时间:2026-05-16",0.92,,
66,pos,"类型:sales_report 阶段:completed 主体:蔚来 对象:全新ES8 动作:完成第110,000台新车交付 范围:market=CN、channel=official、sku=全新ES8、location=南京 时间:20",类型:sales_report 阶段:completed 主体:蔚来 对象:全新ES8 动作:达成累计交付里程碑 范围:market=CN、channel=delivery、sku=全新ES8 时间:2026-05-22~2026-05-2,0.49,,
67,pos,类型:产品发布 阶段:announced 主体:联想集团 对象:ThinkBook Plus Gen 6 动作:发布首款卷轴屏AIPC 范围:market=GLOBAL、channel=CES、sku=ThinkBook Plus Gen ,类型:产品发布 阶段:completed 主体:联想 对象:ThinkBook Plus Gen 6 动作:发布全球首款卷轴屏AIPC 范围:market=GLOBAL、channel=official、sku=ThinkBook Plus,0.9,,
68,pos,类型:产品发布 阶段:rumored 主体:OPPO 对象:OPPO K12 Plus 动作:现身跑分平台 Geekbench 范围:market=CN、channel=Geekbench、sku=PKS110 时间:2024-09-24~,类型:other 阶段:announced 主体:OPPO 对象:OPPO K12 Plus 动作:现身电信设备终端网并跑分 范围:market=CN、channel=official、sku=PKS110 时间:2024-09-24~20,0.78,,
69,pos,类型:sales_report 阶段:completed 主体:小鹏汽车 对象:小鹏汽车 动作:发布6月及上半年交付数据 范围:market=CN、channel=official 时间:2024-07-01~2024-07-02 [sal,类型:sales_report 阶段:completed 主体:小鹏汽车 对象:小鹏汽车 动作:公布2024年上半年累计交付成绩 范围:market=CN、channel=official、sku=全品牌 时间:2024-07-01~202,0.91,,
70,pos,类型:policy_change 阶段:effective 主体:国家新闻出版署 对象:2025年11月网络游戏版号 动作:公布网络游戏版号审批信息 范围:market=CN、channel=official 时间:2025-11-27~2,类型:policy_change 阶段:effective 主体:国家新闻出版署 对象:2025年11月份国产网络游戏审批信息 动作:发布游戏版号审批信息 范围:market=CN、channel=official 时间:2025-11-2,0.94,,
71,pos,类型:产品发布 阶段:effective 主体:OPPO 对象:OPPO Reno16系列 动作:正式发布 范围:market=CN、channel=official、sku=Reno16系列 时间:2026-05-25~2026-05-2,类型:产品发布 阶段:announced 主体:OPPO 对象:OPPO Reno16、OPPO Reno16 Pro 动作:正式发布Reno16系列手机 范围:market=CN、channel=official、sku=Reno16系列,0.93,,
72,pos,类型:financial_report 阶段:planned 主体:特斯拉 对象:第二季度财报 动作:计划发布第二季度财报 范围:market=GLOBAL、channel=official 时间:2026-07-23~2026-07-24,类型:financial_report 阶段:planned 主体:特斯拉 对象:完整季度财报 动作:发布完整季度财报 范围:market=Global、channel=official 时间:2026-07-22~2026-07-23 [,0.58,,
73,pos,类型:产品发布 阶段:effective 主体:蔚来 对象:蔚来ES8大五座版 动作:正式上市 范围:market=CN、channel=official、sku=ES8大五座版、location=成都 时间:2026-07-09~2026,类型:产品发布 阶段:completed 主体:蔚来 对象:ES8大五座版 动作:正式上市 范围:market=CN、channel=official、sku=ES8大五座版、location=成都 时间:2026-07-09~2026-0,0.96,,
74,pos,类型:并购交易 阶段:effective 主体:宁德时代、极氪汽车（上海）有限公司 对象:重庆耀宁新能源科技有限公司 动作:股权收购案获无条件批准 范围:market=CN、channel=official 时间:2026-09-03~20,类型:并购交易 阶段:effective 主体:宁德时代、极氪汽车（上海）有限公司 对象:重庆耀宁新能源科技有限公司 动作:收购股权案通过反垄断审查 范围:market=CN、channel=official 时间:2026-09-03~2,0.9,,
75,pos,类型:investment 阶段:announced 主体:哔哩哔哩 对象:7亿美元可转换优先票据 动作:拟发行可转换优先票据 范围:market=HK、channel=official、location=港交所 时间:2026-09-04,类型:investment 阶段:announced 主体:哔哩哔哩 对象:7亿美元可换股优先票据 动作:宣布拟发售可换股优先票据 范围:market=US、channel=official、sku=2031年到期可换股优先票据 时间:20,0.4,,
76,pos,类型:expansion 阶段:completed 主体:广汽埃安 对象:锐湃智能生态电驱工厂 动作:竣工投产 范围:market=CN、channel=official 时间:2024-01-30~2024-01-31 [expansio,类型:expansion 阶段:completed 主体:广汽埃安 对象:锐湃智能生态电驱工厂 动作:工厂竣工投产 范围:market=CN、channel=official 时间:2024-01-30~2024-01-31 [expans,0.98,,
77,pos,类型:人事变动 阶段:announced 主体:网易、丁迎峰 对象:集团执行副总裁兼网络游戏部门负责人 动作:宣布丁迎峰退休 范围:market=CN、channel=official 时间:2025-12-27~2025-12-28 [e,类型:人事变动 阶段:completed 主体:丁迎峰 对象:网易 动作:退休 范围:market=CN 时间:2025-12-01~2025-12-31 [executive_change] (2025-12-01T00:00:00.00,0.19,,
78,pos,类型:market_entry 阶段:effective 主体:广汽集团 对象:英国、波兰、葡萄牙、芬兰 动作:进入欧洲多国市场 范围:market=EU、location=欧洲 时间:2025-07-01~2025-09-30 [mark,类型:market_entry 阶段:completed 主体:广汽 对象:英国等欧洲重要市场 动作:加快进入英国等欧洲重要市场 范围:market=EU、location=英国、波兰、葡萄牙、芬兰 时间:2025-07-01~2025-0,0.76,,
79,pos,类型:价格调整 阶段:announced 主体:优刻得 对象:云服务 动作:上调合同续签和新客户价格 范围:market=CN、channel=official、sku=云服务 时间:2026-03-01~2026-03-02 [price,类型:价格调整 阶段:announced 主体:优刻得 对象:所有合同续签及新客户 动作:宣布提价 范围:market=CN、channel=official 时间:2026-03-01~2026-03-02 [price_change] ,0.95,,
80,pos,类型:sales_report 阶段:completed 主体:零跑汽车 对象:零跑汽车 动作:公布8月交付量 范围:market=CN、channel=official 时间:2024-09-01~2024-09-02 [sales_re,类型:sales_report 阶段:completed 主体:零跑汽车 对象:零跑汽车 动作:公布8月交付量 范围:market=CN、channel=official、sku=全系 时间:2024-08-01~2024-08-31 [s,0.63,,
81,pos,类型:sales_report 阶段:completed 主体:蔚来 对象:ES8 动作:摘得大型SUV及40万级车型销量双料冠军 范围:market=CN、channel=retail、sku=ES8 时间:2026-07-01~2026,类型:sales_report 阶段:completed 主体:蔚来 对象:蔚来ES8 动作:公布2026年7月零售销量 范围:market=CN、channel=retail、sku=ES8 时间:2026-07-01~2026-08-0,0.79,,
82,pos,类型:investment 阶段:announced 主体:沃尔玛 对象:京东 动作:转让所持京东股权 范围:market=US、channel=stock_market、sku=京东股票 时间:2024-08-21~2024-08-22 ,类型:investment 阶段:announced 主体:沃尔玛 对象:京东 动作:出售京东股票 范围:market=US、channel=stock_market、sku=京东股票 时间:2024-08-20~2024-08-21 [i,0.68,,
83,pos,类型:investment 阶段:announced 主体:哔哩哔哩 对象:借入股份 动作:购回借入股份 范围:market=HK、channel=official 时间:2026-09-04~2026-09-05 [investment],类型:investment 阶段:announced 主体:哔哩哔哩 对象:借入股份 动作:计划购回借入股份 范围:market=US、channel=official、sku=借入股份 时间:2026-09-05~2026-09-06 [,0.31,,
84,pos,类型:policy_change 阶段:announced 主体:马云、阿里 对象:阿里内网帖子 动作:发表《致改革 致创新》帖子肯定变革成效 范围:market=CN、channel=internal 时间:2024-04-10~2024,类型:policy_change 阶段:announced 主体:马云 对象:阿里巴巴 动作:发布全员信鼓舞士气 范围:market=CN、channel=internal 时间:2024-04-10~2024-04-11 [policy_,0.62,,
85,pos,类型:产品发布 阶段:announced 主体:哔哩哔哩 对象:四大营销场景与五大营销工具 动作:发布赋能品牌的四大营销场景与五大营销工具 范围:market=CN、channel=official、location=上海 时间:2026-,类型:产品发布 阶段:announced 主体:哔哩哔哩 对象:四大营销场景与五大营销工具 动作:发布四大营销场景与五大营销工具 范围:market=CN、channel=official、sku=四大营销场景与五大营销工具、locatio,0.97,,
86,pos,类型:产品发布 阶段:effective 主体:小鹏汽车 对象:小鹏X9 动作:正式上市 范围:market=CN、channel=official、sku=小鹏X9 时间:2024-01-01~2024-01-02 [product_la,类型:产品发布 阶段:completed 主体:小鹏汽车 对象:小鹏X9 动作:上市首款MPV车型 范围:market=CN、channel=official、sku=小鹏X9 时间:2024-01-01~2024-01-02 [produ,0.95,,
87,pos,类型:award 阶段:effective 主体:哔哩哔哩 对象:年度百大UP主 动作:揭晓年度百大UP主名单 范围:market=CN、channel=official、location=上海 时间:2026-01-18~2026-01-,类型:award 阶段:completed 主体:哔哩哔哩 对象:2025年百大UP主 动作:发布2025年百大UP主榜单 范围:market=CN、channel=official 时间:2026-01-18~2026-01-19 [aw,0.86,,
88,pos,类型:价格调整 阶段:effective 主体:理想汽车 对象:理想i8 动作:统一配置版本并下调售价 范围:market=CN、channel=official、sku=理想i8 Max 时间:2025-08-05~2025-08-06 ,类型:价格调整 阶段:effective 主体:理想汽车 对象:理想i8 动作:调整配置并重新定价 范围:market=CN、channel=official、sku=理想i8 MAX 时间:2025-08-05~2025-08-06 [p,0.95,,
89,pos,类型:financial_report 阶段:completed 主体:哔哩哔哩 对象:2026年第二季度财报 动作:公布第二季度财报 范围:market=CN、channel=official 时间:2026-08-27~2026-08-,类型:financial_report 阶段:completed 主体:哔哩哔哩 对象:2026年第二季度财报 动作:发布2026年第二季度财报 范围:market=CN、channel=official 时间:2026-08-27~202,0.98,,
90,pos,类型:policy_change 阶段:effective 主体:国家新闻出版署 对象:《明日方舟：终末地》 动作:获批国产网络游戏版号 范围:market=CN、channel=official、sku=《明日方舟：终末地》 时间:202,类型:policy_change 阶段:effective 主体:国家新闻出版署 对象:《明日方舟：终末地》 动作:批准游戏版号 范围:market=CN、channel=official、sku=《明日方舟：终末地》 时间:2024-08,0.94,,
91,pos,类型:policy_change 阶段:announced 主体:微信珊瑚安全 对象:《关于进一步规范人工智能生成合成内容标识的公告》 动作:发布规范AI生成合成内容标识的公告 范围:market=CN、channel=official 时,类型:policy_change 阶段:effective 主体:微信 对象:AI生成合成内容标识 动作:发布公告并实施标识提示 范围:market=CN、channel=official 时间:2025-08-31~2025-09-01 ,0.82,,
92,pos,类型:other 阶段:effective 主体:网易 对象:部分项目人员 动作:进行正常业务调整与人员汰换 范围:market=CN、channel=official 时间:2026-03-18~2026-03-19 [other] (2,类型:other 阶段:effective 主体:网易 对象:裁员传闻 动作:官方回应辟谣，称信息不实 范围:market=CN、channel=official 时间:2026-03-18~2026-03-19 [other] (2026,0.61,,
93,pos,类型:financial_report 阶段:announced 主体:理想汽车 对象:2025年第三季度财报 动作:发布三季度财报 范围:market=CN、channel=official 时间:2025-11-26~2025-11-2,类型:financial_report 阶段:announced 主体:理想汽车 对象:2025年第三季度财报 动作:公布未经审计财务业绩 范围:market=CN、channel=official 时间:2025-11-26~2025-1,0.95,,
94,pos,类型:expansion 阶段:announced 主体:广汽集团 对象:总部 动作:总部办公地址搬迁至广州市番禺区 范围:market=CN、channel=official、location=广州市番禺区 时间:2024-10-26~2,类型:expansion 阶段:announced 主体:广汽集团 对象:总部办公地址 动作:总部办公地址搬迁至广州市番禺区 范围:market=CN、channel=official、location=广州市番禺区 时间:2024-10-,0.84,,
95,pos,类型:产品发布 阶段:announced 主体:比亚迪 对象:第二代刀片电池、闪充技术 动作:发布第二代刀片电池及闪充技术 范围:market=CN、channel=official 时间:2026-03-01~2026-04-01 [pr,类型:产品发布 阶段:effective 主体:比亚迪 对象:第二代刀片电池、闪充技术 动作:发布第二代刀片电池及闪充技术 范围:market=CN、channel=official、sku=第二代刀片电池、location=深圳大运中心体,0.71,,
96,pos,类型:policy_change 阶段:announced 主体:广汽集团 对象:“智行2027”行动计划 动作:发布“智行2027”行动计划 范围:market=CN、channel=beijing_auto_show、location=,类型:policy_change 阶段:announced 主体:广汽集团 对象:智能2027行动计划 动作:发布“智能2027”行动计划 范围:market=CN、channel=official、location=北京 时间:2024-,0.7,,
97,pos,类型:产品发布 阶段:effective 主体:广汽、Lucky Motor Corporation 对象:四款重磅车型 动作:发布四款重磅车型 范围:market=PK、channel=official、sku=四款重磅车型、locati,类型:产品发布 阶段:completed 主体:广汽 对象:四款车型 动作:四款车型同步亮相 范围:market=PK、channel=official、sku=四款车型、location=卡拉奇 时间:2026-05-20~2026-05,0.8,,
98,pos,类型:产品发布 阶段:effective 主体:理想汽车 对象:理想i6 动作:正式上市 范围:market=CN、channel=official、sku=理想i6 时间:2025-09-26~2025-09-27 [product_la,类型:产品发布 阶段:effective 主体:理想汽车 对象:理想i6 动作:发布新形态五座SUV 范围:market=CN、channel=official、sku=理想i6 时间:2025-09-26~2025-09-27 [prod,0.92,,
99,pos,类型:产品发布 阶段:announced 主体:OPPO、刘作虎 对象:OPPO Find X9、OPPO Find X9 Pro 动作:正式发布新一代旗舰机型 范围:market=CN、channel=official、sku=OPPO ,类型:产品发布 阶段:completed 主体:OPPO 对象:OPPO Find X9 系列 动作:正式发布 范围:market=CN、channel=official、sku=OPPO Find X9 系列 时间:2025-10-16~,0.95,,
100,pos,类型:policy_change 阶段:announced 主体:百度 对象:股息政策 动作:首次采纳股息政策 范围:market=CN、channel=official 时间:2026-02-05~2026-02-06 [policy_c,类型:policy_change 阶段:announced 主体:百度 对象:股息政策 动作:首次推出股息政策 范围:market=CN、channel=official 时间:2026-02-26~2026-02-27 [policy_c,0.18,,
101,pos,类型:sales_report 阶段:completed 主体:极氪 对象:极氪 动作:公布上半年销量及客单价 范围:market=CN、channel=official 时间:2026-08-17~2026-08-18 [sales_re,类型:sales_report 阶段:completed 主体:极氪 对象:极氪 动作:公布上半年累计销量 范围:market=CN 时间:2026-01-01~2026-06-30 [sales_report] (2026-01-01T0,0.58,,
102,pos,类型:investment 阶段:completed 主体:智己汽车、中银资产 对象:智己汽车 动作:获得B轮股权融资 范围:market=CN 时间:2024-03-01~2024-03-02 [investment] (2024-03-,类型:investment 阶段:completed 主体:中银资产、农银投资、临港集团、宁德时代、Momenta、清陶能源、上汽集团、工银投资、交银投资 对象:智己汽车 动作:宣布成功获得超80亿元的B轮股权融资 范围:market=CN,0.78,,
103,pos,类型:financial_report 阶段:completed 主体:联想集团 对象:2025/26财年第三财季业绩 动作:公布季度业绩 范围:market=CN、channel=official 时间:2026-02-12~2026-0,类型:financial_report 阶段:announced 主体:联想集团 对象:2025/26财年第三季度未经审核业绩 动作:披露财报 范围:market=CN、channel=official 时间:2026-02-13~2026,0.81,,
104,pos,类型:other 阶段:completed 主体:美团 对象:即时零售订单 动作:订单量突破1.2亿单 范围:market=CN、channel=platform、sku=即时零售 时间:2025-07-05~2025-07-06 [oth,类型:sales_report 阶段:completed 主体:美团 对象:即时零售订单 动作:披露即时零售订单量突破1.2亿 范围:market=CN、channel=official、sku=即时零售 时间:2025-07-05~202,0.94,,
105,pos,类型:产品发布 阶段:planned 主体:哔哩哔哩、陈奕迅 对象:《FEAR and DREAMS: NOW is the only reality》 动作:独家上线巡演纪录片并直播陪看 范围:market=CN、channel=B站、s,类型:产品发布 阶段:effective 主体:哔哩哔哩 对象:陈奕迅巡演纪录片《FEAR and DREAMS: NOW is the only reality》、《FEAR and DREAMS演唱会》全程回顾 动作:独家上线纪录片及演,0.79,,
106,pos,类型:financial_report 阶段:completed 主体:美团 对象:2024年二季度及半年财报 动作:公布财报 范围:market=CN、channel=official 时间:2024-08-28~2024-08-29 [,类型:financial_report 阶段:completed 主体:美团 对象:Q2财报 动作:发布二季度财报 范围:market=CN、channel=official 时间:2024-08-27~2024-08-28 [financ,0.72,,
107,pos,类型:合作签约 阶段:effective 主体:广汽集团、华为 对象:智能汽车战略合作 动作:签署深化合作协议 范围:market=CN、channel=official、location=广州白云国际会议中心 时间:2024-11-30~,类型:合作签约 阶段:effective 主体:广汽、华为 对象:智能汽车战略合作 动作:签订战略合作协议 范围:market=CN、channel=official 时间:2024-11-30~2024-12-01 [partnershi,0.97,,
108,pos,"类型:sales_report 阶段:completed 主体:蔚来 对象:全新ES8 动作:完成第110,000台新车交付 范围:market=CN、channel=official、sku=全新ES8、location=南京 时间:20","类型:sales_report 阶段:completed 主体:蔚来 对象:全新ES8 动作:完成第110,000台新车交付 范围:market=CN、channel=official、sku=全新ES8 时间:2026-05-23~202",0.97,,
109,pos,类型:financial_report 阶段:completed 主体:理想汽车 对象:第二季度业绩 动作:公布第二季度业绩 范围:market=CN、channel=official 时间:2024-08-28~2024-08-29 [f,类型:financial_report 阶段:completed 主体:理想汽车 对象:2024年第二季度业绩报 动作:发布2024年第二季度业绩报 范围:market=CN、channel=official 时间:2024-08-29~2,0.8,,
110,pos,类型:investment 阶段:announced 主体:广汽集团 对象:A股和H股股票 动作:宣布拟回购A股和H股股票 范围:market=CN、channel=official 时间:2024-03-28~2024-03-29 [in,类型:investment 阶段:planned 主体:广汽集团 对象:A股、H股股票 动作:计划开展股票回购 范围:market=CN、channel=official 时间:2024-03-29~2024-03-30 [investme,0.72,,
111,pos,类型:sales_report 阶段:completed 主体:小米汽车 对象:小米汽车 动作:公布2025全年交付量 范围:market=CN 时间:2026-01-03~2026-01-04 [sales_report] (2026-0,类型:sales_report 阶段:completed 主体:小米汽车 对象:小米汽车 动作:全年交付411082辆 范围:market=CN 时间:2025-01-01~2025-12-31 [sales_report] (2025-0,0.55,,
112,pos,类型:sales_report 阶段:completed 主体:比亚迪 对象:新能源汽车 动作:全年累计销售302万辆 范围:market=Global、channel=official 时间:2023-01-01~2023-12-31 [,类型:sales_report 阶段:completed 主体:比亚迪 对象:比亚迪 动作:公布全年累计销量 范围:market=GLOBAL、channel=official 时间:2023-01-01~2023-12-31 [sales,0.93,,
113,pos,类型:产品发布 阶段:announced 主体:OPPO、刘作虎 对象:OPPO Find X9、OPPO Find X9 Pro 动作:正式发布新一代旗舰机型 范围:market=CN、channel=official、sku=OPPO ,类型:产品发布 阶段:effective 主体:OPPO 对象:OPPO Find X9 系列 动作:正式发布 范围:market=CN、channel=official、sku=Find X9 系列 时间:2025-10-16~2025-,0.95,,
114,pos,类型:sales_report 阶段:announced 主体:比亚迪 对象:新能源汽车 动作:披露2025年12月出口销量 范围:market=GLOBAL、channel=official、sku=新能源汽车 时间:2026-01-01,类型:sales_report 阶段:completed 主体:比亚迪 对象:新能源汽车 动作:发布2025年12月产销快报 范围:market=GLOBAL、channel=official、sku=新能源汽车 时间:2026-01-01,0.76,,
115,pos,类型:financial_report 阶段:completed 主体:哔哩哔哩 对象:2026年第一季度财务报告 动作:公布第一季度财务报告 范围:market=CN、channel=official 时间:2026-05-19~2026,类型:financial_report 阶段:completed 主体:B站 对象:2026年Q1财报 动作:公布2026年Q1财报 范围:market=CN、channel=official 时间:2026-05-19~2026-05-2,0.97,,
116,pos,类型:产品发布 阶段:effective 主体:理想汽车 对象:新一代理想MEGA 动作:正式发布并开启订购 范围:market=CN、channel=official、sku=Home版本 时间:2026-09-02~2026-09-03,类型:产品发布 阶段:effective 主体:理想汽车 对象:理想MEGA 动作:发布新一代理想MEGA 范围:market=CN、channel=official、sku=理想MEGA Home 时间:2026-09-02~2026-0,0.94,,
117,pos,类型:financial_report 阶段:completed 主体:美团 对象:2026年第二季度财报 动作:发布2026年第二季度财报 范围:market=CN、channel=official 时间:2026-08-29~2026-,类型:financial_report 阶段:completed 主体:美团 对象:美团二季度财报 动作:发布二季度财报 范围:market=CN、channel=official 时间:2026-08-31~2026-09-01 [fin,0.59,,
118,pos,类型:sales_report 阶段:completed 主体:上汽集团 对象:整车 动作:发布2025年上半年销量数据 范围:market=CN、channel=official、sku=整车 时间:2025-07-11~2025-07-,类型:sales_report 阶段:completed 主体:上汽集团 对象:整车 动作:完成整车批售与零售 范围:market=CN、channel=official、sku=整车 时间:2025-01-01~2025-06-30 [s,0.8,,
119,pos,类型:sales_report 阶段:completed 主体:蔚来汽车 对象:蔚来汽车 动作:发布6月及上半年交付数据 范围:market=CN、channel=official 时间:2024-07-01~2024-07-02 [sal,类型:sales_report 阶段:completed 主体:蔚来汽车 对象:蔚来汽车 动作:公布6月及二季度交付数据 范围:market=CN、channel=official、sku=全车型 时间:2024-07-01~2024-07,0.91,,
120,pos,类型:合作签约 阶段:effective 主体:小鹏汽车、大众汽车集团 对象:电子电气架构技术战略合作联合开发协议 动作:签订电子电气架构技术战略合作联合开发协议 范围:market=CN、channel=official 时间:2024-,类型:合作签约 阶段:announced 主体:小鹏汽车、大众汽车集团 对象:电子电气架构技术 动作:签订电子电气架构技术战略合作联合开发协议 范围:market=CN、channel=official 时间:2024-07-01~2024,0.79,,
121,pos,类型:financial_report 阶段:completed 主体:哔哩哔哩 对象:2026年第二季度财报 动作:发布2026年第二季度财报 范围:market=CN、channel=official 时间:2026-08-27~202,类型:financial_report 阶段:completed 主体:哔哩哔哩 对象:2026年第二季度财报 动作:公布第二季度财报 范围:market=CN、channel=official 时间:2026-08-27~2026-08-,0.98,,
122,pos,类型:market_entry 阶段:completed 主体:广汽埃安 对象:AION Y Plus 动作:首批500辆整车装船出口至印尼 范围:market=ID、channel=official、sku=AION Y Plus、loc,类型:market_entry 阶段:completed 主体:广汽埃安 对象:AION Y Plus 动作:首批500辆整车出口至印尼 范围:market=ID、channel=export、sku=AION Y Plus、locatio,0.95,,
123,pos,类型:other 阶段:effective 主体:江西省自然资源厅 对象:枧下窝锂矿项目用地预审与选址意见书 动作:注销用地预审与选址意见书 范围:market=CN、location=江西省、business_no=用字第36090020,类型:policy_change 阶段:completed 主体:江西省自然资源厅 对象:宜春时代新能源矿业有限公司 动作:注销原用地预审与选址意见书 范围:market=CN、channel=official、sku=枧下窝锂矿、loca,0.85,,
124,pos,类型:investment 阶段:completed 主体:京东 对象:逐际动力 动作:战略领投新一轮融资 范围:market=CN 时间:2025-07-21~2025-07-22 [investment] (2025-07-21T00:,类型:investment 阶段:announced 主体:京东 对象:逐际动力 动作:战略领投新一轮融资 范围:market=CN、channel=official 时间:2025-07-21~2025-07-22 [investment,0.96,,
125,pos,类型:financial_report 阶段:completed 主体:网易 对象:2025年第四季度财报 动作:发布2025年第四季度及全年财务业绩 范围:market=CN、channel=official 时间:2026-02-11~,类型:financial_report 阶段:completed 主体:网易 对象:2025年第四季度及2025财政年度未经审计财务业绩报告 动作:发布财务业绩报告 范围:market=CN、channel=official 时间:2026,0.97,,
126,pos,类型:other 阶段:completed 主体:荣耀 对象:内部员工持股会议 动作:召开内部员工持股会议并回应IPO传闻 范围:market=CN、channel=internal 时间:2026-05-01~2026-06-01 [ot,类型:other 阶段:completed 主体:荣耀 对象:IPO终止传闻 动作:否认IPO终止传闻 范围:market=CN、channel=internal 时间:2026-05-01~2026-05-31 [other] (2026,0.75,,
127,pos,类型:产品发布 阶段:planned 主体:上汽集团、华为 对象:尚界 动作:计划推出尚界品牌首款车型 范围:market=CN、channel=official、sku=尚界首款车型 时间:2025-10-01~2025-12-31 [p,类型:产品发布 阶段:planned 主体:SAIC尚界 对象:尚界首款车型 动作:计划发布首款车型 范围:market=CN、channel=official、sku=尚界首款车型 时间:2025-01-01~2025-12-31 [pr,0.54,,
128,pos,类型:产品发布 阶段:announced 主体:京东 对象:七鲜大厨 动作:发布全新业务七鲜大厨 范围:market=CN、channel=official、sku=七鲜大厨 时间:2026-09-16~2026-09-17 [produc,类型:产品发布 阶段:announced 主体:京东 对象:七鲜大厨 动作:官宣本地生活全新业务 范围:market=CN、channel=official、sku=七鲜大厨 时间:2026-09-16~2026-09-17 [produc,0.96,,
129,pos,类型:other 阶段:completed 主体:中国软件行业协会、联想 对象:AI终端智能体创新专业委员会 动作:见证AI终端智能体创新专业委员会成立 范围:market=CN、channel=official、location=北京 时,类型:合作签约 阶段:completed 主体:联想、中国软件行业协会 对象:AI终端智能体创新专业委员会 动作:共同发起成立AI终端智能体创新专业委员会 范围:market=CN、channel=official 时间:2024-12-2,0.86,,
130,pos,类型:产品发布 阶段:effective 主体:联想百应 对象:百应AI3.0 动作:发布百应AI3.0 范围:market=CN、channel=official、sku=百应AI3.0、location=成都 时间:2026-05-27,类型:产品发布 阶段:effective 主体:联想 对象:百应AI3.0 动作:正式发布百应AI3.0 范围:market=CN、channel=official、sku=百应AI3.0 时间:2026-05-27~2026-05-28 ,0.91,,
131,pos,类型:产品发布 阶段:effective 主体:科大讯飞 对象:星火X2大模型 动作:正式发布星火X2大模型 范围:market=CN、channel=official、sku=星火X2 时间:2026-02-11~2026-02-12 [,类型:产品发布 阶段:effective 主体:科大讯飞 对象:星火X2大模型 动作:发布星火X2大模型 范围:market=CN、channel=official、sku=星火X2 时间:2026-02-11~2026-02-12 [pr,0.98,,
132,pos,类型:other 阶段:effective 主体:哔哩哔哩 对象:build in bilibili · AI创造公开赛 动作:启动AI创造公开赛征集作品 范围:market=CN、channel=online 时间:2026-06-01~,类型:other 阶段:effective 主体:哔哩哔哩 对象:AI创造公开赛 动作:启动AI创造公开赛 范围:market=CN、channel=official 时间:2026-06-01~2026-07-01 [other] (20,0.88,,
133,pos,类型:financial_report 阶段:completed 主体:美团 对象:2026年第二季度财报 动作:发布2026年第二季度财报 范围:market=CN、channel=official 时间:2026-08-28~2026-,类型:financial_report 阶段:completed 主体:美团 对象:美团二季度财报 动作:发布二季度财报 范围:market=CN、channel=official 时间:2026-08-31~2026-09-01 [fin,0.43,,
134,pos,类型:人事变动 阶段:effective 主体:魏思琪、小米 对象:小米中国区市场部总经理 动作:接替王腾担任小米中国区市场部总经理 范围:market=CN、channel=official 时间:2025-10-17~2025-10-1,类型:人事变动 阶段:announced 主体:许斐、小米 对象:魏思琪 动作:宣布魏思琪成为新任中国区市场部总经理 范围:market=CN、channel=internal_meeting 时间:2025-10-01~2025-10-3,0.73,,
135,pos,类型:expansion 阶段:completed 主体:百度 对象:昆仑芯P800三万卡集群 动作:点亮昆仑芯P800三万卡集群 范围:market=CN、channel=official、sku=昆仑芯P800、location=湖北武,类型:expansion 阶段:completed 主体:百度 对象:昆仑芯P800集群 动作:点亮全自研3万卡集群 范围:market=CN、sku=昆仑芯P800 时间:2025-04-01~2025-05-01 [expansion],0.87,,
136,pos,类型:market_entry 阶段:completed 主体:小鹏汽车 对象:小鹏X9右舵版 动作:在新加坡车展全球首发亮相 范围:market=SG、channel=auto_show、sku=小鹏X9右舵版、location=新加坡 ,类型:产品发布 阶段:announced 主体:小鹏汽车 对象:小鹏X9右舵版 动作:全球首发亮相 范围:market=SG、channel=official、sku=小鹏X9右舵版、location=新加坡车展 时间:2025-01-01,0.89,,
137,pos,类型:产品发布 阶段:announced 主体:余承东 对象:HarmonyOS 6 动作:官宣HarmonyOS 6启动开发者Beta 范围:market=CN、channel=official、sku=HarmonyOS 6、locat,类型:产品发布 阶段:completed 主体:华为 对象:HarmonyOS 6 动作:首次发布并启动开发者Beta 范围:market=CN、channel=official、sku=HarmonyOS 6 时间:2025-06-20~,0.88,,
138,pos,类型:legal_action 阶段:announced 主体:汉王科技 对象:熵基科技股份有限公司、厦门熵基科技有限公司、北京京东世纪信息技术有限公司 动作:就人脸识别专利侵权提起诉讼 范围:market=CN、channel=court,类型:legal_action 阶段:announced 主体:汉王科技 对象:熵基科技、京东世纪、厦门熵基 动作:提起专利侵权诉讼 范围:market=CN、channel=court、sku=IFACE102/302/702/702-P,0.96,,
139,pos,类型:价格调整 阶段:effective 主体:理想汽车 对象:理想i8 动作:调整配置并重新定价 范围:market=CN、channel=official、sku=理想i8 MAX 时间:2025-08-05~2025-08-06 [p,类型:policy_change 阶段:completed 主体:理想汽车 对象:理想i8 动作:调整配置版本 范围:market=CN、channel=official、sku=理想i8 Max 时间:2025-08-05~2025-08,0.65,,
140,pos,类型:incident 阶段:completed 主体:理想MEGA 对象:理想MEGA 动作:行驶中起火 范围:market=CN、sku=理想MEGA、location=上海市徐汇区 时间:2025-10-23~2025-10-24 [,类型:incident 阶段:completed 主体:理想MEGA 对象:理想MEGA 动作:突发自燃 范围:market=CN、sku=理想MEGA、location=上海市 时间:2025-10-23~2025-10-24 [inci,0.94,,
141,pos,类型:产品发布 阶段:effective 主体:小米 对象:小米SU7 动作:上市 范围:market=CN、channel=official、sku=小米SU7 时间:时间未知 [product_launch] (?~?) 证据“随着起售,类型:产品发布 阶段:completed 主体:小米 对象:小米SU7 动作:正式上市 范围:market=CN、channel=official、sku=小米SU7 时间:2024-03-28~2024-03-29 [product_la,0.76,,
142,pos,类型:产品发布 阶段:effective 主体:小鹏汽车 对象:小鹏P7+超长续航Max旗舰版 动作:正式上市 范围:market=CN、channel=official、sku=小鹏P7+超长续航Max旗舰版、location=上海 时间,类型:产品发布 阶段:effective 主体:小鹏汽车 对象:小鹏P7+超长续航Max旗舰版 动作:正式上市 范围:market=CN、channel=official、sku=小鹏P7+超长续航Max旗舰版、location=上海 时间,0.92,,
143,pos,类型:产品发布 阶段:completed 主体:快手 对象:可灵AI 动作:发布可灵AI 范围:market=CN、channel=official、sku=可灵AI 时间:2024-06-01~2024-07-01 [product_la,类型:产品发布 阶段:completed 主体:快手 对象:可灵AI 动作:正式推出可灵AI 范围:market=CN、channel=official、sku=可灵AI 时间:2024-06-01~2024-07-01 [product_,0.96,,
144,pos,类型:产品发布 阶段:effective 主体:蔚来公司 对象:全新ES8 动作:正式上市 范围:market=CN、channel=official、sku=全新ES8、location=杭州大会展中心 时间:2025-09-20~202,类型:产品发布 阶段:completed 主体:蔚来 对象:全新ES8 动作:NIO Day上市 范围:market=CN、channel=official、sku=全新ES8 时间:2025-09-20~2025-09-21 [produ,0.96,,
145,pos,类型:expansion 阶段:planned 主体:广汽集团总部 对象:番禺汽车城 动作:整体搬迁至番禺汽车城 范围:market=CN、channel=official、location=番禺汽车城 时间:2024-11-02~2024,类型:expansion 阶段:planned 主体:广汽集团 对象:总部办公地址 动作:搬迁总部办公地址 范围:market=CN、channel=official、location=广州市番禺区 时间:2024-11-02~2024-1,0.92,,
146,pos,类型:合作签约 阶段:announced 主体:苹果、阿里巴巴 对象:AI功能 动作:开发AI功能 范围:market=CN、channel=official、sku=iPhone 时间:2025-02-11~2025-02-12 [par,类型:合作签约 阶段:announced 主体:苹果、阿里巴巴 对象:AI功能 动作:合作开发AI功能 范围:market=CN、channel=official、sku=iPhone 时间:2025-02-11~2025-02-12 [p,0.97,,
147,pos,类型:人事变动 阶段:effective 主体:上汽集团 对象:王晓秋 动作:接任董事长 范围:market=CN、channel=official 时间:2024-07-10~2024-07-11 [executive_change] (,类型:人事变动 阶段:effective 主体:上汽集团、王晓秋 对象:上汽集团 动作:任命王晓秋为上汽集团董事长 范围:market=CN、channel=official 时间:2024-07-10~2024-07-11 [execut,0.94,,
148,pos,类型:financial_report 阶段:announced 主体:广汽集团 对象:2025年年度业绩预告 动作:发布年度业绩预告 范围:market=CN、channel=official 时间:2026-01-30~2026-01-,类型:financial_report 阶段:announced 主体:广汽集团 对象:2025年度业绩预告 动作:发布2025年度业绩预告 范围:market=CN、channel=official 时间:2026-01-30~2026-,0.97,,
149,pos,类型:sales_report 阶段:completed 主体:特斯拉 对象:电动车 动作:公布2025年全球交付量 范围:market=GLOBAL、channel=delivery、sku=电动车、location=全球 时间:2025,类型:sales_report 阶段:completed 主体:特斯拉 对象:电动车 动作:全球交付 范围:market=GLOBAL、channel=official、sku=电动车、location=全球 时间:2025-01-01~2,0.96,,
150,pos,类型:sales_report 阶段:completed 主体:比亚迪 对象:第1000万辆新能源汽车 动作:达成第1000万辆新能源汽车下线 范围:market=CN、channel=official、sku=新能源汽车、location,类型:sales_report 阶段:completed 主体:比亚迪 对象:第1000万辆新能源汽车 动作:第1000万辆新能源汽车下线 范围:market=CN、channel=official、sku=新能源汽车、location=北,0.84,,
151,pos,类型:产品发布 阶段:planned 主体:启境 对象:启境GT7 动作:亮相北京车展 范围:market=CN、channel=exhibition、sku=启境GT7、location=北京 时间:2026-04-01~2026-04-,类型:产品发布 阶段:planned 主体:启境 对象:启境GT7 动作:首次登陆北京车展并同步亮相启境GT7 范围:market=CN、channel=exhibition、sku=启境GT7、location=2026北京车展W3馆 时,0.49,,
152,pos,类型:产品发布 阶段:announced 主体:小鹏汽车 对象:AI天玑系统 动作:宣布面向用户全量推送AI天玑系统 范围:market=CN、channel=official、sku=所有在售车型 时间:2024-05-20~2024-0,类型:产品发布 阶段:completed 主体:小鹏汽车 对象:端到端大模型、人工智能天玑系统 动作:宣布端到端大模型量产上车，并面向用户全量推送人工智能天玑系统 范围:market=CN、channel=official 时间:2024-,0.74,,
153,pos,类型:产品发布 阶段:announced 主体:广汽领程 对象:GAC PICKUP 01 动作:发布皮卡概念车 范围:market=CN、channel=official、sku=GAC PICKUP 01、location=上海 时间:,类型:产品发布 阶段:announced 主体:广汽领程 对象:GACPICKUP01 动作:发布皮卡概念车 范围:market=CN、channel=official、sku=GACPICKUP01、location=上海车展 时间:20,0.91,,
154,pos,类型:合作签约 阶段:announced 主体:vivo、周杰伦 对象:vivo 影像大使 动作:官宣周杰伦成为 vivo 影像大使 范围:market=CN、channel=official 时间:2026-09-10~2026-09-1,类型:合作签约 阶段:announced 主体:vivo 对象:周杰伦 动作:官宣周杰伦成为 vivo 影像大使 范围:market=CN、channel=official 时间:2026-09-10~2026-09-11 [partner,0.97,,
155,pos,类型:人事变动 阶段:rumored 主体:理想汽车 对象:部分关键岗位的被裁员工 动作:召回部分被裁员工 范围:market=CN、channel=internal 时间:2024-06-01~2024-06-06 [executive_,类型:人事变动 阶段:effective 主体:理想汽车 对象:部分关键岗位被裁员工 动作:召回部分被裁员工 范围:market=CN、channel=internal 时间:2024-05-01~2024-06-07 [executive,0.79,,
156,pos,类型:legal_action 阶段:completed 主体:国家市场监督管理总局 对象:京东 动作:对京东处以罚款 范围:market=CN 时间:2026-01-01~2026-03-31 [legal_action] (2026-0,类型:legal_action 阶段:effective 主体:国家市场监督管理总局 对象:京东 动作:确认罚款 范围:market=CN 时间:2026-03-01~2026-03-31 [legal_action] (2026-03-0,0.57,,
157,pos,类型:financial_report 阶段:completed 主体:广汽集团 对象:2025年年报 动作:发布2025年年报 范围:market=CN、channel=official 时间:2026-03-27~2026-03-28 ,类型:financial_report 阶段:announced 主体:广汽集团 对象:2025年业绩报告 动作:发布2025年业绩报告 范围:market=CN、channel=official 时间:2026-03-27~2026-03,0.92,,
158,pos,类型:financial_report 阶段:announced 主体:广汽集团 对象:2025年第三季度报告 动作:发布2025年第三季度报告 范围:market=CN、channel=official 时间:2025-10-24~202,类型:financial_report 阶段:completed 主体:广汽集团 对象:2025年第三季度报告 动作:披露2025年第三季度报告 范围:market=CN、channel=official 时间:2025-10-24~202,0.96,,
159,pos,类型:合作签约 阶段:completed 主体:广汽日野、相关方 对象:广汽集团物流体系1500台氢能物流用车 动作:签署战略合作协议 范围:market=CN、sku=氢能物流用车 时间:2023-12-01~2023-12-31 [pa,类型:合作签约 阶段:completed 主体:广汽日野 对象:广汽集团物流体系 动作:签署氢能物流用车战略合作协议 范围:market=CN、channel=official、sku=氢能物流用车 时间:2023-12-01~2023-1,0.94,,
160,pos,类型:sales_report 阶段:completed 主体:特斯拉 对象:汽车 动作:公布第二季度销量 范围:market=GLOBAL、channel=official、sku=Q2 时间:2025-07-02~2025-07-03 ,类型:sales_report 阶段:completed 主体:特斯拉 对象:2025年第二季度交付数据 动作:公布2025年第二季度交付数据 范围:market=GLOBAL、channel=official 时间:2025-07-02~,0.94,,
161,pos,类型:financial_report 阶段:completed 主体:吉利汽车 对象:2026年第一季度财报 动作:发布财报 范围:market=CN、channel=official 时间:2026-04-29~2026-04-30 [,类型:financial_report 阶段:completed 主体:吉利汽车 对象:2026年第一季度财报 动作:发布2026年第一季度财报 范围:market=CN、channel=official 时间:2026-04-29~202,0.97,,
162,pos,类型:产品发布 阶段:announced 主体:比亚迪 对象:第二代刀片电池、闪充技术 动作:发布第二代刀片电池及闪充技术 范围:market=CN、channel=official 时间:2026-03-01~2026-04-01 [pr,类型:产品发布 阶段:completed 主体:比亚迪 对象:第二代刀片电池、闪充技术 动作:发布新技术 范围:market=CN 时间:2026-03-05~2026-03-06 [product_launch] (2026-03-05T,0.77,,
163,pos,"类型:sales_report 阶段:completed 主体:蔚来 对象:全新ES8 动作:2025年12月零售销量达22,258台 范围:market=CN、channel=retail、sku=全新ES8 时间:2025-12-01~","类型:sales_report 阶段:completed 主体:蔚来 对象:全新ES8 动作:零售销量达22,258台并斩获多项销量冠军 范围:market=CN、channel=retail、sku=全新ES8 时间:2025-12-01",0.96,,
164,pos,类型:financial_report 阶段:completed 主体:联想集团 对象:2025/2026财年第三财季业绩 动作:发布季度业绩 范围:market=CN、channel=official 时间:2026-02-12~2026,类型:financial_report 阶段:announced 主体:联想集团 对象:2025/26财年第三季度未经审核业绩 动作:披露财报 范围:market=CN、channel=official 时间:2026-02-13~2026,0.76,,
165,pos,类型:legal_action 阶段:announced 主体:完美世界 对象:百万工作室、青云工作室、硬核工作室 动作:发布内部公告针对反腐调查并报案 范围:market=CN、channel=internal_announcement ,类型:legal_action 阶段:announced 主体:完美世界 对象:8名在职及已离职人员 动作:发布反贪腐调查公告并向公安机关报案 范围:market=CN、channel=internal 时间:2025-07-01~2025,0.92,,
166,pos,类型:financial_report 阶段:announced 主体:广汽集团 对象:2026年第一季度报告 动作:发布2026年第一季度报告 范围:market=CN、channel=official 时间:2026-04-29~202,类型:financial_report 阶段:completed 主体:广汽集团 对象:2026年第一季度报告 动作:发布2026年第一季度报告 范围:market=CN、channel=official 时间:2026-04-30~202,0.84,,
167,pos,类型:other 阶段:planned 主体:理想汽车 对象:无图NOA 动作:向全量AD Max用户推送无图NOA 范围:market=CN、channel=official、sku=AD Max 时间:2024-07-01~2024-0,类型:产品发布 阶段:completed 主体:理想汽车 对象:无图NOA 动作:推送无图NOA功能 范围:market=CN、channel=ota、sku=AD Max 时间:2024-07-01~2024-08-01 [product,0.6,,
168,pos,类型:产品发布 阶段:effective 主体:荣耀 对象:荣耀Magic7系列 动作:正式发布 范围:market=CN、channel=official、sku=荣耀Magic7系列、location=深圳 时间:2024-10-30~,类型:产品发布 阶段:completed 主体:荣耀 对象:荣耀Magic7系列 动作:正式发布年度旗舰机型 范围:market=CN、channel=official、sku=荣耀Magic7系列、location=深圳 时间:2024-,0.97,,
169,pos,类型:investment 阶段:announced 主体:广汽集团 对象:中期股息 动作:拟派发中期股息 范围:market=CN、channel=official 时间:2024-08-30~2024-08-31 [investment,类型:investment 阶段:planned 主体:广汽集团 对象:中期现金股利 动作:拟派发中期现金股利 范围:market=CN、channel=official 时间:2024-08-30~2024-08-31 [investme,0.92,,
170,pos,类型:expansion 阶段:announced 主体:广汽集团 对象:总部办公地址 动作:总部办公地址搬迁至广州市番禺区 范围:market=CN、channel=official、location=广州市番禺区 时间:2024-10-,类型:expansion 阶段:announced 主体:广汽集团 对象:广汽集团总部 动作:宣布总部搬迁至番禺汽车城 范围:market=CN、channel=official、location=广州市番禺区 时间:2024-10-25~,0.79,,
171,pos,类型:financial_report 阶段:completed 主体:京东 对象:2024年第二季度财报 动作:发布第二季度财报并召开电话会 范围:market=CN、channel=official 时间:2024-08-15~2024,类型:financial_report 阶段:completed 主体:京东 对象:二季度财报 动作:公布二季度财报 范围:market=CN、channel=official 时间:2024-08-15~2024-08-16 [finan,0.96,,
172,pos,类型:policy_change 阶段:announced 主体:广汽集团 对象:“智行2027”行动计划 动作:发布行动计划 范围:market=CN、channel=official 时间:2024-04-01~2024-04-30 [,类型:policy_change 阶段:announced 主体:广汽集团 对象:智能2027行动计划 动作:发布“智能2027”行动计划 范围:market=CN、channel=official、location=北京 时间:2024-,0.47,,
173,pos,类型:产品发布 阶段:planned 主体:苹果 对象:Vision Pro 动作:国行版正式开售 范围:market=CN、channel=official、sku=Vision Pro 时间:2024-06-28~2024-06-29 ,类型:market_entry 阶段:effective 主体:苹果 对象:Vision Pro 动作:国行版正式开售 范围:market=CN、channel=official、sku=Vision Pro、location=中国大陆 时,0.94,,
174,pos,类型:sales_report 阶段:completed 主体:上汽集团 对象:整车 动作:公布2026年上半年累计销量 范围:market=CN、channel=official、sku=整车 时间:2026-07-01~2026-07-,类型:sales_report 阶段:completed 主体:上汽集团 对象:整车 动作:累计销售整车204.5万辆 范围:market=CN、channel=official 时间:2026-01-01~2026-06-30 [sale,0.67,,
175,pos,类型:产品发布 阶段:planned 主体:广汽集团 对象:全固态动力电池、昊铂车型 动作:预计装车搭载全固态电池 范围:market=CN、channel=official、sku=昊铂车型 时间:2026-01-01~2026-12-3,类型:other 阶段:planned 主体:广汽集团 对象:昊铂、全固态电池 动作:计划打造全固态电池 范围:market=CN、channel=official、sku=昊铂车型 时间:2026-01-01~2026-12-31 [ot,0.49,,
176,pos,类型:产品发布 阶段:announced 主体:B站 对象:43部国创作品 动作:公布43部国创作品 范围:market=CN、channel=official、sku=43部国创作品 时间:2024-12-21~2024-12-22 [p,类型:产品发布 阶段:announced 主体:哔哩哔哩 对象:43部国创作品 动作:举办国创动画作品发布会并公布43部作品 范围:market=CN、channel=official 时间:2024-12-21~2024-12-22 [p,0.95,,
177,pos,类型:产品发布 阶段:announced 主体:B站 对象:《三国：百将牌》 动作:首曝并开启预约 范围:market=CN、channel=official、sku=《三国：百将牌》 时间:2025-09-10~2025-09-11 [p,类型:产品发布 阶段:announced 主体:B站 对象:《三国：百将牌》 动作:首曝游戏并宣布开启测试 范围:market=CN、channel=official、sku=《三国：百将牌》 时间:2025-09-10~2025-09-1,0.96,,
178,pos,类型:产品发布 阶段:effective 主体:理想 对象:理想MEGA 动作:新一代理想MEGA正式上市 范围:market=CN、channel=official、sku=MEGA Home 时间:2026-09-02~2026-09-,类型:产品发布 阶段:effective 主体:理想汽车 对象:理想MEGA 动作:发布新一代理想MEGA 范围:market=CN、channel=official、sku=MEGA Home 时间:2026-09-02~2026-09-,0.95,,
179,pos,类型:产品发布 阶段:completed 主体:小鹏汽车 对象:小鹏P7+ 动作:全球首秀亮相 范围:market=GLOBAL、channel=official、sku=小鹏P7+、location=深圳 时间:2024-10-10~20,类型:产品发布 阶段:announced 主体:小鹏汽车 对象:小鹏P7+ 动作:举办全球首秀 范围:market=GLOBAL、channel=official、sku=小鹏P7+、location=深圳 时间:2024-10-10~20,0.95,,
180,pos,类型:investment 阶段:completed 主体:腾讯控股 对象:腾讯控股股票 动作:执行股票回购 范围:market=HK、channel=official 时间:2024-01-01~2024-03-27 [investmen,类型:investment 阶段:completed 主体:腾讯控股 对象:腾讯控股股票 动作:实施股票回购 范围:market=HK、channel=official 时间:2024-01-01~2024-07-28 [investmen,0.39,,
181,pos,类型:产品发布 阶段:completed 主体:快手 对象:可灵AI 动作:发布视频生成大模型 范围:market=CN、channel=official 时间:2024-06-06~2024-06-07 [product_launch] ,类型:产品发布 阶段:completed 主体:快手 对象:可灵AI 动作:正式推出可灵AI 范围:market=CN、channel=official、sku=可灵AI 时间:2024-06-01~2024-07-01 [product_,0.69,,
182,pos,类型:sales_report 阶段:completed 主体:奇瑞控股集团有限公司 对象:汽车 动作:累计销量突破2000万辆 范围:market=GLOBAL、channel=official、sku=all 时间:2026-07-25,类型:sales_report 阶段:completed 主体:奇瑞集团 对象:全球累计销量 动作:全球累计销量突破2000万辆 范围:market=GLOBAL、channel=official 时间:2026-07-25~2026-07,0.95,,
183,pos,类型:financial_report 阶段:completed 主体:吉利汽车 对象:2026年第一季度业绩报告 动作:公布2026年第一季度业绩报告 范围:market=CN、channel=official 时间:2026-04-29,类型:financial_report 阶段:announced 主体:吉利汽车 对象:2026年第一季度业绩 动作:发布一季度业绩 范围:market=CN、channel=official 时间:2026-04-29~2026-04-3,0.94,,
184,pos,类型:sales_report 阶段:completed 主体:吉利汽车 对象:汽车 动作:披露2025年上半年产销数据 范围:market=CN、channel=official、sku=汽车 时间:2025-07-01~2025-07-,类型:sales_report 阶段:completed 主体:吉利汽车 对象:汽车 动作:公布上半年累计销量 范围:market=CN 时间:2025-01-01~2025-06-30 [sales_report] (2025-01-01,0.57,,
185,pos,类型:产品发布 阶段:effective 主体:理想汽车 对象:理想L6智能焕新版 动作:发布理想L6智能焕新版 范围:market=CN、channel=official、sku=理想L6智能焕新版 时间:2025-04-23~2025-,类型:产品发布 阶段:effective 主体:理想汽车 对象:理想L6智能焕新版 动作:同步上市 范围:market=CN、channel=official、sku=理想L6智能焕新版 时间:2025-04-23~2025-04-24 [,0.83,,
186,pos,类型:产品发布 阶段:effective 主体:蔚来 对象:ET9地平线特别版 动作:正式上市 范围:market=CN、channel=official、sku=ET9地平线特别版、location=杭州 时间:2025-09-20~20,类型:产品发布 阶段:effective 主体:蔚来公司 对象:ET9地平线特别版 动作:同步上市 范围:market=CN、channel=official、sku=ET9地平线特别版、location=杭州大会展中心 时间:2025-0,0.95,,
187,pos,类型:policy_change 阶段:announced 主体:网易 对象:Zen事业部、阴阳师事业部 动作:将Zen事业部正式更名为阴阳师事业部 范围:market=CN、channel=internal 时间:2025-04-08~2,类型:policy_change 阶段:announced 主体:网易、金韬 对象:Zen事业部、阴阳师事业部 动作:事业部更名及负责人调整 范围:market=CN、channel=internal 时间:2025-04-08~2025-,0.58,,
188,pos,类型:价格调整 阶段:effective 主体:特斯拉 对象:Model 3长续航后轮驱动版 动作:下调官方指导价 范围:market=CN、channel=official、sku=Model 3长续航后轮驱动版 时间:2025-09-0,类型:价格调整 阶段:announced 主体:特斯拉 对象:Model 3长续航后轮驱动版 动作:降价1万元 范围:market=CN、channel=official、sku=Model 3长续航后轮驱动版 时间:2025-09-01~,0.96,,
189,pos,类型:产品发布 阶段:effective 主体:尊界 对象:尊界S800 动作:正式上市 范围:market=CN、channel=official、sku=尊界S800 时间:2025-05-30~2025-05-31 [product_,类型:产品发布 阶段:completed 主体:江淮、华为 对象:尊界S800 动作:正式上市 范围:market=CN、channel=official、sku=尊界S800、location=深圳国际会展中心 时间:2025-05-30,0.92,,
190,pos,类型:合作签约 阶段:announced 主体:苹果、阿里巴巴 对象:AI功能 动作:开发AI功能 范围:market=CN、channel=official、sku=iPhone 时间:2025-02-11~2025-02-12 [par,类型:合作签约 阶段:announced 主体:苹果、阿里巴巴 对象:AI功能 动作:合作开发AI功能 范围:market=CN、channel=official、sku=iPhone 时间:2025-02-11~2025-02-12 [p,0.97,,
191,pos,类型:financial_report 阶段:announced 主体:科大讯飞 对象:2025年净利润 动作:发布2025年业绩预告 范围:market=CN、channel=official、business_no=002230.SZ ,类型:financial_report 阶段:announced 主体:科大讯飞 对象:2026年第一季度财报 动作:发布第一季度财报 范围:market=CN、channel=official、business_no=002230.SZ ,0.04,,
192,pos,类型:expansion 阶段:announced 主体:广汽集团 对象:广东慧仑科技有限公司 动作:宣布孵化成立广东慧仑科技有限公司 范围:market=CN、channel=official 时间:2026-02-26~2026-02-,类型:expansion 阶段:effective 主体:广汽集团 对象:广东慧仑科技有限公司 动作:宣布孵化成立具身智能机器人公司 范围:market=CN、channel=official、location=广州 时间:2026-02-,0.89,,
193,pos,类型:financial_report 阶段:planned 主体:苹果 对象:2024财年Q4财报 动作:公布2024财年Q4财报 范围:market=US、channel=official 时间:2024-10-31~2024-11-0,类型:financial_report 阶段:completed 主体:苹果 对象:2024财年第四财季财务数据 动作:公布季度财务数据 范围:market=US、channel=official 时间:2024-10-31~2024-11,0.92,,
194,pos,类型:award 阶段:effective 主体:Corporate Knights 对象:蔚来 动作:发布2024年全球最佳可持续发展企业百强榜单，蔚来入选 范围:market=GLOBAL、channel=official 时间:202,类型:award 阶段:completed 主体:蔚来 对象:企业爵士全球最佳可持续发展企业百强 动作:入选企业爵士全球最佳可持续发展企业百强 范围:market=GLOBAL 时间:2024-01-01~2024-01-31 [award,0.67,,
195,pos,类型:financial_report 阶段:planned 主体:腾讯 对象:2025年第一季度财报 动作:发布财报 范围:market=CN、channel=official 时间:2025-05-14~2025-05-15 [fina,类型:financial_report 阶段:completed 主体:腾讯 对象:2025年第一季度财报 动作:发布2025年第一季度财务数据 范围:market=CN、channel=official 时间:2025-05-01~202,0.28,,
196,pos,"类型:价格调整 阶段:effective 主体:特斯拉中国 对象:Model 3、Model Y 动作:推出限时现金激励政策 范围:market=CN、channel=official、sku=Model 3全系, Model Y全系、lo","类型:价格调整 阶段:effective 主体:特斯拉中国 对象:Model 3、Model Y 动作:提供现车现金激励 范围:market=CN、channel=official、sku=Model 3全系, Model Y全系 时间:2",0.93,,
197,pos,类型:financial_report 阶段:completed 主体:快手 对象:2026年上半年及第二季度业绩 动作:发布未审计合并业绩 范围:market=CN、channel=official 时间:2026-08-19~2026-,类型:financial_report 阶段:completed 主体:快手 对象:2026年第二季度及上半年财务报告 动作:发布2026年第二季度及上半年财务报告 范围:market=CN、channel=official 时间:2026,0.95,,
198,pos,类型:financial_report 阶段:announced 主体:小鹏集团 对象:2026年第二季度财报 动作:公布2026年第二季度财务数据 范围:market=CN、channel=official、location=广州 时间:,类型:financial_report 阶段:completed 主体:小鹏集团 对象:2026年第二季度财报 动作:发布2026年第二季度财报 范围:market=CN、channel=official 时间:2026-08-24~202,0.96,,
199,pos,类型:产品发布 阶段:effective 主体:特斯拉 对象:焕新Model Y 动作:焕新Model Y正式登陆特斯拉中国官网 范围:market=CN、channel=official、sku=焕新Model Y 时间:2025-01-,类型:产品发布 阶段:completed 主体:特斯拉中国 对象:焕新Model Y 动作:正式登陆官网并上线首发版 范围:market=CN、channel=official、sku=焕新Model Y 时间:2025-01-10~202,0.86,,
200,pos,类型:产品发布 阶段:effective 主体:华为、余承东 对象:享界G9 动作:正式上市 范围:market=CN、channel=official、sku=享界G9 时间:2026-08-20~2026-08-21 [product_,类型:产品发布 阶段:effective 主体:享界 对象:享界G9 动作:正式上市 范围:market=CN、channel=official、sku=享界G9 时间:2026-08-20~2026-08-21 [product_laun,0.9,,
201,pos,类型:sales_report 阶段:completed 主体:上汽集团 对象:上汽集团 动作:公布1月销量 范围:market=CN、channel=official 时间:2026-01-01~2026-01-31 [sales_rep,类型:sales_report 阶段:completed 主体:上汽集团 对象:整车 动作:披露1月整车销量 范围:market=CN、channel=official、sku=整车 时间:2026-01-01~2026-01-31 [sa,0.92,,
202,pos,类型:产品发布 阶段:completed 主体:理想汽车 对象:理想L6 动作:发布新一代理想L6 范围:market=CN、channel=official、sku=理想L6 时间:2026-07-01~2026-07-31 [produ,类型:产品发布 阶段:completed 主体:理想汽车 对象:理想L6 动作:发布新一代理想L6 范围:market=CN、sku=理想L6 时间:2026-07-01~2026-08-01 [product_launch] (2026-,0.89,,
203,pos,类型:policy_change 阶段:announced 主体:小米、雷军 对象:营销宣传规范 动作:宣布整改“小字营销”行业陋习 范围:market=CN、channel=live_stream 时间:2026-01-03~2026-0,类型:policy_change 阶段:announced 主体:小米集团 对象:营销宣传规范 动作:宣布整改“小字营销” 范围:market=CN 时间:2026-01-03~2026-01-04 [policy_change] (202,0.93,,
204,pos,类型:sales_report 阶段:completed 主体:特斯拉 对象:全球电动车 动作:公布全球生产与交付量 范围:market=GLOBAL、channel=official、sku=Q2、location=全球 时间:2025-,类型:sales_report 阶段:completed 主体:特斯拉 对象:汽车 动作:二季度汽车交付量同比下降13.5% 范围:market=Global、channel=official 时间:2025-06-30~2025-07-0,0.72,,
205,pos,"类型:产品发布 阶段:announced 主体:小鹏汽车 对象:小鹏G9、小鹏P7 动作:在埃及市场发布新款车型 范围:market=EG、channel=official、sku=小鹏G9, 小鹏P7、location=开罗 时间:202","类型:market_entry 阶段:completed 主体:小鹏汽车 对象:小鹏G9、小鹏P7 动作:进入埃及市场并发布小鹏G9、小鹏P7 范围:market=EG、channel=official、sku=小鹏G9, 小鹏P7、loc",0.45,,
206,pos,类型:financial_report 阶段:completed 主体:百度 对象:2025年第三季度财报 动作:发布2025年第三季度财报 范围:market=CN、channel=official 时间:2025-11-18~2025-,类型:financial_report 阶段:completed 主体:百度 对象:2025年第三季度业绩报告 动作:发布2025年第三季度业绩报告 范围:market=CN、channel=official 时间:2025-11-18~2,0.94,,
207,pos,"类型:other 阶段:completed 主体:广汽集团 对象:埃安霸王龙、传祺E8 动作:向粤籍冠军及教练员赠送车辆 范围:market=CN、channel=official、sku=埃安霸王龙, 传祺E8、location=南沙广汽",类型:other 阶段:completed 主体:广汽集团 对象:全红婵、谢思埸、陈艺文、陈清晨、王柳懿、王芊懿及教练员 动作:赠送埃安霸王龙及传祺E8共10辆 范围:market=CN、channel=official、sku=埃安霸王龙,0.95,,
208,pos,类型:other 阶段:completed 主体:哔哩哔哩 对象:2024 AD TALK营销伙伴大会 动作:举办营销伙伴大会 范围:market=CN、channel=official、location=上海 时间:2024-01-10~,类型:other 阶段:completed 主体:哔哩哔哩 对象:2024ADTALK营销伙伴大会 动作:举办2024ADTALK营销伙伴大会 范围:market=CN、channel=official、location=上海 时间:202,0.98,,
209,pos,类型:产品发布 阶段:planned 主体:科大讯飞 对象:星火X2.5（293B） 动作:发布基座模型 范围:market=CN、channel=official、sku=星火X2.5（293B） 时间:2026-09-07~2026-0,类型:产品发布 阶段:effective 主体:科大讯飞 对象:星火X2.5大模型 动作:正式发布星火X2.5大模型 范围:market=CN、channel=official、sku=星火X2.5 时间:2026-09-07~2026-0,0.76,,
210,pos,类型:market_entry 阶段:effective 主体:天猫超市 对象:香港市场 动作:上线香港市场 范围:market=HK、channel=official、location=香港 时间:2026-06-01~2026-06-0,类型:expansion 阶段:completed 主体:天猫超市 对象:半日达服务 动作:正式启动半日达 范围:market=CN、location=杭州 时间:2023-04-01~2023-04-30 [expansion] (202,0.03,,
211,pos,类型:并购交易 阶段:announced 主体:国泰君安、海通证券 对象:重组项目 动作:宣布停牌启动重组 范围:market=CN、channel=official 时间:2024-09-05~2024-09-06 [merger_dea,类型:并购交易 阶段:completed 主体:国泰君安、海通证券 对象:国泰海通 动作:完成合并并变更A股简称 范围:market=CN、channel=official 时间:2025-04-11~2025-04-12 [merger_,0.05,,
212,pos,类型:financial_report 阶段:planned 主体:美国 对象:8月CPI数据 动作:公布CPI数据 范围:market=US 时间:2024-09-09~2024-09-15 [financial_report] (202,类型:policy_change 阶段:planned 主体:十四届全国人大常委会 对象:第十一次会议 动作:举行会议 范围:market=CN 时间:2024-09-09~2024-09-15 [policy_change] (2024-,0.03,,
213,pos,类型:合作签约 阶段:announced 主体:苹果公司、MP Materials 对象:稀土磁铁采购协议 动作:达成采购美国制造稀土磁铁计划 范围:market=US、channel=media_report、sku=稀土磁铁、locat,类型:expansion 阶段:planned 主体:苹果公司、MP Materials 对象:磁铁工厂 动作:计划建设新工厂生产磁铁 范围:market=US、channel=media_report、sku=磁铁、location=德克,0.05,,
214,pos,类型:financial_report 阶段:completed 主体:B站 对象:2024年全年财报 动作:披露2024年全年业绩 范围:market=CN、channel=official 时间:2025-02-20~2025-02-2,类型:policy_change 阶段:effective 主体:国家发展改革委、财政部 对象:《关于加力支持大规模设备更新和消费品以旧换新的若干措施》 动作:印发通知 范围:market=CN、channel=official 时间:20,0.03,,
215,pos,类型:policy_change 阶段:effective 主体:B站 对象:动画短剧扶持政策“觉醒计划” 动作:推出动画短剧扶持政策 范围:market=CN、channel=official 时间:2025-06-21~2025-06-,类型:合作签约 阶段:effective 主体:B站、刺猬猫、菠萝轻小说、飞卢 对象:网文作品IP 动作:建立合作关系获取IP 范围:market=CN 时间:时间未知 [partnership] (?~?) 证据“B站目前已与刺猬猫、菠萝,0.04,,
216,pos,类型:sales_report 阶段:completed 主体:苹果 对象:iPhone 动作:3月中国出货量同比增长12% 范围:market=CN、channel=all、sku=iPhone、location=中国 时间:2024-0,"类型:产品发布 阶段:completed 主体:苹果 对象:iPad Pro、iPad Air 动作:发布新款iPad Pro和iPad Air 范围:market=Global、channel=official、sku=iPad Pro,",0.03,,
217,pos,类型:investment 阶段:announced 主体:腾讯控股 对象:可换股优先票据 动作:认购2亿美元票据 范围:market=CN、channel=official、sku=2031年到期可换股优先票据 时间:2026-09-04,类型:investment 阶段:announced 主体:腾讯控股 对象:Z类普通股 动作:发售并卖出约4亿美元Z类普通股 范围:market=CN、channel=official、sku=Z类普通股 时间:2026-09-04~202,0.07,,
218,pos,类型:financial_report 阶段:completed 主体:耀才证券金融 对象:2026年3月31日止年度业绩 动作:发布年度业绩 范围:market=HK、channel=official、business_no=01428.,类型:investment 阶段:planned 主体:金力永磁 对象:包头稀土产品交易所有限公司 动作:拟受让股权 范围:market=HK、channel=official、business_no=06680.HK 时间:2026-06,0.03,,
219,pos,类型:产品发布 阶段:announced 主体:方程豹 对象:豹8 动作:全球首发 范围:market=GLOBAL、channel=official、sku=豹8、location=北京车展 时间:2024-04-25~2024-04-2,类型:产品发布 阶段:announced 主体:腾势 对象:腾势Z9GT 动作:发布新款产品 范围:market=CN、channel=official、sku=腾势Z9GT、location=北京车展 时间:2024-04-25~2024,0.04,,
220,pos,类型:价格调整 阶段:effective 主体:蔚来汽车 对象:永久升级服务 动作:下调永久升级服务价格 范围:market=CN、channel=official、sku=永久升级服务 时间:2025-08-19~2025-08-20 [,类型:价格调整 阶段:effective 主体:蔚来汽车 对象:100kWh长续航电池包 动作:下调电池包价格 范围:market=CN、channel=official、sku=100kWh长续航电池包 时间:2025-08-19~202,0.08,,
221,pos,类型:产品发布 阶段:effective 主体:飞牛 fnOS 对象:飞牛独立音乐 App 动作:发布独立音乐 App 范围:market=CN、channel=official、sku=飞牛独立音乐 App 时间:2026-09-16~2,类型:产品发布 阶段:effective 主体:努比亚 对象:NaviX Ultra 动作:发布第二代豆包手机 范围:market=CN、channel=official、sku=NaviX Ultra 时间:2026-09-17~2026,0.03,,
222,pos,类型:产品发布 阶段:effective 主体:飞牛 fnOS 对象:飞牛独立音乐 App 动作:发布独立音乐 App 范围:market=CN、channel=official、sku=飞牛独立音乐 App 时间:2026-09-16~2,类型:other 阶段:announced 主体:刘胜 对象:文章《我不得不把才华埋葬在昨天》 动作:发文引发热议并回应 范围:market=CN、channel=social_media 时间:2026-09-14~2026-09-15 ,0.03,,
223,pos,类型:产品发布 阶段:effective 主体:五菱 对象:五菱星光L 动作:上市 范围:market=CN、channel=official、sku=五菱星光L 时间:2026-07-13~2026-07-19 [product_laun,类型:产品发布 阶段:effective 主体:零跑 对象:全新B10 动作:上市 范围:market=CN、channel=official、sku=全新B10 时间:2026-07-13~2026-07-19 [product_laun,0.05,,
224,pos,类型:policy_change 阶段:effective 主体:上海市经信委 对象:《上海市智能终端产业高质量发展行动方案（2026-2027年）》 动作:印发智能终端产业高质量发展行动方案 范围:market=CN、channel=of,类型:policy_change 阶段:effective 主体:国务院 对象:《关于深入实施人工智能+行动的意见》 动作:印发关于深入实施人工智能+行动的意见 范围:market=CN、channel=official 时间:2025-0,0.03,,
225,pos,类型:价格调整 阶段:announced 主体:网宿科技 对象:CDN产品 动作:宣布提价 范围:market=CN、channel=official、sku=CDN产品 时间:2026-02-01~2026-02-02 [price_ch,类型:价格调整 阶段:announced 主体:阿里云、百度智能云 对象:AI算力及存储等多类产品 动作:宣布提价 范围:market=CN、channel=official、sku=AI算力及存储等多类产品 时间:2026-04-18~2,0.04,,
226,pos,类型:legal_action 阶段:completed 主体:美国国际贸易委员会（ITC） 对象:影石创新 动作:作出337调查终裁 范围:market=US、channel=regulatory、sku=5项专利、location=美国,类型:legal_action 阶段:effective 主体:深圳市大疆创新科技有限公司 对象:影石创新 动作:提起专利权属纠纷诉讼 范围:market=CN、channel=court、sku=6项专利、location=广东省深圳市中,0.04,,
227,pos,类型:investment 阶段:completed 主体:上海卓越睿新数码科技股份有限公司 对象:东方证券 动作:终止与东方证券上市辅导协议 范围:market=CN 时间:2024-04-01~2024-05-01 [investmen,类型:investment 阶段:announced 主体:上海卓越睿新数码科技股份有限公司 对象:港交所 动作:向港交所递交招股说明书拟主板挂牌上市 范围:market=HK、channel=official 时间:2024-05-07~,0.05,,
228,pos,"类型:产品发布 阶段:effective 主体:比亚迪 对象:2025款汉DM-i、2025款汉EV 动作:正式上市 范围:market=CN、channel=official、sku=2025款汉DM-i, 2025款汉EV 时间:202",类型:产品发布 阶段:effective 主体:哈弗 对象:哈弗H6经典版 动作:上市 范围:market=CN、channel=official、sku=哈弗H6经典版 时间:2024-09-10~2024-09-11 [product_,0.03,,
229,pos,类型:产品发布 阶段:announced 主体:哔哩哔哩 对象:四大营销场景与五大营销工具 动作:发布赋能品牌的四大营销场景与五大营销工具 范围:market=CN、channel=official、location=上海 时间:2026-,类型:产品发布 阶段:announced 主体:哔哩哔哩 对象:全年营销节点日历及平台大内容IP资源 动作:发布全年营销节点日历及平台大内容IP资源 范围:market=CN、channel=official、location=上海 时间:,0.17,,
230,pos,类型:人事变动 阶段:completed 主体:艾伦·戴伊 对象:Meta 动作:被Meta挖走 范围:market=CN、channel=official 时间:2025-12-01~2025-12-08 [executive_chang,类型:人事变动 阶段:completed 主体:莫莉·安德森 对象:苹果 动作:任命为工业设计负责人 范围:market=CN、channel=official 时间:2024-01-01~2025-01-01 [executive_cha,0.03,,
231,pos,类型:policy_change 阶段:effective 主体:国家新闻出版署 对象:《异环》 动作:批准国产网络游戏 范围:market=CN、channel=official、sku=《异环》 时间:2025-05-01~2025-0,类型:产品发布 阶段:announced 主体:B站 对象:《闪耀！优俊少女》 动作:宣布复服 范围:market=CN、channel=official、sku=《闪耀！优俊少女》 时间:时间未知 [product_launch] (?~,0.03,,
232,pos,类型:investment 阶段:announced 主体:百度、昆仑芯 对象:昆仑芯 动作:提交港股上市申请 范围:market=HK、channel=official、location=香港 时间:2026-01-01~2026-01-,类型:other 阶段:announced 主体:麦格理证券 对象:百度所持昆仑芯股权 动作:发布估值估算 范围:market=Global、channel=research_report 时间:时间未知 [other] (?~?) 证据“,0.05,,
233,pos,类型:sales_report 阶段:completed 主体:美团 对象:日订单量 动作:宣布日订单量突破1.5亿 范围:market=CN、channel=official 时间:2025-07-12~2025-07-13 [sales,类型:sales_report 阶段:completed 主体:淘宝闪购、饿了么 对象:日订单量 动作:宣布日订单量突破8000万 范围:market=CN、channel=official 时间:2025-07-12~2025-07-13,0.05,,
234,pos,类型:policy_change 阶段:planned 主体:欧央行 对象:货币政策会议 动作:举行货币政策会议 范围:market=EU 时间:2024-09-09~2024-09-15 [policy_change] (2024-09-,类型:financial_report 阶段:planned 主体:国家统计局 对象:中国8月CPI和PPI数据 动作:公布CPI和PPI数据 范围:market=CN 时间:2024-09-09~2024-09-10 [financial,0.03,,
235,pos,类型:产品发布 阶段:completed 主体:心影随形 对象:逗逗AI 动作:发布AI游戏陪伴产品1.0 范围:market=CN、channel=official、sku=逗逗AI 1.0 时间:2025-08-21~2025-08-2,类型:sales_report 阶段:announced 主体:心影随形、刘斌新 对象:逗逗AI 动作:宣布用户数突破900万 范围:market=GLOBAL、channel=official、sku=逗逗AI 时间:2025-08-28,0.05,,
236,pos,类型:legal_action 阶段:completed 主体:苹果 对象:vibe coding工具 动作:拦截违反政策的vibe coding工具 范围:market=Global、channel=App Store 时间:时间未知 [,类型:产品发布 阶段:planned 主体:苹果 对象:Siri 动作:发布经过大幅改版的Siri 范围:market=Global、channel=official、sku=Siri、location=WWDC 时间:2026-06-01,0.03,,
237,pos,"类型:价格调整 阶段:announced 主体:阿里云 对象:AI算力产品、智能算力版CPFS 动作:上调AI相关云服务价格 范围:market=CN、channel=official、sku=AI算力产品, 智能算力版CPFS 时间:20",类型:价格调整 阶段:announced 主体:优刻得 对象:云服务 动作:上调合同续签和新客户价格 范围:market=CN、channel=official、sku=云服务 时间:2026-03-01~2026-03-02 [price,0.03,,
238,pos,类型:产品发布 阶段:completed 主体:华为 对象:Mate 80 动作:发布旗舰产品 范围:market=CN、channel=official、sku=Mate 80、location=CN 时间:2025-11-24~2025,类型:other 阶段:completed 主体:天猫、京东、抖音 对象:双十一促销活动 动作:启动双十一促销活动 范围:market=CN、channel=online、sku=all、location=CN 时间:2025-10-09~,0.03,,
239,pos,类型:financial_report 阶段:completed 主体:美团 对象:美团 动作:发布一季度财报 范围:market=CN、channel=official 时间:2026-06-01~2026-06-02 [financia,类型:人事变动 阶段:effective 主体:吴泽明 对象:阿里巴巴 动作:进入合伙委员会 范围:market=CN、channel=official 时间:2026-06-02~2026-06-03 [executive_change],0.02,,
240,pos,类型:other 阶段:completed 主体:苹果股东 对象:非员工董事股票激励 动作:表决通过非员工董事股票激励提案 范围:market=US、channel=official 时间:2026-02-24~2026-02-25 [ot,类型:other 阶段:completed 主体:苹果股东 对象:高管薪酬咨询投票 动作:表决通过高管薪酬咨询投票 范围:market=US、channel=official 时间:2026-02-24~2026-02-25 [other],0.11,,
241,pos,类型:investment 阶段:announced 主体:腾讯 对象:可换股优先票据 动作:认购可换股优先票据 范围:market=HK、channel=official 时间:2026-09-04~2026-09-05 [investm,类型:investment 阶段:announced 主体:哔哩哔哩 对象:Z类普通股 动作:二级配售Z类普通股 范围:market=HK、channel=official 时间:2026-09-04~2026-09-05 [investm,0.07,,
242,pos,类型:investment 阶段:completed 主体:Scion Asset Management LLC 对象:京东 动作:增持股票 范围:market=US、channel=13F 时间:2023-10-01~2023-12-31,类型:investment 阶段:completed 主体:CPPIB 对象:理想汽车 动作:新买入股票 范围:market=US、channel=13F 时间:2023-10-01~2023-12-31 [investment] (202,0.03,,
243,pos,类型:legal_action 阶段:completed 主体:北京高院 对象:涉中华优秀传统文化知识产权保护典型案例 动作:发布典型案例 范围:market=CN、channel=official、location=北京 时间:2024-,类型:legal_action 阶段:completed 主体:北京高院 对象:《北京法院弘扬传承中华优秀传统文化服务保障公共文化数字化建设白皮书》 动作:发布白皮书 范围:market=CN、channel=official、locati,0.1,,
244,pos,类型:financial_report 阶段:completed 主体:苹果 对象:2024财年第二财季业绩 动作:发布财报 范围:market=US、channel=official 时间:2024-05-02~2024-05-03 [f,类型:investment 阶段:announced 主体:苹果 对象:股票回购计划 动作:宣布股票回购计划 范围:market=US、channel=official 时间:2024-05-02~2024-05-03 [investmen,0.06,,
245,pos,类型:合作签约 阶段:effective 主体:杨浦区、抖音、美团、Bilibili、小红书、得物、合生汇、万达广场、百联又一城、悠迈生活广场、大学路、上海国际时尚中心、东方渔人码头、YOUNG剧场、阿里体育 对象:促进服务消费联盟 动作:,类型:expansion 阶段:planned 主体:杨浦、悠迈商场 对象:悠迈商场 动作:推动悠迈商场升级改造为二次元主题购物中心 范围:market=CN、channel=official、location=杨浦区 时间:时间未知 [e,0.04,,
246,pos,"类型:legal_action 阶段:completed 主体:最高人民法院 对象:中创新航、宁德时代 动作:终审撤销一审判决并驳回起诉 范围:market=CN、channel=official、sku=正极极片及电池,锂离子电池 时间:",类型:legal_action 阶段:announced 主体:中创新航 对象:宁德时代、特斯拉汽车销售服务（武汉）有限公司 动作:提起专利侵权诉讼 范围:market=CN、channel=official、sku=液冷板式电池模组 时间,0.03,,
247,pos,类型:sales_report 阶段:completed 主体:比亚迪 对象:新能源汽车 动作:达成第700万辆新能源汽车下线 范围:market=CN、channel=official、sku=第700万辆、location=济南工厂 时,类型:产品发布 阶段:announced 主体:比亚迪 对象:腾势N7 动作:即将上市 范围:market=CN、channel=official、sku=腾势N7 时间:时间未知 [product_launch] (?~?) 证据“全新腾,0.07,,
248,pos,类型:investment 阶段:completed 主体:地平线机器人 对象:IPO 动作:被迅速认购完毕 范围:market=HK、channel=official 时间:2024-10-16~2024-10-17 [investmen,类型:investment 阶段:announced 主体:地平线机器人 对象:股票 动作:出售股票 范围:market=HK、channel=official 时间:2024-10-16~2024-10-17 [investment] (,0.47,,
249,pos,类型:sales_report 阶段:completed 主体:百度 对象:AI应用 动作:披露AI应用收入达26亿元 范围:market=CN、channel=official 时间:2025-11-18~2025-11-19 [sale,类型:sales_report 阶段:completed 主体:百度 对象:AI业务 动作:披露AI业务收入同比增长超50% 范围:market=CN、channel=official 时间:2025-11-18~2025-11-19 [s,0.55,,
250,pos,类型:financial_report 阶段:completed 主体:苹果公司 对象:2026财年第一财季财报 动作:公布季度财报 范围:market=Global、channel=official、sku=Q1 FY2026 时间:20,类型:sales_report 阶段:completed 主体:苹果公司 对象:iPhone 动作:公布iPhone季度营收 范围:market=Global、channel=official、sku=iPhone 时间:2026-01-2,0.12,,
251,pos,类型:产品发布 阶段:completed 主体:特斯拉 对象:焕新Model Y 动作:开启大批量交付 范围:market=CN、channel=official、sku=焕新Model Y、location=上海 时间:2025-03-1,类型:policy_change 阶段:effective 主体:特斯拉 对象:焕新Model Y后轮驱动版 动作:推出金融政策 范围:market=CN、channel=official、sku=焕新Model Y后轮驱动版 时间:202,0.04,,
252,pos,类型:价格调整 阶段:announced 主体:理想汽车 对象:理想L8 动作:推出限时购车优惠 范围:market=CN、channel=official、sku=理想L8 时间:2025-02-01~2025-02-28 [price_,类型:价格调整 阶段:announced 主体:理想汽车 对象:理想L9 动作:推出限时购车优惠 范围:market=CN、channel=official、sku=理想L9 时间:2025-02-01~2025-02-28 [price_,0.06,,
253,pos,类型:award 阶段:effective 主体:百度 对象:百度搭子 动作:入选WAIC十大镇馆之宝 范围:market=CN、channel=official、sku=百度搭子、location=WAIC 2026 时间:2026-07,类型:产品发布 阶段:effective 主体:百度 对象:百度搭子 动作:升级发布个人版及企业版智能体产品 范围:market=CN、channel=official、sku=百度搭子个人版/企业版、location=WAIC 2026 ,0.08,,
254,pos,类型:合作签约 阶段:announced 主体:阿里巴巴、苹果 对象:中国版iPhone 动作:达成AI功能开发合作 范围:market=CN、channel=official、sku=中国版iPhone 时间:2025-02-14~202,类型:产品发布 阶段:planned 主体:苹果 对象:中国版iPhone 动作:计划引入AI功能 范围:market=CN、channel=official、sku=中国版iPhone 时间:2025-06-30~2025-06-30 [,0.06,,
255,pos,类型:financial_report 阶段:completed 主体:哔哩哔哩 对象:2024年第三季度财报 动作:公布2024年第三季度财报 范围:market=CN、channel=official 时间:2024-11-14~202,类型:人事变动 阶段:announced 主体:腾讯 对象:张孝超 动作:宣布张孝超调任PCG社交平台与应用线负责人 范围:market=CN、channel=internal 时间:2024-11-15~2024-11-16 [execu,0.02,,
256,pos,类型:investment 阶段:completed 主体:昆仑芯、中国移动相关基金 对象:昆仑芯 动作:完成最新一轮融资 范围:market=CN、channel=private 时间:2025-06-05~2025-12-05 [inv,类型:market_entry 阶段:completed 主体:摩尔线程 对象:上海证券交易所 动作:登陆上海证券交易所 范围:market=CN、channel=public、location=上海 时间:2025-12-05~2025-,0.03,,
257,pos,类型:产品发布 阶段:effective 主体:哔哩哔哩 对象:B小游戏 动作:B小游戏内测中已有超百款活跃产品推出 范围:market=CN、channel=official、sku=B小游戏 时间:2025-01-17~2025-01-,类型:产品发布 阶段:announced 主体:哔哩哔哩 对象:15大特色人群手册 动作:发布15大特色人群手册 范围:market=CN、channel=official、sku=15大特色人群手册、location=上海 时间:2025,0.07,,
258,pos,类型:产品发布 阶段:effective 主体:阿里巴巴 对象:千问App 动作:向所有用户开放外卖、购物、机票、酒店等生活服务测试功能 范围:market=CN、channel=official、sku=千问App 时间:2026-01-,类型:产品发布 阶段:announced 主体:阿里巴巴 对象:千问App 动作:宣布全面接入淘宝、支付宝、飞猪、高德等生态场景 范围:market=CN、channel=official、sku=千问App 时间:2026-01-15~2,0.33,,
259,pos,类型:sales_report 阶段:completed 主体:苹果 对象:iPhone 动作:2024年前两个月中国销量同比暴跌37% 范围:market=CN、channel=all、sku=iPhone、location=中国 时间:,"类型:产品发布 阶段:completed 主体:苹果 对象:iPad Pro、iPad Air 动作:发布新款iPad Pro和iPad Air 范围:market=Global、channel=official、sku=iPad Pro,",0.03,,
260,pos,类型:价格调整 阶段:announced 主体:理想汽车 对象:理想L8 动作:推出限时购车优惠 范围:market=CN、channel=official、sku=理想L8 时间:2025-02-01~2025-02-28 [price_,类型:价格调整 阶段:announced 主体:理想汽车 对象:理想L7 动作:推出限时购车优惠 范围:market=CN、channel=official、sku=理想L7 时间:2025-02-01~2025-02-28 [price_,0.06,,
261,pos,类型:investment 阶段:completed 主体:桥水基金 对象:京东 动作:新建仓 范围:market=US、channel=13F、sku=JD 时间:2025-03-31~2025-04-01 [investment] (2,类型:investment 阶段:completed 主体:桥水基金 对象:Alphabet 动作:减持 范围:market=US、channel=13F、sku=GOOGL 时间:2025-03-31~2025-04-01 [invest,0.04,,
262,pos,类型:financial_report 阶段:planned 主体:美国 对象:8月CPI数据 动作:公布CPI数据 范围:market=US 时间:2024-09-09~2024-09-15 [financial_report] (202,类型:产品发布 阶段:planned 主体:苹果、华为 对象:新品 动作:举行新品发布会 范围:market=CN 时间:2024-09-09~2024-09-15 [product_launch] (2024-09-09T00:00:00,0.03,,
263,pos,类型:policy_change 阶段:announced 主体:哔哩哔哩 对象:精品微短剧征集及扶持计划 动作:公布精品微短剧征集及扶持计划 范围:market=CN、channel=official、location=上海 时间:202,类型:expansion 阶段:planned 主体:哔哩哔哩 对象:精品微短剧作品 动作:计划推出近20部精品微短剧作品 范围:market=CN、channel=official 时间:2024-01-01~2024-12-31 [ex,0.06,,
264,pos,类型:other 阶段:completed 主体:阿里 对象:千问App 动作:AppStore榜单冲上榜一 范围:market=CN、channel=AppStore、sku=千问App 时间:2026-02-06~2026-02-07 ,类型:incident 阶段:completed 主体:千问 对象:千问App 动作:App短时间内宕机 范围:market=CN、channel=app、sku=千问App 时间:2026-02-06~2026-02-07 [incide,0.06,,
265,pos,类型:legal_action 阶段:completed 主体:美国国际贸易委员会（ITC） 对象:影石创新 动作:作出337调查终裁 范围:market=US、channel=regulatory、sku=5项专利、location=美国,类型:产品发布 阶段:completed 主体:影石创新 对象:影翎 Antigravity 动作:发布首款全景无人机 范围:market=CN、channel=official、sku=影翎 Antigravity 时间:2025-07-,0.03,,
266,pos,"类型:sales_report 阶段:completed 主体:vivo 对象:vivo X300系列 动作:首销期销量超过上代总和 范围:market=CN、channel=official、sku=X300, X300 Pro 时间:时","类型:sales_report 阶段:completed 主体:vivo 对象:vivo X300系列 动作:双十一期间获得电商平台榜单佳绩 范围:market=CN、channel=Tmall, JD、sku=X300, X300 Pro",0.11,,
267,pos,类型:产品发布 阶段:planned 主体:未知发行商 对象:基地：银河纵横 动作:计划6月12日开启国内首次限量删档付费测试 范围:market=CN、channel=official、sku=基地：银河纵横 时间:2026-06-12~,类型:产品发布 阶段:announced 主体:哔哩哔哩游戏 对象:三国志：王道天下 动作:官宣定档7月9日开启付费删档测试 范围:market=CN、channel=official、sku=三国志：王道天下 时间:2026-06-09~,0.03,,
268,pos,类型:合作签约 阶段:announced 主体:苹果、阿里巴巴 对象:AI功能 动作:开发AI功能 范围:market=CN、channel=official、sku=iPhone 时间:2025-02-11~2025-02-12 [par,类型:合作签约 阶段:completed 主体:苹果、百度 对象:AI模型 动作:选择主要合作伙伴 范围:market=CN 时间:2024-01-01~2024-12-31 [partnership] (2024-01-01T00:00:,0.06,,
269,pos,类型:investment 阶段:announced 主体:哔哩哔哩 对象:7亿美元可换股优先票据 动作:宣布拟发售7亿美元可换股优先票据 范围:market=US、channel=official、sku=2031年到期可换股优先票据 时,类型:investment 阶段:planned 主体:哔哩哔哩 对象:腾讯持有的Z类普通股 动作:计划以2亿美元购回腾讯持有的现有Z类普通股 范围:market=US、channel=official、sku=Z类普通股 时间:2026-,0.07,,
270,pos,类型:产品发布 阶段:announced 主体:比亚迪 对象:超级e平台 动作:发布超级e平台技术 范围:market=CN、channel=official、sku=超级e平台 时间:2025-03-17~2025-03-18 [prod,类型:产品发布 阶段:announced 主体:比亚迪 对象:闪充电池 动作:发布闪充电池 范围:market=CN、channel=official、sku=闪充电池 时间:2025-03-17~2025-03-18 [product_l,0.18,,
271,pos,类型:policy_change 阶段:announced 主体:特朗普 对象:苹果 动作:威胁对苹果征收25%关税 范围:market=US、channel=policy 时间:2025-05-01~2025-05-31 [policy_,类型:sales_report 阶段:completed 主体:鸿海精密 对象:iPhone 动作:从印度向美国出口iPhone 范围:market=US、channel=export、sku=iPhone、location=India 时,0.03,,
272,pos,类型:award 阶段:completed 主体:W博士 对象:猫娘计划 Project N.E.K.O. 动作:获得一等奖并独享100万奖金 范围:market=CN、channel=official、sku=猫娘计划 Project N,"类型:award 阶段:completed 主体:B站 对象:元气骑士3D版、世界之门 动作:分获二、三等奖 范围:market=CN、channel=official、sku=元气骑士3D版, 世界之门 时间:2026-09-05~202",0.07,,
273,pos,类型:产品发布 阶段:completed 主体:速卖通 对象:百亿补贴品牌出海 动作:上线“百亿补贴品牌出海”项目 范围:market=GLOBAL、channel=official 时间:2024-04-01~2024-04-30 [pr,类型:sales_report 阶段:completed 主体:Magcubic 对象:投影仪 动作:实现单天单品销量2万台 范围:market=GLOBAL、channel=AliExpress、sku=投影仪、location=深圳 时,0.03,,
274,pos,类型:合作签约 阶段:announced 主体:比亚迪 对象:2024年美洲杯 动作:宣布成为拉美区域官方合作伙伴 范围:market=LATAM、channel=official 时间:2024-05-18~2024-05-19 [par,类型:产品发布 阶段:completed 主体:比亚迪 对象:BYD SHARK 动作:在墨西哥首发 范围:market=MX、channel=official、sku=BYD SHARK、location=墨西哥 时间:2024-05-1,0.04,,
275,pos,"类型:产品发布 阶段:completed 主体:自变量机器人 对象:Wall-OSS、Quanta X2 动作:发布开源具身智能基础模型及机器人 范围:market=CN、sku=Wall-OSS, Quanta X2 时间:2025-09",类型:investment 阶段:completed 主体:阿里云 对象:自变量机器人 动作:领投A+轮融资 范围:market=CN、location=深圳 时间:2025-09-08~2025-10-08 [investment] (2,0.04,,
276,pos,类型:expansion 阶段:announced 主体:苹果 对象:Mac mini 动作:宣布启动Mac mini美国本土生产 范围:market=US、channel=official、sku=Mac mini、location=休斯,类型:investment 阶段:planned 主体:苹果 对象:台积电亚利桑那州工厂 动作:预计采购先进芯片 范围:market=US、channel=official、sku=先进芯片、location=亚利桑那州 时间:2026-0,0.03,,
277,pos,类型:investment 阶段:completed 主体:桥水基金 对象:百度 动作:增持 范围:market=US、channel=13F、sku=BIDU 时间:2025-03-31~2025-04-01 [investment] (,类型:investment 阶段:completed 主体:桥水基金 对象:Alphabet 动作:减持 范围:market=US、channel=13F、sku=GOOGL 时间:2025-03-31~2025-04-01 [invest,0.06,,
278,pos,类型:合作签约 阶段:announced 主体:苹果、百度 对象:AI功能 动作:继续合作开发AI功能 范围:market=CN、channel=official、sku=iPhone 时间:2025-02-13~2025-02-14 [p,类型:合作签约 阶段:announced 主体:苹果、阿里巴巴 对象:AI功能 动作:合作开发AI功能 范围:market=CN、channel=official、sku=iPhone 时间:2025-02-11~2025-02-12 [p,0.07,,
279,pos,类型:人事变动 阶段:announced 主体:拳头游戏、马可·梅里尔 对象:员工 动作:宣布裁员 范围:market=GLOBAL、channel=official 时间:2024-10-16~2024-10-17 [executive_,类型:financial_report 阶段:completed 主体:中国音数协游戏工委 对象:2024年第三季度中国游戏产业季度报告 动作:发布季度报告 范围:market=CN、channel=official 时间:2024-10-,0.03,,
280,pos,"类型:产品发布 阶段:completed 主体:小鹏汽车 对象:2025款小鹏G6、2025款小鹏G9 动作:上市 范围:market=CN、channel=official、sku=2025款小鹏G6, 2025款小鹏G9 时间:2025",类型:other 阶段:announced 主体:特斯拉 对象:FSD 动作:推出FSD免费体验 范围:market=CN、channel=official、sku=FSD 时间:2025-03-17~2025-04-17 [other] ,0.02,,
281,pos,类型:产品发布 阶段:announced 主体:智己、阿里 对象:IM AIOS生态座舱 动作:推出合作座舱 范围:market=CN、channel=official 时间:2025-03-01~2025-04-30 [product_l,类型:合作签约 阶段:announced 主体:宝马、阿里云 对象:AI引擎 动作:联合开发AI引擎 范围:market=CN、channel=official 时间:2025-03-01~2025-04-30 [partnership] ,0.04,,
282,pos,类型:expansion 阶段:planned 主体:美团、快乐猴 对象:快乐猴 动作:计划7月中旬在北京召开招商大会 范围:market=CN、channel=offline、sku=硬折扣社区超市、location=北京 时间:2025,类型:expansion 阶段:effective 主体:阿里、盒马 对象:盒马NB 动作:在杭州大面积布局开店 范围:market=CN、channel=offline、sku=硬折扣社区超市、location=杭州 时间:时间未知 [e,0.03,,
283,pos,类型:价格调整 阶段:effective 主体:蔚来 对象:100kWh长续航电池包 动作:下调永久升级服务价格 范围:market=CN、channel=official、sku=100kWh长续航电池包 时间:2025-08-19~20,类型:价格调整 阶段:effective 主体:蔚来 对象:100kWh长续航电池包 动作:下调买断价格 范围:market=CN、channel=official、sku=100kWh长续航电池包 时间:2025-08-19~2025-0,0.19,,
284,pos,类型:sales_report 阶段:completed 主体:三星 对象:智能手机 动作:2024年第一季度全球出货量重夺榜首 范围:market=Global、channel=official、sku=Smartphone 时间:202,类型:sales_report 阶段:completed 主体:IDC 对象:2024年第一季度全球智能手机市场 动作:发布2024年第一季度全球智能手机出货量报告 范围:market=Global、channel=official、sku,0.11,,
285,pos,类型:other 阶段:announced 主体:B站 对象:发现亿点兴趣 动作:发起兴趣活动并公开高收藏视频榜单 范围:market=CN、channel=official 时间:2024-08-26~2024-08-27 [other],类型:financial_report 阶段:announced 主体:B站 对象:2024年Q2季度财报 动作:公布2024年Q2季度财报 范围:market=CN、channel=official 时间:2024-08-26~2024-,0.05,,
286,pos,类型:产品发布 阶段:announced 主体:鹰角网络 对象:《明日方舟：终末地》 动作:在苹果发布会亮相并确认上线计划 范围:market=GLOBAL、channel=official、sku=《明日方舟：终末地》 时间:2025-0,类型:investment 阶段:effective 主体:巨人网络 对象:爱诗科技 动作:参与B轮融资 范围:market=CN 时间:2025-09-10~2025-09-11 [investment] (2025-09-10T00:0,0.03,,
287,pos,类型:other 阶段:completed 主体:比亚迪、上海乐高乐园度假区 对象:乐高®城市主题区驾驶学校项目 动作:冠名乐高®城市主题区驾驶学校项目 范围:market=CN、channel=official、location=上海 时,类型:other 阶段:completed 主体:比亚迪、上海乐高乐园度假区 对象:驾驶学校定制车辆 动作:揭幕带有“BYD”标识的驾驶学校定制车辆 范围:market=CN、channel=official、location=上海 时间:,0.13,,
288,pos,类型:合作签约 阶段:planned 主体:淘宝 对象:微信支付 动作:拟全面引入微信支付 范围:market=CN、channel=official 时间:2024-09-04~2024-09-05 [partnership] (2024,类型:合作签约 阶段:announced 主体:淘宝 对象:微信支付 动作:在支付页面出现微信支付（有限入淘） 范围:market=CN、channel=official 时间:2023-11-01~2023-11-30 [partners,0.06,,
289,pos,类型:产品发布 阶段:planned 主体:岚图 对象:全新岚图知音 动作:计划上市 范围:market=CN、channel=official、sku=全新岚图知音 时间:2024-08-01~2024-08-31 [product_la,类型:产品发布 阶段:effective 主体:一汽-大众 对象:全新揽境 动作:上市 范围:market=CN、channel=official、sku=全新揽境 时间:2024-08-05~2024-08-06 [product_lau,0.03,,
290,pos,类型:价格调整 阶段:announced 主体:理想汽车 对象:理想L7 动作:推出限时购车优惠 范围:market=CN、channel=official、sku=理想L7 时间:2025-02-01~2025-02-28 [price_,类型:价格调整 阶段:announced 主体:理想汽车 对象:理想L6 动作:推出限时购车优惠 范围:market=CN、channel=official、sku=理想L6 时间:2025-02-01~2025-02-28 [price_,0.06,,
291,pos,类型:policy_change 阶段:effective 主体:百度 对象:香港联交所主要上市地位 动作:第二上市地位转换为主要上市地位正式生效 范围:market=HK、channel=official、location=香港联交所 时,类型:market_entry 阶段:effective 主体:百度 对象:沪港通 动作:获纳入沪港通 范围:market=CN、channel=official、sku=百度A类普通股、location=沪港通 时间:2026-09-04,0.04,,
292,pos,类型:产品发布 阶段:completed 主体:哔哩哔哩 对象:Index大语言模型 动作:发布大语言模型 范围:market=CN、channel=official、sku=Index大语言模型 时间:时间未知 [product_laun,"类型:产品发布 阶段:completed 主体:哔哩哔哩 对象:AI搜索助手、AI视频助手、AI语音生成、数字分身 动作:推出AI功能 范围:market=CN、channel=official、sku=AI搜索助手, AI视频助手, AI",0.14,,
293,pos,类型:investment 阶段:completed 主体:JPMorgan Chase & Co. 对象:哔哩哔哩-W 动作:增持好仓 范围:market=HK、channel=official、sku=09626、location=HK,类型:financial_report 阶段:planned 主体:B站 对象:2024年第四季度及全年业绩 动作:发布业绩 范围:market=HK、channel=official、location=港交所网站 时间:2025-02-2,0.03,,
294,pos,类型:产品发布 阶段:planned 主体:零跑汽车 对象:B10 动作:计划上市 范围:market=CN、channel=official、sku=B10 时间:2025-03-31~2025-04-01 [product_launch,类型:sales_report 阶段:completed 主体:交个朋友 对象:双11 动作:公布双11 GMV数据 范围:market=CN、channel=official 时间:2024-11-13~2024-11-14 [sales,0.02,,
295,pos,类型:other 阶段:effective 主体:美银证券 对象:哔哩哔哩 动作:调整复合增长率预测 范围:market=HK、channel=analyst 时间:2024-06-19~2024-06-20 [other] (2024-0,类型:other 阶段:effective 主体:摩根大通 对象:哔哩哔哩 动作:上调评级及目标价 范围:market=HK、channel=analyst 时间:2024-06-19~2024-06-20 [other] (2024-06,0.06,,
296,pos,类型:investment 阶段:completed 主体:HHLR Advisors 对象:百度、理想 动作:新进买入股票 范围:market=US、channel=13F 时间:2025-03-01~2025-03-31 [invest,类型:investment 阶段:completed 主体:HHLR Advisors 对象:陌陌、达达物流 动作:清仓股票 范围:market=US、channel=13F 时间:2025-03-01~2025-03-31 [invest,0.05,,
297,pos,类型:价格调整 阶段:completed 主体:阿里云 对象:通义千问三款主力模型 动作:大幅降价 范围:market=CN、channel=official、sku=通义千问三款主力模型、location=云栖大会 时间:2024-09-,类型:产品发布 阶段:completed 主体:阿里云 对象:百款模型 动作:开源百款模型 范围:market=CN、channel=official、location=云栖大会 时间:2024-09-19~2024-09-20 [prod,0.06,,
298,pos,类型:expansion 阶段:completed 主体:超盒算NB 对象:杭州市场 动作:首批新店升级亮相 范围:market=CN、channel=offline、sku=超盒算NB、location=杭州 时间:2025-08-29~,类型:other 阶段:announced 主体:刘强东 对象:京东折扣超市 动作:现身宿迁为即将开业的京东折扣超市造势 范围:market=CN、channel=offline、sku=京东折扣超市、location=宿迁 时间:2025,0.03,,
299,pos,类型:产品发布 阶段:planned 主体:bilibili游戏 对象:仙境传说3 动作:定档首轮测试 范围:market=CN、channel=official、sku=仙境传说3 时间:2026-08-27~2026-08-28 [pr,类型:合作签约 阶段:effective 主体:bilibili游戏 对象:仙境传说3 动作:取得国服独家代理权 范围:market=CN、channel=official、sku=仙境传说3 时间:2026-07-21~2026-07-2,0.04,,
300,neg,类型:产品发布 阶段:planned 主体:OPPO 对象:OPPO 100W 小方瓶超级闪充氮化镓充电器 动作:发布新品 范围:market=CN、channel=official、sku=OPPO 100W 小方瓶超级闪充氮化镓充电器 ,类型:产品发布 阶段:effective 主体:上汽通用五菱、华为乾崑 对象:华境S 动作:正式上市 范围:market=CN、channel=official、sku=华境S 时间:2026-05-08~2026-05-09 [produ,0.02,,
301,neg,类型:financial_report 阶段:completed 主体:网易 对象:2023年第四季度财报 动作:发布2023年第四季度财报 范围:market=CN、channel=official 时间:2024-02-29~2024-,类型:financial_report 阶段:completed 主体:中芯国际 对象:2024年第三季度业绩报告 动作:公布第三季度业绩报告 范围:market=CN、channel=official 时间:2024-11-07~2024,0.02,,
302,neg,类型:market_entry 阶段:effective 主体:快手 对象:可灵AI 动作:向全球用户开放公测 范围:market=GLOBAL、channel=official 时间:2024-07-24~2024-07-25 [mark,类型:market_entry 阶段:completed 主体:美团 对象:Keeta、沙特阿拉伯 动作:在沙特阿拉伯推出外卖品牌Keeta 范围:market=SA、channel=official、sku=Keeta、location=,0.02,,
303,neg,类型:other 阶段:planned 主体:杨浦区 对象:商旅文体活动 动作:推出百余项商旅文体活动 范围:market=CN、channel=official、location=杨浦区 时间:2024-08-01~2024-12-31 ,类型:other 阶段:rumored 主体:京东 对象:董宇辉 动作:传闻招募董宇辉 范围:market=CN、channel=rumor、location=陕西 时间:2023-12-01~2023-12-31 [other] (202,0.02,,
304,neg,类型:产品发布 阶段:completed 主体:小鹏集团 对象:小鹏GX 动作:正式上市并开启交付 范围:market=CN、channel=official、sku=小鹏GX 时间:2026-05-20~2026-05-21 [produ,类型:产品发布 阶段:effective 主体:比亚迪 对象:元PLUS荣耀版 动作:正式上市 范围:market=CN、channel=official、sku=元PLUS荣耀版 时间:2024-03-04~2024-03-05 [pro,0.02,,
305,neg,类型:产品发布 阶段:announced 主体:仙剑奇侠传四 对象:实机演示预告 动作:发布实机演示预告 范围:market=CN、channel=official 时间:时间未知 [product_launch] (?~?) 证据“《仙剑,类型:产品发布 阶段:completed 主体:长城重卡 对象:Hi4-G超级混动系统 动作:发布Hi4-G超级混动系统 范围:market=CN、channel=official、sku=Hi4-G、location=保定 时间:2025,0.02,,
306,neg,类型:产品发布 阶段:effective 主体:阿里云百炼 对象:全生命周期MCP服务 动作:上线全生命周期MCP服务 范围:market=CN、channel=official、sku=MCP服务 时间:2025-04-09~2025-0,类型:产品发布 阶段:planned 主体:理想汽车 对象:全新理想L9 动作:计划上市 范围:market=CN、channel=official、sku=全新理想L9 时间:2026-04-01~2026-06-30 [product_,0.02,,
307,neg,类型:other 阶段:completed 主体:阿莱 对象:ALEXA系列电影机设备 动作:向荣耀交付ALEXA系列电影机设备 范围:market=CN、sku=ALEXA系列 时间:2026-05-21~2026-05-22 [othe,类型:other 阶段:announced 主体:快手电商 对象:“赢战2026”618商家大会 动作:举办618商家大会 范围:market=CN、channel=official、location=杭州 时间:2026-04-22~20,0.02,,
308,neg,类型:sales_report 阶段:completed 主体:比亚迪 对象:新能源汽车 动作:累计销量超180万辆 范围:market=GLOBAL、channel=official、sku=新能源汽车 时间:2026-06-30~202,类型:sales_report 阶段:completed 主体:联想集团 对象:联想海神液冷服务器 动作:公布24/25财年第二季度营收同比增长55% 范围:market=CN、channel=official、sku=联想海神液冷服务器 ,0.02,,
309,neg,类型:financial_report 阶段:announced 主体:科大讯飞 对象:2023年年度业绩 动作:发布2023年业绩预告 范围:market=CN、channel=official 时间:2024-01-29~2024-01,类型:financial_report 阶段:announced 主体:盒马 对象:全年盈利 动作:传出实现全年盈利的捷报 范围:market=CN 时间:时间未知 [financial_report] (?~?) 证据“更关键的催化剂在于,0.03,,
310,neg,类型:financial_report 阶段:completed 主体:中芯国际 对象:2025年第一季度财报 动作:发布一季报 范围:market=CN、channel=official 时间:2025-05-08~2025-05-09 ,类型:financial_report 阶段:completed 主体:比亚迪 对象:研发投入 动作:公布2025年前三季度研发投入 范围:market=CN、channel=official 时间:2025-12-22~2025-12-2,0.02,,
311,neg,类型:产品发布 阶段:effective 主体:快手 对象:可灵 动作:开启邀测 范围:market=CN、channel=official、sku=可灵 时间:2024-06-06~2024-06-07 [product_launch] ,"类型:产品发布 阶段:announced 主体:理想汽车 对象:全新一代理想L9 动作:发布全新一代理想L9 范围:market=CN、channel=official、sku=L9 Ultra, L9 Livis 时间:2026-05-1",0.02,,
312,neg,类型:legal_action 阶段:effective 主体:证监局 对象:同花顺子公司 动作:因直播业务涉及暗示推荐个股等行为被处罚 范围:market=CN、channel=regulatory 时间:2024-11-15~2024-,类型:legal_action 阶段:completed 主体:福建省高级人民法院 对象:中创新航、宁德时代 动作:判决中创新航赔偿 范围:market=CN、channel=official、sku=动力电池封装组件 时间:2024-10,0.03,,
313,neg,类型:other 阶段:completed 主体:国家金融监督管理总局 对象:宝马（中国）保险经纪有限公司、安顾方胜保险经纪有限公司 动作:发放保险经纪牌照 范围:market=CN、channel=official、location=中国,类型:other 阶段:completed 主体:网易灵动 对象:TB级挖掘机作业视频与百万级人工示范轨迹数据集 动作:向行业开源数据集 范围:market=CN 时间:时间未知 [other] (?~?) 证据“网易灵动已向行业开源TB级,0.02,,
314,neg,类型:产品发布 阶段:planned 主体:荣耀 对象:AgenticOS预览版 动作:开启beta用户招募和版本推送 范围:market=CN、channel=official、sku=Magic9 时间:2026-10-01~2026-,类型:产品发布 阶段:completed 主体:华为乾崑 对象:ADS 5 动作:举办媒体日并展示ADS 5 范围:market=CN、channel=official、sku=ADS 5 时间:2026-07-16~2026-07-17 ,0.03,,
315,neg,类型:investment 阶段:completed 主体:HHLR Advisors 对象:京东 动作:清仓卖出股票 范围:market=US、channel=13F 时间:2025-09-30~2025-09-30 [investmen,类型:investment 阶段:completed 主体:汇丰控股 对象:汇丰控股股票 动作:回购股票 范围:market=HK、channel=official 时间:2023-01-01~2023-12-31 [investment],0.02,,
316,neg,类型:policy_change 阶段:effective 主体:快手 对象:无尽梦回 动作:获得版号 范围:market=CN、channel=official、sku=无尽梦回 时间:2024-04-26~2024-04-27 [pol,类型:policy_change 阶段:effective 主体:国务院 对象:《推动大规模设备更新和消费品以旧换新行动方案》 动作:印发行动方案 范围:market=CN、channel=official 时间:2024-03-07~20,0.02,,
317,neg,类型:other 阶段:effective 主体:京东医美 对象:300元无门槛开业礼券 动作:上线开业礼券预售活动 范围:market=CN、channel=online、sku=300元无门槛开业礼券 时间:2025-09-11~202,类型:other 阶段:completed 主体:李乐成 对象:2025世界智能网联汽车大会 动作:到大会巡展并调研 范围:market=CN、channel=official、location=北京 时间:2025-10-17~2025-,0.02,,
318,neg,类型:产品发布 阶段:planned 主体:大疆 对象:DJI Neo 2 动作:发布无人机 范围:market=GLOBAL、channel=official、sku=DJI Neo 2 时间:2025-10-30~2025-10-31 ,类型:产品发布 阶段:effective 主体:MG 对象:MG 07 动作:正式上市 范围:market=CN、channel=official、sku=MG 07、location=成都 时间:2026-08-24~2026-08-25,0.02,,
319,neg,类型:policy_change 阶段:effective 主体:小鹏汽车 对象:购车政策 动作:延续“五年0利息0首付”购车政策 范围:market=CN、channel=official、sku=多款热门车型 时间:2025-03-01,类型:policy_change 阶段:planned 主体:京东 对象:用户补贴 动作:加大用户补贴 范围:market=CN 时间:2024-10-01~2024-12-31 [policy_change] (2024-10-01T00,0.02,,
320,neg,类型:产品发布 阶段:planned 主体:蔚来 对象:蔚来世界模型NWM、Cedar雪松车型 动作:计划开启推送 范围:market=CN、channel=official、sku=Cedar雪松车型 时间:2025-06-30~2025,类型:产品发布 阶段:completed 主体:阶跃星辰 对象:Step 3.5 Flash 动作:开源最新模型 范围:market=CN、channel=official、sku=Step 3.5 Flash、location=上海 时间,0.02,,
321,neg,类型:产品发布 阶段:effective 主体:快手 对象:可灵 动作:上线图生视频和视频续写功能 范围:market=CN、channel=official、sku=可灵、location=CVPR 时间:2024-06-18~2024-,类型:产品发布 阶段:planned 主体:网易 对象:《界外狂潮》 动作:游戏公测 范围:market=CN、channel=official、sku=《界外狂潮》 时间:2025-03-01~2025-03-31 [product_la,0.02,,
322,neg,"类型:产品发布 阶段:effective 主体:OPPO 对象:OPPO Reno12 系列 动作:正式发布手机系列 范围:market=CN、channel=official、sku=OPPO Reno12, OPPO Reno12 Pr",类型:产品发布 阶段:completed 主体:蔚来 对象:自动紧急避让AES 动作:发布自动紧急避让AES功能 范围:market=CN、channel=official 时间:2024-01-01~2024-12-31 [product,0.03,,
323,neg,类型:产品发布 阶段:announced 主体:Apple 对象:AirPods 5 动作:发布新款耳机 范围:market=CN、channel=official、sku=AirPods 5 时间:2026-09-10~2026-09-1,类型:产品发布 阶段:announced 主体:哔哩哔哩 对象:投放数据标签 动作:升级投放数据标签 范围:market=CN、channel=official 时间:2024-04-26~2024-04-27 [product_launc,0.02,,
324,neg,"类型:market_entry 阶段:announced 主体:小鹏汽车 对象:小鹏G6、小鹏G9、小鹏P7+ 动作:宣布进入比利时和卢森堡市场 范围:market=BE, LU、channel=exhibition、sku=小鹏G6, 小","类型:market_entry 阶段:planned 主体:长城汽车 对象:魏牌高山、蓝山、坦克500、欧拉5 动作:在海外陆续推出多款新车型 范围:market=GLOBAL、channel=official、sku=魏牌高山,蓝山,坦克",0.03,,
325,neg,类型:产品发布 阶段:planned 主体:广汽集团、华为 对象:启境首款猎装轿跑 动作:启境首款猎装轿跑即将推向市场 范围:market=CN、channel=official、sku=启境首款猎装轿跑 时间:时间未知 [product_,类型:产品发布 阶段:planned 主体:Mindverse 对象:750B agent 模型 动作:计划开源模型 范围:market=Global、channel=open_source、sku=750B agent 模型 时间:时间未,0.02,,
326,neg,类型:产品发布 阶段:announced 主体:瑞幸咖啡 对象:AI Lucky 动作:在WAIC上展示自研智能体 范围:market=CN、channel=WAIC、sku=AI Lucky、location=上海 时间:2026-07-,类型:产品发布 阶段:completed 主体:极氪 对象:极氪7X 动作:全球首发并开启预订 范围:market=CN、channel=official、sku=极氪7X、location=成都 时间:时间未知 [product_laun,0.02,,
327,neg,类型:investment 阶段:announced 主体:京东 对象:逐际动力 动作:战略领投新一轮融资 范围:market=CN、channel=official 时间:2025-07-21~2025-07-22 [investment,类型:investment 阶段:announced 主体:哔哩哔哩 对象:Z类普通股 动作:回购腾讯持有的部分现有Z类普通股 范围:market=CN、channel=official、sku=Z类普通股 时间:2026-09-04~20,0.02,,
328,neg,类型:financial_report 阶段:completed 主体:广汽集团 对象:2025年第三季度报告 动作:发布2025年第三季度报告 范围:market=CN、channel=official 时间:2025-10-24~202,类型:financial_report 阶段:announced 主体:京东健康 对象:2025年上半年财报 动作:披露2025年上半年业绩 范围:market=CN、channel=official 时间:2025-08-14~2025-,0.02,,
329,neg,类型:产品发布 阶段:effective 主体:长城汽车 对象:山海炮Hi4-T 动作:上市 范围:market=CN、channel=official、sku=山海炮Hi4-T 时间:2025-06-23~2025-06-24 [prod,类型:产品发布 阶段:effective 主体:联想集团 对象:TokenPlan 动作:推出算力订阅方案 范围:market=CN、channel=official、sku=TokenPlan、location=上海 时间:2026-05,0.02,,
330,neg,类型:expansion 阶段:planned 主体:江淮 对象:尊界S800 动作:冲刺月产能3000台 范围:market=CN、channel=official、sku=尊界S800 时间:2025-09-01~2025-09-30 ,类型:expansion 阶段:planned 主体:长城汽车 对象:巴西研发中心和制造基地 动作:规划在巴西打造研发中心和制造基地 范围:market=BR、channel=official、location=巴西 时间:时间未知 [ex,0.02,,
331,neg,类型:policy_change 阶段:announced 主体:抖音电商 对象:即时零售与电商业务 动作:打通即时零售与电商业务并调整组织架构 范围:market=CN、channel=official 时间:2025-08-14~202,类型:policy_change 阶段:announced 主体:苹果 对象:欧洲App Store 动作:宣布废除核心技术费并调整商业条款 范围:market=EU、channel=official、sku=App Store、locat,0.02,,
332,neg,类型:expansion 阶段:planned 主体:小米集团 对象:小米SU7系列 动作:扩充产能 范围:market=CN、channel=official、sku=小米SU7系列 时间:时间未知 [expansion] (?~?) 证,类型:expansion 阶段:planned 主体:小米集团-W 对象:小米之家门店 动作:计划开设1万家小米之家门店 范围:market=GLOBAL、channel=offline、sku=小米之家 时间:时间未知 [expansio,0.03,,
333,neg,类型:产品发布 阶段:announced 主体:小鹏集团 对象:第二代VLA大模型 动作:发布第二代VLA大模型重大升级 范围:market=CN、channel=official、sku=第二代VLA大模型、location=广州 时间:,类型:产品发布 阶段:announced 主体:广汽传祺 对象:1 CONCEPT 动作:首个合作成果亮相 范围:market=CN、channel=official、sku=1 CONCEPT、location=松山湖 时间:2024-0,0.02,,
334,neg,类型:sales_report 阶段:completed 主体:天猫 对象:2024年天猫双11 动作:公布双11成交总额强劲增长及购买用户规模创新高 范围:market=CN、channel=official 时间:2024-11-11~,类型:sales_report 阶段:completed 主体:特斯拉 对象:2023年第四季度交付量 动作:公布2023年第四季度交付数据 范围:market=Global、channel=official、sku=All Models ,0.02,,
335,neg,类型:policy_change 阶段:announced 主体:京东零售 对象:内容生态 动作:将内容生态升级为年度战略 范围:market=CN 时间:2024-03-01~2024-03-31 [policy_change] (202,类型:policy_change 阶段:effective 主体:广州市人民政府办公厅 对象:《广州市扶持游戏电竞产业发展的十八条措施》 动作:印发《广州市扶持游戏电竞产业发展的十八条措施》 范围:market=CN、channel=off,0.02,,
336,neg,类型:产品发布 阶段:effective 主体:腾讯游戏 对象:15款产品 动作:携15款产品亮相ChinaJoy 范围:market=CN、channel=offline、sku=15款产品、location=上海新国际博览中心N4展馆 ,"类型:产品发布 阶段:planned 主体:极氪 对象:极氪7X、极氪MIX 动作:推出两款新品 范围:sku=极氪7X, 极氪MIX 时间:2024-07-01~2024-12-31 [product_launch] (2024-07-0",0.02,,
337,neg,类型:产品发布 阶段:completed 主体:小米 对象:小米SU7 动作:正式上市 范围:market=CN、channel=official、sku=小米SU7 时间:2024-03-28~2024-03-29 [product_la,类型:产品发布 阶段:announced 主体:苹果 对象:Apple Intelligence 动作:发布开发者测试版本 范围:market=GLOBAL、channel=developer_preview、sku=Apple Intel,0.02,,
338,neg,类型:other 阶段:completed 主体:智界、奇瑞汽车 对象:联合研发专利 动作:联合研发专利数量超3万项 范围:market=CN 时间:2026-05-15~2026-05-16 [other] (2026-05-15T00:,类型:other 阶段:announced 主体:快手 对象:“e路护苗绿色成长”未成年人保护专项活动 动作:发起未成年人保护专项活动 范围:market=CN、channel=official 时间:2024-05-30~2024-05-,0.03,,
339,neg,类型:产品发布 阶段:announced 主体:OPPO 对象:OPPO Air Glass 3 动作:发布全新一代辅助现实智能眼镜概念产品 范围:market=Global、channel=MWC 2024、sku=OPPO Air Gl,类型:产品发布 阶段:completed 主体:长城汽车 对象:新一代哈弗H6 动作:上市新一代哈弗H6 范围:market=CN、channel=official、sku=新一代哈弗H6 时间:2024-06-19~2024-06-20 ,0.02,,
340,neg,类型:产品发布 阶段:announced 主体:小鹏澳新 对象:小鹏X9 动作:展示七座旗舰车型X9并开放预订 范围:market=AU、channel=official、sku=X9、location=墨尔本 时间:2026-07-21~,类型:产品发布 阶段:effective 主体:奇瑞汽车 对象:25款重磅车型 动作:展出25款重磅车型 范围:market=CN、channel=exhibition、sku=25款重磅车型、location=北京 时间:2024-04-,0.02,,
341,neg,类型:policy_change 阶段:completed 主体:美团优选 对象:美团优选业务 动作:实施提效措施（提价、减补、关仓） 范围:market=CN、channel=official 时间:2024-02-01~2024-02-,类型:policy_change 阶段:announced 主体:淘宝、看山 对象:百大新生代红人 动作:宣布投入10亿扶持百大新生代红人 范围:market=CN、channel=official 时间:2025-04-01~2025-0,0.02,,
342,neg,类型:financial_report 阶段:completed 主体:比亚迪 对象:2025年财务数据 动作:实现全年营收与净利润 范围:market=GLOBAL、channel=official 时间:2025-12-31~2026-,类型:financial_report 阶段:completed 主体:宁德时代 对象:2025年三季报 动作:发布2025年三季报 范围:market=CN、channel=official 时间:2025-10-20~2025-10-2,0.02,,
343,neg,类型:产品发布 阶段:announced 主体:理想汽车 对象:理想i8 动作:公布首款纯电SUV i8的外观造型信息 范围:market=CN、channel=official、sku=i8 时间:2025-02-25~2025-02-2,类型:产品发布 阶段:effective 主体:比亚迪 对象:比亚迪秦L DM-i 动作:正式上市 范围:market=CN、channel=official、sku=比亚迪秦L DM-i、location=海南 时间:2024-06-08,0.02,,
344,neg,类型:expansion 阶段:completed 主体:哈尔滨时代电服科技有限公司、宁德时代 对象:哈尔滨时代电服科技有限公司 动作:成立换电业务新公司 范围:market=CN、location=黑龙江省哈尔滨市松北区 时间:时间未知 ,类型:expansion 阶段:planned 主体:长安汽车 对象:独联体区域KD项目 动作:计划2025年独联体区域KD项目正式投产 范围:market=CIS、location=独联体区域（如哈萨克斯坦、乌兹别克斯坦等） 时间:202,0.02,,
345,neg,类型:产品发布 阶段:completed 主体:比亚迪 对象:第二代刀片电池与闪充技术 动作:发布第二代刀片电池与闪充技术 范围:market=CN 时间:2026-03-01~2026-03-31 [product_launch] (20,类型:产品发布 阶段:completed 主体:小鹏汽车 对象:2026款小鹏X9纯电版 动作:正式上市 范围:market=CN、channel=official、sku=X9纯电版 时间:2026-03-02~2026-03-03 [p,0.02,,
346,neg,类型:产品发布 阶段:announced 主体:华为、余承东 对象:华为 Mate 80、华为 Mate 80 Pro 动作:正式发布 Mate 80 及 Mate 80 Pro 系列机型 范围:market=CN、channel=offi,类型:产品发布 阶段:completed 主体:小米 对象:小米17系列 动作:发布小米17系列旗舰手机 范围:market=CN、channel=official、sku=小米17系列 时间:2025-09-25~2025-09-26 [,0.02,,
347,neg,"类型:sales_report 阶段:completed 主体:OPPO 对象:Find X8系列 动作:核心海外市场首销对比上代增长1-2倍 范围:market=APAC, EU、channel=all、sku=Find X8系列、loc",类型:sales_report 阶段:completed 主体:哈弗 对象:哈弗品牌 动作:公布1月销量 范围:market=CN、channel=official、sku=哈弗品牌 时间:2024-02-06~2024-02-07 [sa,0.03,,
348,neg,类型:产品发布 阶段:effective 主体:华为、智界 对象:智界S7 动作:焕新升级亮相 范围:market=CN、channel=official、sku=智界S7 时间:2024-04-11~2024-04-12 [product,类型:产品发布 阶段:planned 主体:祺迹汽车 对象:Robovan X60 动作:计划投产 范围:market=CN、sku=Robovan X60 时间:2026-01-01~2026-12-31 [product_launch],0.02,,
349,neg,类型:人事变动 阶段:effective 主体:华巍 对象:字节游戏业务 动作:短暂出任游戏业务负责人 范围:market=CN、channel=official 时间:2024-02-01~2024-03-01 [executive_ch,类型:人事变动 阶段:rumored 主体:字节跳动 对象:手机业务 动作:辟谣赵明入职及自研手机计划 范围:market=CN、channel=official 时间:2025-02-07~2025-02-08 [executive_ch,0.03,,
350,neg,类型:other 阶段:completed 主体:李彦宏、百度 对象:优秀员工 动作:内部开会表彰优秀员工 范围:market=CN、channel=internal 时间:2024-05-09~2024-05-10 [other] (20,类型:other 阶段:planned 主体:科大讯飞 对象:2024年年度股东大会 动作:召开年度股东大会 范围:market=CN、channel=official、location=安徽省合肥市高新开发区望江西路666号公司A1楼会议,0.02,,
351,neg,类型:sales_report 阶段:completed 主体:启境 对象:启境GT7 动作:大定突破5200台 范围:market=CN、channel=official、sku=启境GT7 时间:2026-06-26~2026-07-1,类型:sales_report 阶段:completed 主体:智己汽车 对象:智己汽车 动作:公布1-2月销量同比增长数据 范围:market=CN、channel=official、sku=智己汽车 时间:2026-03-01~2026,0.02,,
352,neg,类型:expansion 阶段:planned 主体:永杉锂业 对象:锂盐项目 动作:拟建设一期3万吨电池级碳酸锂项目 范围:market=CN、channel=official、sku=电池级碳酸锂、location=四川省南充市经开化工,类型:expansion 阶段:completed 主体:吉利汽车、湘潭闪聚电池有限公司 对象:吉利乘用车及电池项目PACK车间 动作:交付PACK车间产线区 范围:market=CN、channel=official、sku=PACK车间,0.02,,
353,neg,类型:award 阶段:completed 主体:DJI 大疆 对象:Osmo 360 II 全景相机 动作:获得 17 家国际知名媒体评选的 IFA 2026 最佳展品奖 范围:market=DE、channel=IFA 2026、sku,类型:award 阶段:effective 主体:凯度（Kantar） 对象:比亚迪 动作:发布《2026凯度BrandZ最具价值全球品牌》榜单，比亚迪位列全球汽车品牌第五 范围:market=GLOBAL、channel=official,0.02,,
354,neg,类型:产品发布 阶段:announced 主体:埃安 对象:Ray7 动作:发布Ray7车型 范围:market=CN、channel=official、sku=Ray7 时间:2026-08-21~2026-08-22 [product_,类型:产品发布 阶段:planned 主体:vivo 对象:vivo X500 系列 动作:宣布将于 9 月 21 日正式发布 范围:market=CN、channel=official、sku=vivo X500 系列 时间:2026-0,0.02,,
355,neg,类型:other 阶段:completed 主体:联想 对象:AIPC产业创新论坛 动作:举办首届AIPC产业创新论坛 范围:market=CN、channel=official 时间:时间未知 [other] (?~?) 证据“而且举办了,类型:other 阶段:planned 主体:荣耀终端有限公司、吴晖 对象:上市进程 动作:表示上市进程正在正常推进 范围:market=CN、channel=official、location=博鳌亚洲论坛2024年年会 时间:2024-,0.02,,
356,neg,类型:产品发布 阶段:effective 主体:vivo 对象:vivo X300 Pro 动作:正式发布并公布售价 范围:market=CN、channel=official、sku=vivo X300 Pro 时间:2025-10-13,类型:产品发布 阶段:announced 主体:荣耀 对象:AI离焦护眼技术 动作:发布AI离焦护眼技术 范围:market=CN、channel=official、sku=AI离焦护眼技术、location=上海 时间:2024-06-2,0.02,,
357,neg,类型:产品发布 阶段:planned 主体:理想汽车 对象:理想L6 动作:举行产品发布会 范围:market=CN、channel=official、sku=理想L6 时间:2024-04-18~2024-04-19 [product_l,类型:产品发布 阶段:effective 主体:《恋与深空》游戏官方 对象:恋与深空 动作:开启3.0年度版本“万象遇你·下” 范围:market=GLOBAL、channel=official、sku=恋与深空 3.0版本 时间:2025,0.02,,
358,neg,类型:investment 阶段:planned 主体:宏工科技 对象:新股 动作:开启新股申购 范围:market=CN、channel=official、sku=301662 时间:2025-04-08~2025-04-09 [inve,类型:investment 阶段:completed 主体:联想集团 对象:2029年可转债 动作:回购并注销2.25亿美元旧债 范围:market=HK、channel=official、sku=2029年可转债 时间:2026-06-2,0.02,,
359,neg,类型:sales_report 阶段:completed 主体:南向资金 对象:阿里巴巴-W 动作:净买入 范围:market=HK、channel=southbound、sku=09988.HK 时间:2026-07-29~2026-07,类型:sales_report 阶段:completed 主体:奇瑞集团 对象:汽车 动作:发布8月销量数据 范围:market=CN、channel=official、sku=全品牌 时间:2026-09-01~2026-09-02 [s,0.02,,
360,neg,类型:产品发布 阶段:completed 主体:快手 对象:可灵O1、可灵2.6、可灵3.0系列模型 动作:推出可灵O1、可灵2.6以及可灵3.0系列模型 范围:market=CN、channel=official、sku=可灵AI 时间:,类型:产品发布 阶段:planned 主体:鸿蒙智行 对象:尊界时代旗舰MPV 动作:宣布将于8月5日举办发布会 范围:market=CN、channel=official、sku=尊界时代旗舰MPV 时间:2026-08-05~2026-,0.02,,
361,neg,"类型:产品发布 阶段:effective 主体:蔚来 对象:新ET5、新ET5T 动作:上市 范围:market=CN、channel=official、sku=新ET5, 新ET5T、location=合肥骆岗中央公园 时间:2025-0",类型:产品发布 阶段:completed 主体:快手 对象:可灵大模型 动作:发布可灵大模型 范围:market=GLOBAL、channel=official、sku=可灵大模型 时间:2024-01-01~2024-12-31 [pro,0.02,,
362,neg,类型:other 阶段:effective 主体:网易 对象:AI清退外包员工传言 动作:回应AI清退外包员工传言 范围:market=CN、channel=media 时间:2026-03-18~2026-03-19 [other] (2,类型:other 阶段:announced 主体:姜海荣 对象:荣耀三折叠手机 动作:回应三折叠技术门槛及量产计划 范围:market=CN、channel=official、sku=荣耀三折叠手机 时间:2024-11-20~2024-1,0.02,,
363,neg,类型:产品发布 阶段:completed 主体:字节跳动 对象:豆包 动作:上线“豆包帮你选”功能 范围:market=CN、channel=official、sku=豆包帮你选 时间:2026-04-01~2026-05-01 [prod,类型:产品发布 阶段:announced 主体:广汽、华为乾崑 对象:启境GX7 动作:开启预售 范围:market=CN、channel=official、sku=启境GX7 时间:2026-09-08~2026-09-09 [produ,0.02,,
364,neg,类型:sales_report 阶段:completed 主体:比亚迪 对象:新能源汽车 动作:达成第700万辆新能源汽车下线 范围:market=CN、channel=official、sku=第700万辆、location=济南工厂 时,类型:sales_report 阶段:completed 主体:理想汽车 对象:理想汽车 动作:发布7月交付数据 范围:market=CN、channel=official 时间:2026-08-02~2026-08-03 [sales_r,0.02,,
365,neg,类型:sales_report 阶段:effective 主体:OPPO 对象:Find X9 Ultra 动作:意大利市场首销3小时销售额比Find X9 Pro上涨86% 范围:market=IT、channel=official、sk,类型:sales_report 阶段:completed 主体:上汽集团 对象:自主品牌 动作:发布8月自主品牌销量数据 范围:market=CN、channel=official、sku=自主品牌 时间:2025-09-01~2025-0,0.02,,
366,neg,类型:产品发布 阶段:announced 主体:特斯拉 对象:车载 Grok 动作:升级车载 Grok 支持语音唤醒 范围:market=Global、channel=official、sku=车载 Grok 时间:2026-04-14~2,类型:产品发布 阶段:effective 主体:蔚来 对象:ET9 动作:开启全国交付 范围:market=CN、channel=official、sku=ET9、location=全国 时间:2025-03-29~2025-03-30 [,0.02,,
367,neg,类型:产品发布 阶段:effective 主体:鸿蒙智行、智界 对象:智界V9 动作:上市发布 范围:market=CN、channel=official、sku=智界V9 时间:2026-05-16~2026-05-17 [product,类型:产品发布 阶段:effective 主体:联想 对象:万全异构智算平台 动作:发布万全异构智算平台 范围:market=CN、channel=official、sku=万全异构智算平台、location=2024中国算力大会 时间:2,0.02,,
368,neg,类型:产品发布 阶段:completed 主体:广汽集团 对象:昊铂GT攀登版 动作:昊铂GT攀登版下线 范围:market=CN、channel=official、sku=昊铂GT攀登版 时间:2025-01-01~2025-12-31 ,类型:产品发布 阶段:planned 主体:一加 对象:一加 15T 动作:暂定 3 月发布 范围:market=CN、channel=official、sku=一加 15T 时间:2026-03-01~2026-03-31 [produc,0.02,,
369,neg,类型:价格调整 阶段:announced 主体:理想汽车 对象:理想i8 动作:调整配置并下调售价 范围:market=CN、channel=official、sku=理想i8 Max 时间:2025-08-05~2025-08-06 [p,类型:价格调整 阶段:effective 主体:百度 对象:文心4.5 Turbo 动作:降价 范围:market=CN、channel=official、sku=文心4.5 Turbo 时间:时间未知 [price_change] (?~,0.02,,
370,neg,类型:产品发布 阶段:announced 主体:上汽大众 对象:ID. ERA 5S 动作:公布更多产品信息 范围:market=CN、channel=official、sku=ID. ERA 5S、location=深圳 时间:2026-,类型:产品发布 阶段:completed 主体:快手可灵AI、星芒短剧、异类Outliers团队 对象:《新世界加载中》 动作:举行首映礼 范围:market=CN、channel=official、sku=AI单元故事集、location,0.02,,
371,neg,类型:sales_report 阶段:completed 主体:小鹏汽车 对象:小鹏汽车 动作:公布1-9月累计交付成绩 范围:market=CN、channel=official、sku=全品牌 时间:2024-10-01~2024-10,类型:sales_report 阶段:completed 主体:理想汽车 对象:理想汽车 动作:公布1月新车交付量 范围:market=CN、channel=official 时间:2026-01-01~2026-01-31 [sales_,0.02,,
372,neg,类型:产品发布 阶段:planned 主体:儒意景秀、腾讯 对象:《世界启元》 动作:定档7月公测 范围:market=CN、channel=official、sku=《世界启元》 时间:2024-07-01~2024-08-01 [pro,类型:产品发布 阶段:effective 主体:科大讯飞、安徽省人民检察院 对象:AI辅助办案系统 动作:正式上线 范围:market=CN、channel=official、sku=AI辅助办案系统、location=安徽省 时间:202,0.02,,
373,neg,类型:sales_report 阶段:completed 主体:中国电动汽车 对象:欧洲市场 动作:销量占比首次超过15% 范围:market=EU、channel=all、sku=电动汽车、location=欧洲 时间:2026-04-0,类型:sales_report 阶段:completed 主体:比亚迪 对象:乘用车及皮卡 动作:公布上半年累计销量及海外销量 范围:market=GLOBAL、channel=official 时间:2026-06-30~2026-07-,0.03,,
374,neg,类型:policy_change 阶段:announced 主体:美团 对象:全职及稳定兼职骑手 动作:宣布为骑手缴纳社保 范围:market=CN、channel=official、sku=美团外卖、location=全国 时间:2025,类型:policy_change 阶段:announced 主体:外交部 对象:台湾实体名单 动作:回应华为中芯国际被列入台湾实体名单 范围:market=CN、channel=official 时间:2025-06-18~2025-06-,0.02,,
375,neg,类型:sales_report 阶段:completed 主体:特斯拉 对象:新能源车型 动作:公布7月香港销量 范围:market=HK、channel=all、sku=新能源车型、location=香港 时间:2024-07-01~20,类型:sales_report 阶段:completed 主体:奇瑞集团 对象:汽车 动作:发布8月销量数据 范围:market=CN、channel=official、sku=全品牌 时间:2026-09-01~2026-09-02 [s,0.02,,
376,neg,类型:产品发布 阶段:effective 主体:广汽本田 对象:e:NP2极湃2 动作:正式发售 范围:market=CN、channel=official、sku=e:NP2极湃2、location=上海 时间:2024-05-10~20,类型:产品发布 阶段:effective 主体:哈弗 对象:二代哈弗H9柴油版 动作:正式上市 范围:market=CN、channel=official、sku=二代哈弗H9柴油版 时间:2024-12-05~2024-12-06 [pr,0.02,,
377,neg,类型:other 阶段:completed 主体:淘宝闪购 对象:日订单 动作:日订单数超8000万 范围:market=CN、channel=platform 时间:2025-07-05~2025-07-06 [other] (2025-,类型:other 阶段:announced 主体:特斯拉 对象:预告视频 动作:发布预告视频 范围:market=CN、channel=official 时间:2025-10-05~2025-10-06 [other] (2025-10-0,0.02,,
378,neg,类型:产品发布 阶段:announced 主体:腾势 对象:腾势Z9 动作:亮相并开启全球预售 范围:market=GLOBAL、channel=official、sku=腾势Z9 时间:2024-08-23~2024-08-24 [pro,类型:产品发布 阶段:planned 主体:理想汽车、李想 对象:全新理想L9系列 动作:计划于第二季度正式发布 范围:market=CN、channel=official、sku=全新理想L9系列 时间:2026-04-01~2026-0,0.02,,
379,neg,类型:产品发布 阶段:announced 主体:星途 对象:星途ES8、星途ET8、星途ET9、星途ES7 GT 动作:亮相四款新车型 范围:market=CN、channel=official、sku=ES8/ET8/ET9/ES7 GT,类型:产品发布 阶段:effective 主体:豆包 对象:AI播客功能 动作:全量上线AI播客功能 范围:market=CN、channel=official、sku=电脑版 时间:2025-06-17~2025-06-18 [produ,0.02,,
380,neg,类型:other 阶段:announced 主体:上汽集团 对象:A股股票 动作:发布股票交易异常波动公告 范围:market=CN、channel=official 时间:2024-11-13~2024-11-14 [other] (20,类型:other 阶段:planned 主体:科大讯飞 对象:2025年年度股东大会 动作:召开2025年年度股东大会 范围:market=CN、channel=official、location=安徽省合肥市高新开发区望江西路666号公司,0.02,,
381,neg,类型:产品发布 阶段:planned 主体:广汽丰田 对象:支持快充的插混车型 动作:计划在中国市场上市支持快充的插混车型 范围:market=CN、channel=official、sku=支持快充的插混车型 时间:2024-10-01~,类型:产品发布 阶段:effective 主体:微信 对象:微信群蓝包 动作:上线微信群蓝包功能 范围:market=CN、channel=official、sku=微信群蓝包 时间:2025-01-25~2025-01-26 [produ,0.02,,
382,neg,类型:award 阶段:completed 主体:长城汽车 对象:坦克300 HEV 动作:荣获最佳混合动力四驱越野车大奖 范围:market=TH、channel=official、sku=坦克300 HEV、location=泰国、bu,类型:award 阶段:effective 主体:比亚迪 对象:中国品牌“出海”案例 动作:入选中国品牌“出海”案例 范围:market=CN、channel=exhibition、location=上海世博展览馆 时间:2024-05-1,0.02,,
383,neg,类型:financial_report 阶段:completed 主体:苹果 对象:2025财年第四季度财报 动作:发布季度财报 范围:market=GLOBAL、channel=official 时间:2026-01-29~2026-01,类型:financial_report 阶段:planned 主体:中国人民银行 对象:中国7月金融数据 动作:公布7月金融数据 范围:market=CN、channel=official 时间:2024-08-15~2024-08-16 ,0.02,,
384,neg,类型:sales_report 阶段:effective 主体:OPPO 对象:Find X9 Ultra 动作:法国市场512GB版本全面售罄 范围:market=FR、channel=official、sku=Find X9 Ultra,类型:sales_report 阶段:completed 主体:荣耀 对象:拉美市场 动作:出货量增长30%并排名第四 范围:market=LATAM、channel=all、sku=all、location=拉美 时间:2026-01-0,0.02,,
385,neg,类型:产品发布 阶段:announced 主体:百度、沈抖 对象:产业智能体操作系统 动作:介绍产业智能体操作系统理念 范围:market=CN、channel=official、sku=产业智能体操作系统、location=2026智能经,"类型:产品发布 阶段:completed 主体:可灵AI 对象:可灵O1、可灵2.6、可灵3.0系列模型 动作:推出可灵O1、可灵2.6以及可灵3.0系列模型 范围:market=CN、channel=official、sku=可灵O1, ",0.03,,
386,neg,类型:sales_report 阶段:completed 主体:美团 对象:元旦假期消费数据 动作:发布元旦假期消费数据 范围:market=CN、channel=official 时间:2024-01-01~2024-01-02 [sal,类型:sales_report 阶段:completed 主体:吉利汽车 对象:新能源汽车 动作:公布1月零售销量 范围:market=CN、channel=retail、sku=新能源汽车 时间:2025-01-01~2025-01-31,0.02,,
387,neg,类型:other 阶段:completed 主体:伯恩斯坦 对象:研报 动作:发布研报 范围:market=CN、channel=official 时间:2025-05-07~2025-05-08 [other] (2025-05-07T0,类型:other 阶段:announced 主体:嘉实京东仓储基础设施REIT 对象:嘉实京东仓储基础设施REIT 动作:宣布停牌1小时 范围:market=CN、channel=official 时间:2024-01-07~2024-01,0.02,,
388,neg,类型:financial_report 阶段:completed 主体:联想 对象:联想中国区 动作:公布前三财季营收与利润增长数据 范围:market=CN、channel=official、location=中国区 时间:2025-04,类型:financial_report 阶段:announced 主体:百度 对象:2026年一季度财报 动作:公布2026年一季度财报 范围:market=CN、channel=official 时间:2026-05-18~2026-05,0.02,,
389,neg,类型:expansion 阶段:completed 主体:游戏科学 对象:杭州新公司 动作:成立杭州新公司 范围:market=CN、channel=official、location=杭州 时间:时间未知 [expansion] (?~?,类型:expansion 阶段:effective 主体:芜湖众霖模具 对象:800T产线、2500T产线和五机连线 动作:产线运行投产 范围:market=CN、channel=production、location=芜湖 时间:时间未知,0.02,,
390,neg,类型:产品发布 阶段:announced 主体:阿里巴巴 对象:千问App 动作:宣布全面接入淘宝、支付宝、飞猪、高德等生态场景 范围:market=CN、channel=official、sku=千问App 时间:2026-01-15~2,类型:产品发布 阶段:planned 主体:字节 对象:豆包手机助手正式版 动作:开启豆包手机助手正式版项目 范围:market=CN、channel=official、sku=豆包手机助手正式版 时间:2025-12-01~2025-12,0.03,,
391,neg,类型:sales_report 阶段:completed 主体:昆仑芯 对象:昆仑芯P800 动作:交付多个万卡集群 范围:market=CN、sku=P800 时间:2025-01-01~2026-06-29 [sales_report],类型:sales_report 阶段:completed 主体:京东 对象:2024年京东11.11 动作:公布购物用户数同比增长超20%，采销直播订单量同比增长3.8倍 范围:market=CN、channel=official 时间:2,0.02,,
392,neg,类型:产品发布 阶段:planned 主体:realme 对象:realme 真我 16 Pro / Pro+ 动作:计划发布 范围:market=CN、channel=official、sku=realme 真我 16 Pro / Pro,类型:产品发布 阶段:announced 主体:理想汽车 对象:理想L系列智能焕新版 动作:发布理想L系列智能焕新版 范围:market=CN、sku=理想L系列智能焕新版 时间:2025-04-01~2025-06-01 [product,0.02,,
393,neg,类型:产品发布 阶段:announced 主体:华为 对象:鸿蒙电脑 动作:发布新品 范围:market=CN、channel=official、sku=鸿蒙电脑 时间:2025-05-19~2025-05-20 [product_laun,类型:产品发布 阶段:effective 主体:可灵AI 对象:可灵O1 动作:发布全球首个统一的多模态视频及图片创作工具 范围:market=Global、channel=official、sku=可灵O1 时间:2025-12-01~2,0.03,,
394,neg,类型:other 阶段:announced 主体:王兴、美团 对象:AI发展 动作:强调AI重要性，表示积极拥抱AI 范围:market=CN、channel=official 时间:2026-03-13~2026-03-14 [other,类型:other 阶段:completed 主体:特斯拉 对象:特斯拉保险经纪有限公司 动作:注销保险经纪公司 范围:market=CN 时间:2024-04-01~2024-04-30 [other] (2024-04-01T00:00:,0.02,,
395,neg,类型:expansion 阶段:planned 主体:宁德时代 对象:厦门时代二期项目 动作:建设动力电池生产线 范围:market=CN、channel=official、sku=全智能化新能源动力电池、location=福建厦门 时间:,类型:expansion 阶段:effective 主体:广汽集团 对象:广东慧仑科技有限公司 动作:宣布孵化成立具身智能机器人公司 范围:market=CN、channel=official、location=广州 时间:2026-02-,0.02,,
396,neg,类型:产品发布 阶段:announced 主体:海信 对象:2026影游旗舰E8S、《影之刃零》 动作:发布新品并联动游戏 范围:market=CN、channel=official、sku=E8S 时间:时间未知 [product_lau,"类型:产品发布 阶段:announced 主体:小鹏汽车 对象:小鹏P7+、小鹏汇天旅航者X2飞行汽车、人形机器人 动作:在米兰设计周展示产品 范围:market=IT、channel=exhibition、sku=P7+, 旅航者X2, ",0.03,,
397,neg,类型:financial_report 阶段:completed 主体:美团 对象:2025年第二季度及半年业绩报告 动作:发布2025年第二季度及半年业绩报告 范围:market=CN、channel=official 时间:2025-0,类型:financial_report 阶段:completed 主体:联想集团 对象:四季度财报 动作:公布四季度财报 范围:market=HK、channel=official 时间:时间未知 [financial_report] (?,0.03,,
398,neg,类型:产品发布 阶段:announced 主体:OPPO 对象:PKV110 动作:现身工信部并公示证件照 范围:market=CN、channel=official、sku=PKV110、location=工信部 时间:2024-12-1,类型:产品发布 阶段:announced 主体:字节跳动Seed团队 对象:Seed Diffusion Preview 动作:发布实验性扩散语言模型 范围:market=CN、channel=official、sku=Seed Diffu,0.02,,
399,neg,类型:sales_report 阶段:completed 主体:腾讯 对象:《三角洲行动》 动作:国内日活跃账户数峰值突破1200万 范围:market=CN、channel=official 时间:2025-04-01~2025-05-0,类型:sales_report 阶段:completed 主体:理想汽车 对象:理想汽车 动作:公布2026年3月交付数据 范围:market=CN、channel=official、sku=全品牌 时间:2026-04-01~2026-0,0.02,,
400,neg,类型:other 阶段:completed 主体:刘靖康、影石创新 对象:2025年年度股东会 动作:在股东会上阐述竞争策略与AI投入目标 范围:market=CN、channel=official 时间:时间未知 [other] (?~?,类型:other 阶段:announced 主体:招商证券 对象:小米集团-W 动作:维持强烈推荐评级 范围:market=HK、channel=research_report、sku=01810 时间:2025-11-25~2025-11,0.02,,
401,neg,类型:产品发布 阶段:completed 主体:联想 对象:联想拯救者Y7000P、联想拯救者Y9000P、联想拯救者Y9000X、联想拯救者Y9000K 动作:发布四款新品笔记本 范围:market=CN、channel=official,类型:产品发布 阶段:effective 主体:华为 对象:HUAWEI MateBook Pro、HUAWEI MateBook Fold非凡大师 动作:正式发布两款鸿蒙电脑 范围:market=CN、channel=official、s,0.02,,
402,neg,类型:产品发布 阶段:effective 主体:快手 对象:可灵视频生成大模型 动作:官网正式上线 范围:market=CN、channel=official、sku=可灵 时间:时间未知 [product_launch] (?~?) 证据,"类型:产品发布 阶段:announced 主体:上汽大众 对象:ID. ERA 9X 动作:公布增程SUV ID. ERA 9X 预售价格 范围:market=CN、channel=official、sku=Pro, Max, Ultra、",0.02,,
403,neg,类型:sales_report 阶段:completed 主体:联想集团 对象:基础设施业务 动作:发布第三财季营收同比增长超30%的业绩 范围:market=CN、channel=internal_email、sku=基础设施业务、loc,类型:sales_report 阶段:completed 主体:小米 对象:小米SU7 动作:发布1月销量数据，因停产致销量下跌超20% 范围:market=CN、channel=official、sku=小米SU7 时间:2026-02-,0.02,,
404,neg,类型:investment 阶段:announced 主体:香港投资管理有限公司 对象:思谋科技 动作:宣布投资 范围:market=HK、channel=official 时间:2024-06-12~2024-06-13 [investm,类型:investment 阶段:announced 主体:阿里巴巴 对象:可转换票据 动作:设定可转换票据票面利率 范围:market=US、channel=media、sku=45亿美元可转债 时间:2024-05-23~2024-05,0.03,,
405,neg,类型:policy_change 阶段:effective 主体:广汽丰田 对象:厂家直销保养套餐 动作:推出保养套餐 范围:market=CN、channel=official、location=全国600多家4S店 时间:2026-02,类型:policy_change 阶段:announced 主体:联想集团、刘军 对象:AI解决方案与服务业务 动作:公布AI解决方案与服务业务全新策略“一擎四舰” 范围:market=CN、channel=official、locatio,0.02,,
406,neg,类型:产品发布 阶段:effective 主体:大众 对象:帕萨特Pro、帕萨特出众款 动作:上市 范围:market=CN、channel=official、sku=帕萨特380TSI家族 时间:2024-09-10~2024-09-11,类型:产品发布 阶段:announced 主体:联想 对象:天禧个人智能体系统（天禧AS） 动作:宣布天禧AS深度融合新一代先进大模型，能力获得重大升级 范围:market=GLOBAL、channel=official、sku=天禧AS ,0.02,,
407,neg,类型:sales_report 阶段:completed 主体:问界 对象:问界 动作:单月交付 范围:market=CN、channel=official、sku=问界全系 时间:2026-01-01~2026-02-01 [sales_,类型:sales_report 阶段:effective 主体:Canalys 对象:vivo 动作:发布报告显示vivo出货量市占率第一 范围:market=CN、channel=null、sku=null、location=null、b,0.02,,
408,neg,类型:financial_report 阶段:announced 主体:蔚来 对象:2025年第四季度及全年财报 动作:发布财报 范围:market=CN 时间:2026-03-10~2026-03-11 [financial_report,类型:financial_report 阶段:completed 主体:美团 对象:美团 动作:公布第三季度财务业绩 范围:market=CN、channel=official 时间:时间未知 [financial_report] (?~?,0.03,,
409,neg,类型:产品发布 阶段:effective 主体:阿里巴巴 对象:OPT（一人团队）十大行业解决方案 动作:发布OPT十大行业解决方案 范围:market=CN、channel=official、sku=OPT 时间:2026-03-17~2,类型:产品发布 阶段:completed 主体:华为 对象:Mate 80系列 动作:发布 范围:market=CN、channel=official、sku=Mate 80系列 时间:2025-11-25~2025-11-26 [prod,0.02,,
410,neg,类型:产品发布 阶段:announced 主体:腾势汽车 对象:易三方 动作:发布全新专属技术平台 范围:market=CN、channel=exhibition、sku=易三方、location=北京车展 时间:2024-04-25~20,类型:产品发布 阶段:planned 主体:网易游戏 对象:《无限大》 动作:官宣2027年1月15日全球公测 范围:market=GLOBAL、channel=official、sku=《无限大》、location=德国科隆 时间:202,0.02,,
411,neg,类型:产品发布 阶段:completed 主体:字节 对象:扣子 动作:面向国内正式上线 范围:market=CN、sku=扣子 时间:2024-03-01~2024-04-01 [product_launch] (2024-03-01T0,类型:产品发布 阶段:announced 主体:特斯拉 对象:Robovan 动作:发布无人驾驶厢式货车 范围:market=CN、channel=official、sku=Robovan 时间:2024-10-11~2024-10-12 ,0.03,,
412,neg,类型:expansion 阶段:announced 主体:宁德时代、河南洛阳市人民政府、国宏集团 对象:中州时代项目二期 动作:签署协议拟新增投资建设年产60GWh电池项目 范围:market=CN、channel=official、sku,类型:expansion 阶段:completed 主体:科大讯飞 对象:南阳科大讯飞信息科技有限公司 动作:成立新公司 范围:market=CN、location=南阳 时间:时间未知 [expansion] (?~?) 证据“南阳科大讯,0.03,,
413,neg,类型:sales_report 阶段:completed 主体:宁德时代 对象:动力电池 动作:公布2025年动力电池销量 范围:market=GLOBAL、channel=annual_report、sku=动力电池 时间:2026-05,类型:sales_report 阶段:completed 主体:吉利汽车 对象:乘用车 动作:公布11月销量数据 范围:market=CN、channel=official、sku=乘用车 时间:2025-12-01~2025-12-02 ,0.02,,
414,neg,类型:合作签约 阶段:announced 主体:vivo、蚂蚁集团 对象:蓝心小V、阿宝 动作:宣布围绕蓝心小V与支付宝超级服务智能体“阿宝”展开深度合作 范围:market=CN、channel=official 时间:2026-08-1,类型:合作签约 阶段:announced 主体:中恒科技投资、中恒电气、宁德时代、时代天源 对象:战略合作协议 动作:签署战略合作协议，聚焦算力、新能源、新型电力系统三大领域 范围:market=CN、channel=official 时间,0.03,,
415,neg,类型:policy_change 阶段:effective 主体:国家新闻出版署 对象:《宝藏猎人》 动作:获批游戏版号 范围:market=CN、channel=official、sku=《宝藏猎人》 时间:2026-04-29~2026,类型:policy_change 阶段:announced 主体:阿里巴巴 对象:子业务 动作:启动“1+6+N”改组计划 范围:market=CN、channel=official 时间:2023-04-10~2023-04-11 [po,0.02,,
416,neg,"类型:产品发布 阶段:planned 主体:理想汽车 对象:MEGA右舵版本 动作:推出右舵版本 范围:market=HK, SG、sku=MEGA右舵版本、location=香港、新加坡 时间:2026-12-01~2026-12-31 ",类型:产品发布 阶段:planned 主体:影石创新、刘靖康 对象:Luna 动作:宣布首款手持云台相机定名Luna并计划今年上半年发布 范围:market=CN、channel=official、sku=Luna 时间:2026-02-1,0.02,,
417,neg,类型:产品发布 阶段:planned 主体:苹果公司 对象:iPhone SE、自研调制解调器芯片 动作:计划发布配备自研调制解调器的iPhone SE 范围:market=Global、channel=official、sku=iPhon,类型:产品发布 阶段:announced 主体:小米 对象:小米澎湃OS 3 动作:正式发布 范围:market=CN、channel=official、sku=小米澎湃OS 3 时间:2025-08-28~2025-08-29 [prod,0.03,,
418,neg,类型:产品发布 阶段:planned 主体:科大讯飞 对象:星火语音大模型 动作:计划首次发布星火语音大模型 范围:market=CN、sku=星火语音大模型 时间:2024-01-30~2024-01-31 [product_launch,类型:产品发布 阶段:effective 主体:一加 对象:一加 Ace 3V 动作:正式发布手机 范围:market=CN、channel=official、sku=一加 Ace 3V 时间:2024-03-21~2024-03-22 [,0.03,,
419,neg,类型:sales_report 阶段:completed 主体:极氪 对象:新车 动作:交付新车 范围:market=CN、channel=official 时间:2024-04-01~2024-06-30 [sales_report] (,类型:sales_report 阶段:completed 主体:淘宝闪购 对象:日订单量 动作:日订单量创下新纪录 范围:market=CN、channel=official 时间:2025-08-07~2025-08-08 [sales_,0.02,,
420,neg,类型:产品发布 阶段:effective 主体:小米 对象:小米SU7 动作:正式发布并公布定价 范围:market=CN、channel=official、sku=标准版/Pro版/Max版 时间:2024-03-28~2024-03-2,类型:产品发布 阶段:announced 主体:联想 对象:万全异构智算平台3.0 动作:升级万全异构智算平台至3.0版本 范围:market=CN、channel=official、sku=万全异构智算平台3.0、location=202,0.02,,
421,neg,类型:sales_report 阶段:planned 主体:吉利汽车 对象:海外出口 动作:预计6月海外出口销量 范围:market=GLOBAL、channel=export、sku=all 时间:2026-06-01~2026-06-3,类型:sales_report 阶段:completed 主体:萝卜快跑 对象:自动驾驶订单 动作:自动驾驶订单同比增长 范围:market=CN、channel=official 时间:2024-04-01~2024-06-30 [sal,0.02,,
422,neg,类型:产品发布 阶段:planned 主体:华为 对象:昇腾950超节点 动作:计划上市 范围:market=CN、channel=official、sku=昇腾950超节点 时间:2026-10-01~2026-12-31 [produc,类型:产品发布 阶段:planned 主体:比亚迪 对象:海狮07特别定制版 动作:推出特别定制版车型 范围:market=GLOBAL、channel=official、sku=海狮07 时间:时间未知 [product_launch] ,0.02,,
423,neg,类型:产品发布 阶段:planned 主体:小米汽车 对象:小米YU7 动作:预计正式上市 范围:market=CN、sku=小米YU7 时间:2025-06-01~2025-07-31 [product_launch] (2025-06-,类型:产品发布 阶段:effective 主体:广汽集团 对象:GoMate 动作:发布第三代具身智能人形机器人 范围:market=CN、channel=official、sku=GoMate 时间:2024-12-26~2024-12-,0.02,,
424,neg,类型:policy_change 阶段:effective 主体:国家新闻出版署 对象:《异克斯小队》 动作:获批游戏版号 范围:market=CN、channel=official、sku=异克斯小队 时间:2026-06-30~2026,类型:policy_change 阶段:announced 主体:特朗普 对象:TikTok 动作:宣布签署行政令给予TikTok 75天宽限期 范围:market=US、channel=social_media、sku=TikTok、lo,0.02,,
425,neg,"类型:sales_report 阶段:completed 主体:蔚来 对象:ES8 动作:零售销量达11,472台 范围:market=CN、channel=retail、sku=ES8 时间:2026-05-01~2026-05-31 [",类型:sales_report 阶段:completed 主体:网易 对象:《燕云十六声》 动作:发布2026年一季度财报显示产品海外业绩创新高 范围:market=GLOBAL、channel=official、sku=《燕云十六声》 时,0.02,,
426,neg,类型:sales_report 阶段:completed 主体:美团 对象:全国县域本地生活服务 动作:发布五一假期县域本地生活服务消费数据 范围:market=CN、channel=platform、sku=本地生活服务、location,类型:sales_report 阶段:completed 主体:广汽集团 对象:海外市场 动作:第一季度海外市场销量同比增长86% 范围:market=OVERSEAS 时间:2026-01-01~2026-03-31 [sales_rep,0.02,,
427,neg,类型:产品发布 阶段:announced 主体:长城汽车、坦克 对象:坦克400汽油版 动作:发布坦克400汽油版 范围:market=CN、channel=exhibition、sku=坦克400汽油版、location=成都 时间:20,类型:产品发布 阶段:effective 主体:小鹏集团 对象:第二代VLA 动作:正式向用户推送 范围:market=CN、channel=ota、sku=第二代VLA 时间:2026-03-01~2026-03-31 [product_,0.02,,
428,neg,类型:产品发布 阶段:completed 主体:理想汽车 对象:无图NOA 动作:向24万AD Max用户推送无图NOA 范围:market=CN、channel=ota、sku=AD Max 时间:2024-07-01~2024-07-3,类型:产品发布 阶段:effective 主体:微信团队 对象:“送礼物”功能 动作:将“送礼物”功能接入聊天场景 范围:market=CN、channel=official、sku=“送礼物”功能 时间:2025-01-17~2025-0,0.02,,
429,neg,"类型:market_entry 阶段:effective 主体:长城汽车 对象:坦克300、坦克500 动作:进入中东、南非、墨西哥、印尼、泰国市场 范围:market=ME, ZA, MX, ID, TH、channel=official",类型:market_entry 阶段:planned 主体:京东 对象:2024年伦敦时装周 动作:参加伦敦时装周 范围:market=UK、channel=official、location=伦敦 时间:2024-09-15~2024-0,0.02,,
430,neg,类型:产品发布 阶段:planned 主体:《射雕》 对象:华山论剑 动作:宣布开启新章回 范围:market=CN、channel=official、sku=射雕 时间:2025-06-12~2025-06-13 [product_lau,类型:产品发布 阶段:effective 主体:百度、李彦宏 对象:高说服力数字人 动作:发布高说服力数字人 范围:market=CN、channel=official、sku=高说服力数字人、location=武汉 时间:2025-04-,0.02,,
431,neg,类型:产品发布 阶段:announced 主体:腾讯游戏 对象:《怪物猎人：旅人》 动作:首次曝光实机画面 范围:market=CN、channel=official_weibo 时间:2025-09-25~2025-09-26 [prod,类型:产品发布 阶段:announced 主体:广汽传祺 对象:传祺越7 动作:首发亮相 范围:market=CN、channel=official、sku=越7、location=北京车展 时间:2026-04-24~2026-04-25,0.02,,
432,neg,类型:award 阶段:completed 主体:vivo 对象:2024 vivo影像加手机摄影大赛 动作:揭晓摄影大赛获奖结果 范围:market=CN、channel=official、location=西宁 时间:2024-07-2,类型:award 阶段:completed 主体:蔚来 对象:ET9线控转向系统 动作:获得E-Mark认证 范围:market=CN/EU、channel=official、sku=ET9 时间:时间未知 [award] (?~?) 证据,0.02,,
433,neg,类型:产品发布 阶段:completed 主体:vivo 对象:vivo X Fold3系列 动作:发布折叠旗舰 范围:market=CN、channel=official、sku=vivo X Fold3系列 时间:2024-03-26~,类型:产品发布 阶段:completed 主体:小鹏集团 对象:小鹏GX 动作:正式上市并开启交付 范围:market=CN、channel=official、sku=小鹏GX 时间:2026-05-20~2026-05-21 [produ,0.02,,
434,neg,类型:policy_change 阶段:announced 主体:吉利汽车 对象:2025年销量目标 动作:上调年度销量目标 范围:market=CN 时间:2025-07-24~2025-07-25 [policy_change] (20,类型:policy_change 阶段:effective 主体:腾讯 对象:元梦之星 动作:增加客户端版本申报 范围:market=CN、channel=official、sku=客户端版本 时间:2025-05-21~2025-05-2,0.03,,
435,neg,类型:产品发布 阶段:planned 主体:苹果 对象:Apple Intelligence 动作:推出简体中文版本 范围:market=Global、sku=简体中文版 时间:2025-04-01~2025-04-30 [product_,类型:产品发布 阶段:planned 主体:网易 对象:《永劫无间》手游 动作:计划上线 范围:market=CN、channel=official、sku=手游 时间:2024-07-01~2024-08-31 [product_laun,0.02,,
436,neg,类型:产品发布 阶段:announced 主体:苹果 对象:iPhone 17 动作:发布新款手机 范围:market=CN、channel=official、sku=iPhone 17 时间:2025-09-10~2025-09-11 [,类型:产品发布 阶段:planned 主体:B站 对象:《难哄》 动作:首次动画化 范围:market=CN、channel=official、sku=《难哄》 时间:时间未知 [product_launch] (?~?) 证据“晋江IP小,0.02,,
437,neg,类型:产品发布 阶段:completed 主体:特斯拉 对象:6座版Model YL 动作:推出6座版车型 范围:market=CN、sku=6座版Model YL 时间:2025-08-01~2025-08-31 [product_lau,类型:产品发布 阶段:effective 主体:微信 对象:微信Windows 4.0.2测试版本 动作:发布测试版本并支持电脑端收取红包 范围:market=CN、channel=official、sku=微信Windows 4.0.2 ,0.02,,
438,neg,类型:policy_change 阶段:completed 主体:字节跳动 对象:大力教育 动作:架构调整承接业务 范围:market=CN、channel=internal 时间:2021-11-01~2021-12-01 [policy,类型:policy_change 阶段:completed 主体:抖音 对象:随心团 动作:将团购配送升级为“随心团” 范围:market=CN、channel=official、sku=随心团 时间:2024-11-01~2024-12-,0.02,,
439,neg,类型:sales_report 阶段:completed 主体:小米 对象:双11大促 动作:公布双11全渠道累计支付金额 范围:market=CN、channel=all_channels 时间:2025-11-11~2025-11-12,类型:sales_report 阶段:completed 主体:天猫 对象:双11开售首小时 动作:公布双11开售首小时品牌成交数据 范围:market=CN、channel=official 时间:2025-10-20~2025-10-2,0.03,,
440,neg,类型:产品发布 阶段:announced 主体:蔚来 对象:ET9百万纪念限量版 动作:推出ET9百万纪念限量版 范围:market=CN、channel=official、sku=ET9百万纪念限量版 时间:2026-01-06~2026,类型:产品发布 阶段:effective 主体:vivo 对象:蓝河操作系统2 动作:发布蓝河操作系统2 范围:market=CN、channel=official、sku=蓝河操作系统2 时间:2024-10-10~2024-10-11 ,0.02,,
441,neg,类型:产品发布 阶段:completed 主体:联想 对象:全球第一台具备五大特征、真正意义上的AIPC 动作:率先上市 范围:market=GLOBAL、channel=official、sku=AIPC 时间:时间未知 [product,类型:产品发布 阶段:planned 主体:雷诺吉利巴西公司 对象:雷诺全新车型 动作:计划投产 范围:market=BR、channel=official、sku=雷诺全新车型、location=巴西 时间:2027-01-01~2027,0.03,,
442,neg,类型:sales_report 阶段:completed 主体:鸿蒙智行 对象:尊界S800 动作:宣布上市四个月大定达1.5万台 范围:market=CN、channel=official、sku=尊界S800 时间:2025-09-26,类型:sales_report 阶段:planned 主体:江波龙 对象:UFS4.1产品 动作:表示旗舰存储产品正在批量出货前夕 范围:market=Global、channel=official、sku=UFS4.1 时间:时间未知 [,0.02,,
443,neg,类型:产品发布 阶段:effective 主体:飞书 对象:飞书8.0 动作:发布8.0版本 范围:market=CN、channel=official、sku=飞书8.0 时间:2026-09-15~2026-09-16 [product,类型:产品发布 阶段:announced 主体:小鹏汽车、何小鹏 对象:小鹏XNGP 动作:宣布XNGP升级为“全国都好用”并全量开放 范围:market=CN、channel=official、sku=小鹏XNGP、location=广州,0.02,,
444,neg,类型:sales_report 阶段:completed 主体:OPPO 对象:Find X8系列 动作:首销月出货量超100万台 范围:market=CN、sku=Find X8系列 时间:时间未知 [sales_report] (?~?,类型:sales_report 阶段:completed 主体:宁德时代 对象:动力电池 动作:公布2025年动力电池销量 范围:market=GLOBAL、channel=annual_report、sku=动力电池 时间:2026-05,0.02,,
445,neg,类型:产品发布 阶段:announced 主体:华为、余承东 对象:华为 Mate 80、华为 Mate 80 Pro 动作:正式发布 Mate 80 及 Mate 80 Pro 系列机型 范围:market=CN、channel=offi,类型:产品发布 阶段:effective 主体:OPPO 对象:Find X8系列 动作:首次搭载AI一键闪记能力 范围:market=CN、channel=official、sku=Find X8系列 时间:2025-04-01~2025,0.02,,
446,neg,类型:产品发布 阶段:planned 主体:广汽埃安 对象:智能轿跑 动作:计划推出智能轿跑 范围:market=CN、channel=official、sku=智能轿跑 时间:2026-10-01~2026-12-31 [product_,类型:产品发布 阶段:completed 主体:联想 对象:联想拯救者Y7000P、联想拯救者Y9000P、联想拯救者Y9000X、联想拯救者Y9000K 动作:发布四款新品笔记本 范围:market=CN、channel=official,0.02,,
447,neg,类型:产品发布 阶段:completed 主体:广汽高域 对象:多旋翼产品 动作:首台下线 范围:market=CN、sku=多旋翼产品、location=广州市黄埔区 时间:2026-05-29~2026-05-30 [product_l,类型:产品发布 阶段:announced 主体:联想 对象:ThinkSystem SC750 V4服务器 动作:展出新一代全液冷高密度服务器 范围:market=CN、channel=official、sku=ThinkSystem SC,0.02,,
448,neg,类型:sales_report 阶段:effective 主体:腾讯元宝 对象:中国区苹果免费APP下载排行榜 动作:下载量反超豆包，升至排行榜第二 范围:market=CN、channel=App Store、sku=腾讯元宝 时间:20,类型:sales_report 阶段:completed 主体:捷途品牌 对象:捷途品牌汽车 动作:公布8月销量数据 范围:market=CN、channel=official、sku=捷途品牌 时间:2026-09-01~2026-09-,0.02,,
449,neg,类型:other 阶段:planned 主体:恒指公司 对象:恒生指数系列检讨结果 动作:宣布2025年第一季度之恒生指数系列检讨结果 范围:market=HK、channel=official 时间:2025-05-12~2025-05-,类型:other 阶段:completed 主体:联得装备 对象:京东方第8.6代AMOLED生产线项目 动作:中标京东方第8.6代AMOLED生产线项目 范围:market=CN、channel=official 时间:2024-08-0,0.02,,
450,neg,类型:sales_report 阶段:completed 主体:小米 对象:SU7 Ultra 动作:大定订单突破6900辆 范围:market=CN、channel=official、sku=SU7 Ultra 时间:2025-02-27,类型:sales_report 阶段:completed 主体:长城汽车 对象:长城汽车 动作:位列中国品牌销量第一 范围:market=AU、location=澳大利亚 时间:2025-02-01~2025-02-28 [sales_re,0.02,,
451,neg,类型:expansion 阶段:completed 主体:小米集团 对象:小米汽车超级工厂 动作:小米汽车超级工厂正式揭幕 范围:market=CN 时间:2024-03-19~2024-03-20 [expansion] (2024-03,类型:expansion 阶段:completed 主体:灵猴机器人 对象:越南生产基地 动作:越南生产基地顺利投产 范围:market=VN、location=越南 时间:2026-08-03~2026-08-04 [expansion],0.02,,
452,neg,类型:sales_report 阶段:completed 主体:百度 对象:萝卜快跑 动作:披露2024年Q4自动驾驶出行服务数据 范围:market=CN、channel=official、sku=萝卜快跑 时间:2025-02-18~2,类型:sales_report 阶段:completed 主体:特斯拉 对象:欧洲市场 动作:公布5月份欧洲新车销量数据 范围:market=EU、channel=official、sku=all、location=Europe 时间:20,0.02,,
453,neg,类型:价格调整 阶段:effective 主体:特斯拉中国 对象:Model 3 后轮驱动版 动作:推出新年限时低息金融政策 范围:market=CN、channel=official、sku=Model 3 后轮驱动版 时间:2024-0,类型:价格调整 阶段:effective 主体:比亚迪海洋网 对象:海鸥智驾版、海豚智驾版、宋PLUS DM-i智驾版、宋PLUS EV智驾版、海豹06 DM-i智驾版、海豹05 DM-i智驾版、海豹06 GT智驾版、海豹07 DM-i智驾,0.03,,
454,neg,类型:other 阶段:effective 主体:小鹏 对象:小鹏P7 动作:推出限时购车权益 范围:market=CN、channel=official、sku=小鹏P7 时间:2026-03-18~2026-04-01 [other] ,类型:other 阶段:completed 主体:美团配送、北京美团公益基金会 对象:袋鼠宝贝公益计划 动作:发起公益计划 范围:market=CN、channel=official 时间:2019-07-17~2019-07-18 [ot,0.02,,
455,neg,类型:sales_report 阶段:completed 主体:上汽集团 对象:整车 动作:公布5月单月销量数据 范围:market=CN、channel=official、sku=整车、location=上海 时间:2025-06-17~,类型:sales_report 阶段:completed 主体:比亚迪 对象:比亚迪 动作:超越铃木集团位列全球销量第九 范围:market=GLOBAL 时间:2023-12-01~2023-12-31 [sales_report] (2,0.02,,
456,neg,类型:产品发布 阶段:planned 主体:广汽埃安 对象:智能轿跑 动作:计划推出智能轿跑 范围:market=CN、channel=official、sku=智能轿跑 时间:2026-10-01~2026-12-31 [product_,类型:产品发布 阶段:effective 主体:华为 对象:HUAWEI MateBook X Pro酷睿Ultra微绒典藏版 动作:发布新款笔记本 范围:market=CN、channel=official、sku=HUAWEI Mate,0.02,,
457,neg,"类型:产品发布 阶段:effective 主体:方程豹、比亚迪、华为 对象:豹5智驾版 动作:正式上市 范围:market=CN、channel=official、sku=天神智驾Max版, 天神智驾Ultra版, 激光乾崑智驾版, 云辇激",类型:产品发布 阶段:announced 主体:小米 对象:REDMI Book 16 Pro 2025 动作:发布新品 范围:market=CN、channel=official、sku=REDMI Book 16 Pro 2025、lo,0.02,,
458,neg,类型:other 阶段:announced 主体:摩根大通 对象:阿里巴巴 动作:上调三季度外卖损失预期 范围:market=CN、channel=research_report、sku=外卖业务 时间:2025-08-18~2025-08,类型:other 阶段:announced 主体:冯兴亚、广汽集团 对象:智驾 动作:发表关于智驾安全底线的观点 范围:market=CN、channel=media、location=上海 时间:2025-04-23~2025-04-24,0.02,,
459,neg,类型:产品发布 阶段:completed 主体:长城汽车 对象:坦克700 Hi4-T首发限定版 动作:正式交付 范围:market=CN、channel=official、sku=坦克700 Hi4-T首发限定版 时间:2024-03-0,类型:产品发布 阶段:planned 主体:宁德时代 对象:8吨级电动飞机 动作:预计2027至2028年间发布8吨级电动飞机 范围:sku=8吨级电动飞机 时间:2027-01-01~? [product_launch] (2027-01,0.02,,
460,neg,"类型:产品发布 阶段:effective 主体:理想汽车 对象:理想L8 动作:发布全新理想L8 Ultra和Livis车型 范围:market=CN、channel=official、sku=Ultra, Livis 时间:2026-06",类型:产品发布 阶段:announced 主体:广汽昊铂 对象:广汽昊铂A800 动作:发布智慧旗舰轿车 范围:market=CN、channel=official、sku=广汽昊铂A800、location=成都车展 时间:2025-08,0.02,,
461,neg,类型:sales_report 阶段:completed 主体:比亚迪汽车 对象:比亚迪3月销量 动作:发布3月销售数据 范围:market=CN、channel=official、sku=全品牌 时间:2025-04-01~2025-04,类型:sales_report 阶段:completed 主体:蔚来公司 对象:全新ES8 动作:启动交付 范围:market=CN、channel=official、sku=全新ES8 时间:2025-09-21~2025-09-22 [,0.02,,
462,neg,类型:sales_report 阶段:planned 主体:吉利乘用车板块 对象:2025年销量目标 动作:设定2025年销量目标 范围:market=CN、channel=official 时间:2025-01-06~2025-01-07,类型:sales_report 阶段:completed 主体:吉利汽车 对象:2026年第一季度海外销量 动作:公布第一季度海外销量 范围:market=GLOBAL、channel=official 时间:2026-04-29~2026,0.04,,
463,neg,类型:policy_change 阶段:completed 主体:广汽集团 对象:动力总成BU 动作:成立动力总成BU 范围:market=CN、channel=official 时间:时间未知 [policy_change] (?~?) ,类型:policy_change 阶段:rumored 主体:理想汽车 对象:跨领域融合的产品与技术创新工作组 动作:拟分批设立跨领域融合的产品与技术创新工作组 范围:market=CN 时间:时间未知 [policy_change] (?,0.03,,
464,neg,类型:other 阶段:completed 主体:vivo、周围 对象:博鳌亚洲论坛国际科技与创新论坛2025年香港会议 动作:出席论坛并发言 范围:market=HK、channel=official、location=香港会议展览中心 ,类型:other 阶段:completed 主体:小鹏汽车 对象:第二代VLA 动作:开启用户试驾体验 范围:market=CN、channel=store、sku=第二代VLA、location=全国732家门店 时间:2026-03-1,0.02,,
465,neg,类型:sales_report 阶段:completed 主体:捷途品牌 对象:捷途品牌汽车 动作:公布8月销量数据 范围:market=CN、channel=official、sku=捷途品牌 时间:2026-09-01~2026-09-,类型:sales_report 阶段:completed 主体:广汽传祺 对象:E8 动作:公布上半年销量 范围:market=CN、channel=official、sku=E8 时间:2024-06-30~2024-07-01 [sal,0.03,,
466,neg,"类型:产品发布 阶段:announced 主体:魏牌新能源 对象:全新高山 动作:开启预售 范围:market=CN、channel=official、sku=高山8, 高山9 时间:2025-04-01~2025-04-30 [produ",类型:产品发布 阶段:planned 主体:理想汽车 对象:理想L6 动作:举行产品发布会 范围:market=CN、channel=official、sku=理想L6 时间:2024-04-18~2024-04-19 [product_l,0.02,,
467,neg,类型:产品发布 阶段:planned 主体:微软 对象:AI PC 动作:举办AI PC发布会 范围:market=CN、channel=official、sku=AI PC、location=西雅图 时间:2024-05-20~2024-,类型:产品发布 阶段:effective 主体:科大讯飞 对象:星火X2大模型 动作:发布基于全国产算力训练的星火X2大模型 范围:market=CN、channel=official、sku=星火X2 时间:2026-02-11~2026,0.02,,
468,neg,类型:合作签约 阶段:announced 主体:孚能科技、广汽集团 对象:电池组箱总成 动作:收到定点开发通知书 范围:market=CN、channel=official、sku=SPS超级软包动力电池 时间:2025-07-22~202,类型:合作签约 阶段:completed 主体:京东、小米 对象:数码产品 动作:全面深化战略合作 范围:market=CN、channel=official 时间:2025-01-01~2025-04-01 [partnership] (,0.03,,
469,neg,类型:产品发布 阶段:completed 主体:飞书 对象:全新一代仪表盘 动作:发布全新一代仪表盘 范围:market=CN、channel=official、sku=多维表格仪表盘 时间:时间未知 [product_launch] (?,"类型:产品发布 阶段:announced 主体:宁德时代 对象:神行电池全能系列、麒麟电池全能系列 动作:公布电池系列及首发落地车型 范围:market=CN、channel=official、sku=神行电池全能系列, 麒麟电池全能系列 ",0.02,,
470,neg,类型:sales_report 阶段:completed 主体:特斯拉 对象:特斯拉 动作:前四个月销量下降 范围:market=EU、location=欧洲 时间:2025-01-01~2025-05-01 [sales_report] ,类型:sales_report 阶段:completed 主体:快手 对象:可灵AI 动作:公布用户量及生成内容数据 范围:market=CN、channel=official、sku=可灵AI 时间:2024-12-20~2024-12-,0.02,,
471,neg,类型:award 阶段:completed 主体:领克Cyan Racing车队 对象:FIA TCR世界巡回赛年度车队冠军 动作:获得年度车队冠军 范围:market=GLOBAL、channel=official 时间:2024-11-,类型:award 阶段:completed 主体:小鹏汽车 对象:小鹏X9 动作:获得C-NCAP五星安全认证 范围:market=CN、channel=official、sku=小鹏X9 时间:2024-09-06~2024-09-07 ,0.02,,
472,neg,类型:sales_report 阶段:completed 主体:比亚迪 对象:2023年12月销量 动作:公布12月销量 范围:market=CN、channel=official、sku=全品牌 时间:2023-12-01~2023-12,类型:sales_report 阶段:completed 主体:奇瑞集团 对象:新能源汽车 动作:发布2025年全年新能源销量数据 范围:market=GLOBAL、channel=official、sku=新能源车型 时间:2026-01,0.02,,
473,neg,类型:sales_report 阶段:completed 主体:上汽集团 对象:整车 动作:完成整车批售与零售 范围:market=CN、channel=official、sku=整车 时间:2025-01-01~2025-06-30 [s,类型:sales_report 阶段:completed 主体:宁德时代 对象:动力电池 动作:公布2025年动力电池销量 范围:market=GLOBAL、channel=annual_report、sku=动力电池 时间:2026-05,0.02,,
474,neg,类型:产品发布 阶段:announced 主体:联想 对象:城市超级智能体 动作:发布城市超级智能体 范围:market=CN、channel=official、sku=城市超级智能体、location=深圳 时间:2025-10-28~2,类型:产品发布 阶段:planned 主体:上汽集团、华为 对象:SAIC尚界 动作:联合推出全新品牌“SAIC尚界”首款车型 范围:market=CN、sku=SAIC尚界首款车型 时间:2025-09-01~2025-12-31 [pr,0.03,,
475,neg,类型:sales_report 阶段:completed 主体:苹果 对象:iPhone 动作:重回中国销量榜首 范围:market=CN、channel=all、sku=iPhone、location=中国 时间:2025-05-01~2,类型:sales_report 阶段:effective 主体:快手 对象:可灵 动作:披露可灵2026年1月ARR及全年收入增长预期 范围:market=Global、channel=official、sku=可灵 时间:2026-03-,0.02,,
476,neg,类型:产品发布 阶段:announced 主体:B站 对象:《三国：百将牌》 动作:首曝游戏并宣布开启测试 范围:market=CN、channel=official、sku=《三国：百将牌》 时间:2025-09-10~2025-09-1,类型:产品发布 阶段:announced 主体:华为 对象:HUAWEI Mate 70系列 动作:正式发布 范围:market=CN、channel=official、sku=HUAWEI Mate 70系列 时间:2024-11-26~,0.02,,
477,neg,类型:sales_report 阶段:planned 主体:理想汽车 对象:理想L6 动作:计划下周进行小批量交付 范围:market=CN、channel=official、sku=理想L6 时间:2024-04-22~2024-04-2,类型:sales_report 阶段:completed 主体:极氪 对象:极氪品牌 动作:上半年累计交付超8.78万辆 范围:market=CN 时间:2024-01-01~2024-07-01 [sales_report] (2024-,0.02,,
478,neg,类型:产品发布 阶段:announced 主体:特斯拉 对象:Robovan 动作:发布无人驾驶厢式货车 范围:market=CN、channel=official、sku=Robovan 时间:2024-10-11~2024-10-12 ,类型:产品发布 阶段:effective 主体:理想汽车 对象:理想L6 动作:发布全新理想L6 范围:market=CN、channel=official、sku=理想L6 Pro/Max 时间:2024-04-18~2024-04-19,0.02,,
479,neg,类型:expansion 阶段:completed 主体:京东物流 对象:波兰第三座仓库 动作:开设第三座仓库 范围:market=PL、channel=logistics、location=波兰 时间:2025-03-01~2025-03,类型:expansion 阶段:planned 主体:比亚迪 对象:闪充站 动作:计划建设闪充站 范围:market=CN、channel=official、location=全国 时间:2026-04-01~2026-04-02 [exp,0.02,,
480,neg,类型:financial_report 阶段:completed 主体:徽商银行 对象:徽商银行 动作:发布前9月业绩 范围:market=HK、channel=official 时间:2024-10-31~2024-11-01 [fina,类型:financial_report 阶段:completed 主体:快手科技 对象:2026年第二季度业绩 动作:发布2026年第二季度财报 范围:market=CN、channel=official 时间:2026-08-19~202,0.02,,
481,neg,类型:产品发布 阶段:completed 主体:心影随形 对象:逗逗AI 动作:发布AI游戏陪伴产品1.0 范围:market=CN、channel=official、sku=逗逗AI 1.0 时间:2025-08-21~2025-08-2,类型:产品发布 阶段:completed 主体:广汽 对象:6款右舵产品 动作:推出6款右舵产品 范围:market=SEA、channel=official、sku=右舵车型、location=东南亚 时间:2023-01-01~2024,0.02,,
482,neg,类型:investment 阶段:completed 主体:南向资金 对象:香港中旅 动作:净买入 范围:market=HK、channel=southbound、sku=00308.HK 时间:2025-06-26~2025-06-27 ,类型:investment 阶段:completed 主体:广汽集团 对象:300亿元产业发展基金 动作:牵头成立产业发展基金 范围:market=CN、channel=official 时间:时间未知 [investment] (?~?),0.02,,
483,neg,类型:产品发布 阶段:planned 主体:快手 对象:可灵AI 1.6版本 动作:宣布即将推出1.6版本模型 范围:market=CN、channel=official、sku=可灵AI 1.6版本 时间:2024-12-20~2024-,类型:产品发布 阶段:announced 主体:蔚来 对象:ES9 动作:开启预售 范围:market=CN、channel=official、sku=ES9、location=杭州 时间:2026-04-09~2026-04-10 [pr,0.02,,
484,neg,类型:产品发布 阶段:announced 主体:vivo 对象:vivo X300 Pro 动作:发布旗舰手机 范围:market=CN、channel=official、sku=vivo X300 Pro、location=上海 时间:2,类型:产品发布 阶段:planned 主体:广汽研究院 对象:AI机器人 动作:研发AI机器人 范围:market=CN、channel=official、sku=可变轮足设计AI机器人 时间:2025-01-01~? [product_l,0.02,,
485,neg,类型:financial_report 阶段:announced 主体:中芯国际 对象:2026年第一季度业绩指引 动作:发布2026年第一季度业绩指引 范围:market=CN、channel=official 时间:时间未知 [fina,类型:financial_report 阶段:completed 主体:易方达蓝筹精选 对象:易方达蓝筹精选二季报 动作:披露二季报 范围:market=CN、channel=official、sku=易方达蓝筹精选 时间:2026-07-,0.02,,
486,neg,类型:产品发布 阶段:planned 主体:理想汽车 对象:理想L6 动作:举行产品发布会 范围:market=CN、channel=official、sku=理想L6 时间:2024-04-18~2024-04-19 [product_l,类型:产品发布 阶段:announced 主体:华为 对象:华为Pocket 2 动作:发布新款竖向折叠手机 范围:market=CN、channel=official、sku=Pocket 2、location=海南三亚 时间:2024-,0.02,,
487,neg,类型:sales_report 阶段:completed 主体:上汽集团 对象:整车 动作:发布5月份产销快报 范围:market=CN、channel=official、sku=整车 时间:2024-06-07~2024-06-08 [s,类型:sales_report 阶段:announced 主体:京东 对象:京东外卖 动作:宣布日单量突破1000万单 范围:market=CN、channel=official、sku=京东外卖 时间:2025-04-24~2025-04,0.02,,
488,neg,类型:合作签约 阶段:effective 主体:广东7-Eleven、美团无人机 对象:无人机配送服务 动作:达成合作，接入无人机配送 范围:market=CN、channel=official、sku=7-Eleven商品、locatio,类型:合作签约 阶段:effective 主体:京东方、康宁 对象:玻璃基封装载板、可折叠玻璃、钙钛矿玻璃基板及光互连相关应用 动作:签署为期3年的合作备忘录 范围:market=CN、channel=official 时间:2026-05,0.02,,
489,neg,类型:award 阶段:effective 主体:奇瑞汽车 对象:《财富》世界企业500强排行榜 动作:首次上榜世界500强 范围:market=GLOBAL、channel=official 时间:2024-08-05~2024-08-0,类型:award 阶段:completed 主体:蔚来先进制造新桥二工厂 对象:世界经济论坛全球「灯塔工厂」 动作:获评世界经济论坛全球「灯塔工厂」 范围:market=CN、channel=official 时间:2026-06-01~2,0.02,,
490,neg,类型:产品发布 阶段:completed 主体:腾讯混元团队 对象:混元图像3.0图生图版本（HunyuanImage 3.0-Instruct） 动作:宣布开源混元图像3.0图生图版本 范围:market=CN、channel=offic,类型:产品发布 阶段:effective 主体:百度、李彦宏 对象:文心大模型X1 Turbo 动作:发布文心大模型X1 Turbo 范围:market=CN、channel=official、sku=文心大模型X1 Turbo、locat,0.02,,
491,neg,类型:产品发布 阶段:planned 主体:长城汽车 对象:20余款重磅车型 动作:携五大品牌20余款重磅车型亮相北京车展 范围:market=CN、channel=exhibition、sku=20余款重磅车型、location=北京 时,类型:产品发布 阶段:effective 主体:华为 对象:昇腾950超节点 动作:首次线下展出昇腾950超节点 范围:market=CN、channel=exhibition、sku=昇腾950超节点、location=世界人工智能大会 ,0.02,,
492,neg,类型:policy_change 阶段:announced 主体:蔚来 对象:油车置换补贴 动作:推出油车置换补贴 范围:market=CN、channel=official、sku=2024款新车 时间:2024-04-01~2024-0,"类型:policy_change 阶段:completed 主体:Jingda HK Trading Co., Limited 对象:保险经纪牌照 动作:获香港保险业监管局批出保险经纪牌照 范围:market=HK、channel=offi",0.02,,
493,neg,"类型:产品发布 阶段:effective 主体:昊铂 对象:昊铂HT、SSR 动作:车型亮相 范围:market=HK、channel=official、sku=昊铂HT, SSR、location=香港九龙湾 时间:2024-01-28~",类型:产品发布 阶段:effective 主体:仰望 对象:仰望U9 动作:正式交付 范围:market=CN、channel=official、sku=仰望U9 时间:2024-08-01~2024-09-01 [product_laun,0.02,,
494,neg,类型:policy_change 阶段:planned 主体:广汽丰田 对象:年产销目标 动作:提出年产销百万挑战目标 范围:market=CN、channel=official 时间:2024-11-27~2024-11-28 [poli,"类型:policy_change 阶段:planned 主体:墨西哥、加拿大 对象:美国加征关税 动作:准备或开始还击美国加征关税 范围:market=MX,CA、channel=official 时间:2025-03-04~2025-03",0.02,,
495,neg,"类型:产品发布 阶段:announced 主体:鸿蒙智行 对象:尚界Z7、尚界Z7T、问界M6 动作:开启预售 范围:market=CN、channel=official、sku=尚界Z7, 尚界Z7T, 问界M6 时间:2026-03-2","类型:产品发布 阶段:effective 主体:小鹏汽车 对象:AI底盘功能 动作:新增AI底盘功能 范围:market=CN、channel=official、sku=小鹏X9, 小鹏G9 时间:2024-11-08~2024-11-09",0.02,,
496,neg,类型:产品发布 阶段:planned 主体:昆仑芯 对象:M100芯片 动作:计划于2026年上市 范围:market=CN、channel=official、sku=M100 时间:2026-01-01~2026-12-31 [produ,类型:产品发布 阶段:effective 主体:理想汽车 对象:理想i8 动作:正式上市 范围:market=CN、channel=official、sku=理想i8 时间:2025-07-29~2025-07-30 [product_la,0.02,,
497,neg,类型:产品发布 阶段:effective 主体:腾讯混元 对象:Tencent-HY-MT1.5-1.8B、Tencent-HY-MT1.5-7B 动作:推出并开源翻译模型1.5 范围:market=CN、channel=official、,类型:产品发布 阶段:planned 主体:iQOO 对象:iQOO 13系列 动作:计划发布iQOO 13系列 范围:market=CN、sku=iQOO 13系列 时间:2024-10-01~2024-10-31 [product_la,0.02,,
498,neg,类型:产品发布 阶段:planned 主体:小鹏汽车 对象:MONA系列首款车型 动作:宣布MONA系列首款车型将于今年6月亮相 范围:market=CN、sku=MONA系列首款车型 时间:2024-06-01~2024-07-01 [p,类型:产品发布 阶段:completed 主体:千问App 对象:千问App 动作:实现大规模功能上新 范围:market=CN、channel=official、sku=千问App 时间:2026-01-15~2026-01-16 [pr,0.02,,
499,neg,类型:market_entry 阶段:planned 主体:小鹏汽车 对象:左舵车款 动作:计划于5月在澳门启动左舵车款交付 范围:market=MO、channel=official、sku=左舵车款、location=澳门 时间:202,"类型:market_entry 阶段:planned 主体:广汽 对象:AION V、AION UT 动作:导入英国市场并上市交付 范围:market=UK、channel=official、sku=AION V, AION UT、loca",0.02,,
500,neg,类型:other 阶段:completed 主体:京东 对象:京东美股 动作:股价下跌 范围:market=US、channel=stock_market、sku=京东美股 时间:2024-08-20~2024-08-21 [other] ,类型:financial_report 阶段:completed 主体:快手科技 对象:2026年第一季度业绩 动作:发布2026年第一季度业绩 范围:market=CN、channel=official 时间:2026-05-27~202,0.02,,
501,neg,类型:other 阶段:completed 主体:极氪 对象:7X 动作:直播拆车 范围:market=CN、channel=official、sku=7X 时间:2026-08-03~2026-08-04 [other] (2026-08,类型:financial_report 阶段:completed 主体:京东方精电 对象:2024年上半年财报 动作:发布2024年上半年财报 范围:market=CN、channel=official 时间:2024-08-22~2024,0.02,,
502,neg,类型:产品发布 阶段:effective 主体:比亚迪方程豹 对象:方程 S/S GT 动作:正式上市 范围:market=CN、channel=official、sku=方程 S/S GT 时间:2026-09-17~2026-09-18,类型:other 阶段:completed 主体:N三协 对象:N三协 动作:北交所新股上市 范围:market=CN、channel=official、sku=N三协、location=北交所 时间:2025-09-08~2025-09-,0.02,,
503,neg,类型:产品发布 阶段:planned 主体:极氪科技集团 对象:5款全新产品 动作:计划发布5款全新产品 范围:market=Global、channel=official 时间:2025-01-01~2025-12-31 [product,类型:sales_report 阶段:completed 主体:网易 对象:《蛋仔派对》 动作:披露《蛋仔派对》春节期间日活用户突破4000万 范围:market=CN、channel=official、sku=《蛋仔派对》 时间:2024,0.02,,
504,neg,类型:policy_change 阶段:announced 主体:刘庆峰、科大讯飞 对象:《通用人工智能发展规划》 动作:建议制定《通用人工智能发展规划》 范围:market=CN、channel=official、location=全国两,类型:合作签约 阶段:announced 主体:小鹏汽车、麦格纳 对象:欧洲本地化生产 动作:官宣欧洲本地化生产合作规划 范围:market=EU、channel=official、location=奥地利格拉茨 时间:2025-09-15,0.02,,
505,neg,类型:合作签约 阶段:announced 主体:许勤、李书福 对象:吉利控股集团 动作:会见并探讨深化合作 范围:market=CN、channel=official、location=哈尔滨 时间:2025-01-18~2025-01-1,类型:sales_report 阶段:planned 主体:问界 对象:问界新M7 Ultra 动作:预计交付约2万台 范围:market=CN、channel=official、sku=问界新M7 Ultra 时间:2024-06-01~,0.02,,
506,neg,类型:sales_report 阶段:completed 主体:网易 对象:《燕云十六声》 动作:披露《燕云十六声》上线初期下载量及玩家数 范围:market=CN、channel=official、sku=《燕云十六声》 时间:2024-,类型:产品发布 阶段:announced 主体:广汽埃安 对象:埃安RT 动作:开启预售 范围:market=CN、channel=official、sku=埃安RT 时间:2024-09-26~2024-09-27 [product_la,0.02,,
507,neg,类型:expansion 阶段:announced 主体:美团优选 对象:“外贸优品”特卖专区 动作:打造“外贸优品”特卖专区 范围:market=CN、channel=official、location=下沉市场 时间:2025-04-1,类型:产品发布 阶段:effective 主体:理想汽车 对象:理想AI眼镜 Livis 动作:正式发布理想AI眼镜 Livis 范围:market=CN、channel=official、sku=理想AI眼镜 Livis 时间:2025-,0.02,,
508,neg,类型:sales_report 阶段:completed 主体:特斯拉 对象:2024年第四季度汽车生产和交付报告 动作:发布2024年第四季度汽车生产和交付报告 范围:market=US、channel=official、sku=2024,类型:other 阶段:rumored 主体:Meta 对象:员工 动作:被曝计划大规模裁员 范围:market=Global、channel=media_report 时间:2026-03-01~2026-03-31 [other] (2,0.02,,
509,neg,类型:investment 阶段:announced 主体:安徽神玑技术有限公司 对象:首轮股权融资 动作:签署首轮股权融资协议 范围:market=CN、channel=official 时间:2026-02-26~2026-02-27 ,类型:expansion 阶段:effective 主体:奇瑞汽车、西班牙埃夫罗汽车集团 对象:埃夫罗工厂 动作:合资工厂启用全新生产线 范围:market=ES、channel=official、location=西班牙巴塞罗那自由贸易区,0.02,,
510,neg,类型:sales_report 阶段:completed 主体:广汽丰田 对象:铂智系列 动作:公布2026年上半年销量 范围:market=CN、sku=铂智系列 时间:2026-06-30~2026-07-01 [sales_repor,类型:合作签约 阶段:announced 主体:阿里巴巴、苹果 对象:AI合作 动作:官宣AI合作 范围:market=CN、channel=official、location=迪拜 时间:时间未知 [partnership] (?~?) ,0.02,,
511,neg,类型:合作签约 阶段:completed 主体:CP AXTRA、菜鸟 对象:物流科技系统解决方案 动作:达成物流科技合作 范围:market=SEA、location=泰国 时间:时间未知 [partnership] (?~?) 证据“最,类型:并购交易 阶段:completed 主体:MiniClip 对象:EasyBrain 动作:收购100%股份  时间:2024-11-01~2024-11-30 [merger_deal] (2024-11-01T00:00:00.0,0.02,,
512,neg,类型:人事变动 阶段:effective 主体:杨龙、广汽埃安 对象:广汽埃安副总经理兼营销本部负责人 动作:接替肖勇出任副总经理兼营销本部负责人 范围:market=CN、channel=official 时间:2025-09-16~20,类型:sales_report 阶段:completed 主体:淘宝、京东、拼多多 对象:618购物节 动作:结束618购物节促销活动 范围:market=CN、channel=online 时间:2024-06-20~2024-06-21,0.02,,
513,neg,类型:产品发布 阶段:effective 主体:讯飞开放平台 对象:DeepSeek大模型精调服务 动作:首发DeepSeek大模型精调服务 范围:market=CN、channel=official、sku=DeepSeek大模型精调服务,类型:legal_action 阶段:announced 主体:杰威尔音乐有限公司 对象:《天下3》 动作:公告将针对私自赠送新专辑及演唱会门票采取法律措施 范围:market=CN、channel=official 时间:2022-07-,0.02,,
514,neg,类型:合作签约 阶段:effective 主体:vivo、新华社 对象:战略合作伙伴关系 动作:举行战略合作签约仪式 范围:market=CN、channel=official、location=2026世界品牌莫干山大会 时间:2026-,类型:other 阶段:effective 主体:藏格矿业 对象:藏格矿业股票 动作:复牌 范围:market=CN、channel=official 时间:2025-01-17~2025-01-18 [other] (2025-01-17,0.02,,
515,neg,类型:award 阶段:completed 主体:蔚来 对象:蔚来ES6 动作:荣获豪华纯电动车市场第一名 范围:market=CN、sku=ES6 时间:2024-05-30~2024-05-31 [award] (2024-05-30T,类型:policy_change 阶段:announced 主体:极氪 对象:全国展车 动作:开启全国范围展车自查 范围:market=CN、channel=internal、location=全国 时间:2024-03-25~2024-0,0.02,,
516,neg,类型:产品发布 阶段:effective 主体:科大讯飞 对象:星火智能评标助手 动作:升级星火智能评标助手 范围:market=CN、channel=official、sku=星火智能评标助手 时间:2024-04-26~2024-04-,类型:financial_report 阶段:completed 主体:理想汽车 对象:2024年第一季度财报 动作:公布2024年第一季度财报 范围:market=CN、channel=official 时间:2024-05-20~202,0.02,,
517,neg,类型:financial_report 阶段:completed 主体:特斯拉 对象:特斯拉股票 动作:股价上涨导致市值增加 范围:market=US、channel=stock_market 时间:2025-03-24~2025-03-2,类型:sales_report 阶段:completed 主体:广汽集团 对象:全集团汽车 动作:第一季度累计销量近38万辆 范围:market=GLOBAL 时间:2026-01-01~2026-03-31 [sales_report] ,0.02,,
518,neg,类型:产品发布 阶段:announced 主体:荣耀 对象:MagicOS 11 动作:发布手机操作系统 范围:market=CN、channel=official、sku=MagicOS 11 时间:2026-09-16~2026-09-,类型:investment 阶段:completed 主体:宇树科技 对象:科创板IPO 动作:科创板IPO注册获批 范围:market=CN 时间:时间未知 [investment] (?~?) 证据“目前，除了宇树科技科创板IPO注册获,0.02,,
519,neg,类型:人事变动 阶段:rumored 主体:郭锐 对象:智界汽车 动作:确定加盟智界汽车出任首席执行官 范围:market=CN、channel=media_report 时间:2025-12-01~2025-12-31 [executiv,类型:sales_report 阶段:completed 主体:小鹏汽车 对象:新车 动作:公布2月交付成绩 范围:market=CN、channel=official、sku=all 时间:2025-03-01~2025-03-02 [s,0.02,,
520,neg,类型:价格调整 阶段:effective 主体:firefly萤火虫 对象:firefly萤火虫 动作:正式售价比预售价下调 范围:market=CN、channel=official、sku=firefly萤火虫 时间:2025-04-1,类型:产品发布 阶段:completed 主体:腾讯 对象:混元文生图模型 动作:开源DiT架构的混元文生图模型 范围:market=CN、channel=open_source、sku=混元文生图模型 时间:2024-05-01~2024,0.02,,
521,neg,类型:产品发布 阶段:announced 主体:vivo 对象:3B端侧多模态推理大模型 动作:推出3B端侧多模态推理大模型 范围:market=CN、channel=official、sku=3B端侧多模态推理大模型、location=2,类型:policy_change 阶段:effective 主体:特朗普 对象:TikTok 动作:签署行政令给予宽限期 范围:market=US、channel=official、location=美国 时间:2025-01-20~202,0.02,,
522,neg,类型:产品发布 阶段:completed 主体:小鹏汽车 对象:小鹏G7 动作:正式上市 范围:market=CN、channel=official、sku=小鹏G7 时间:2025-07-03~2025-07-04 [product_la,类型:policy_change 阶段:completed 主体:大疆车载、深圳市卓驭科技有限公司 对象:大疆车载 动作:业务拆分 范围:market=CN 时间:2023-01-01~2023-02-01 [policy_change] ,0.02,,
523,neg,类型:award 阶段:completed 主体:Interbrand 对象:Apple 动作:被评为全球最具价值品牌 范围:market=Global、channel=official 时间:时间未知 [award] (?~?) 证据“品,类型:financial_report 阶段:completed 主体:网易 对象:2024年第三季度财报 动作:发布2024年第三季度财报 范围:market=CN、channel=official 时间:2024-11-14~2024-,0.02,,
524,neg,类型:award 阶段:completed 主体:邱润枫 对象:《机械涟漪》 动作:获得影像探索奖 范围:market=CN、channel=official、location=西宁 时间:2025-07-25~2025-07-26 [aw,类型:产品发布 阶段:planned 主体:小米 对象:小米YU7 动作:发布首款SUV车型 范围:market=CN、channel=official、sku=小米YU7 时间:2025-05-22~2025-05-23 [product,0.02,,
525,neg,类型:expansion 阶段:effective 主体:引望智能技术有限公司 对象:智能汽车解决方案业务 动作:正式开始运营并注入相关资产 范围:market=CN、channel=official、sku=智能汽车业务、location,类型:合作签约 阶段:effective 主体:小鹏汽车、Axess Limited 对象:毛里求斯市场 动作:达成战略合作 范围:market=MU、channel=dealer、location=毛里求斯 时间:2025-12-16~2,0.02,,
526,neg,类型:investment 阶段:announced 主体:苹果 对象:股票回购计划 动作:宣布股票回购计划 范围:market=US、channel=official 时间:2024-05-02~2024-05-03 [investmen,类型:expansion 阶段:completed 主体:宁德时代、时代绿色能源有限公司 对象:重庆润时新能源有限公司 动作:成立新能源子公司 范围:market=CN、location=重庆 时间:时间未知 [expansion] (?~,0.02,,
527,neg,类型:sales_report 阶段:completed 主体:网易 对象:漫威争锋 动作:全球用户突破4000万 范围:market=GLOBAL、channel=all、sku=漫威争锋 时间:2025-03-01~2025-03-31,类型:financial_report 阶段:completed 主体:广汽集团 对象:2025年第三季度报告 动作:发布2025年第三季度报告 范围:market=CN、channel=official 时间:2025-10-24~202,0.02,,
528,neg,类型:investment 阶段:announced 主体:龙蟠科技 对象:A股股票 动作:发布向特定对象发行A股股票预案 范围:market=CN、channel=official 时间:2025-08-21~2025-08-22 [in,类型:policy_change 阶段:announced 主体:哔哩哔哩 对象:微短剧“曦光计划” 动作:发布微短剧“曦光计划” 范围:market=CN、channel=official、location=上海 时间:2025-03-2,0.02,,
529,neg,类型:sales_report 阶段:announced 主体:长城汽车 对象:2024年5月销量数据 动作:发布2024年5月销量数据 范围:market=CN、channel=official 时间:2024-06-03~2024-06,类型:产品发布 阶段:effective 主体:华为 对象:HarmonyOS 6.0.0.100开发者与用户尝鲜版 动作:开启推送 范围:market=CN、channel=official、sku=HarmonyOS 6.0.0.100,0.02,,
530,neg,类型:合作签约 阶段:announced 主体:京东、广汽、宁德时代 对象:新能源车型 动作:宣布联合推出新车 范围:market=CN、channel=official、sku=新能源车型 时间:2025-10-14~2025-10-15,类型:expansion 阶段:planned 主体:小米景曦科技有限公司 对象:新能源智能网联汽车整车与零部件制造项目 动作:竞得工业用地用于建设第二工厂 范围:market=CN、channel=official、location=北京,0.02,,
531,neg,类型:sales_report 阶段:completed 主体:苹果 对象:iPhone 动作:iPhone收入同比增长 范围:market=GLOBAL、sku=iPhone 时间:2026-07-30~2026-07-31 [sales,类型:policy_change 阶段:planned 主体:科大讯飞、刘庆峰 对象:2024年讯飞大模型战略 动作:提出2024年度大模型战略四大目标 范围:market=CN、channel=official、location=中国科技,0.02,,
532,neg,类型:产品发布 阶段:announced 主体:小鹏集团 对象:小鹏GX、2026款小鹏MONA M03、全新小鹏P7、2026款小鹏X9 动作:亮相北京车展 范围:market=CN、channel=exhibition、sku=多款新车,类型:award 阶段:effective 主体:《财富》（中文版） 对象:蔚来 动作:发布2024年中国ESG影响力榜，蔚来入选 范围:market=CN、channel=official 时间:2024-05-13~2024-05-14,0.02,,
533,neg,类型:产品发布 阶段:announced 主体:特斯拉 对象:星钻黑车漆 动作:推出全新车漆颜色 范围:market=CN、channel=official、sku=星钻黑 时间:2025-05-08~2025-05-09 [product,类型:financial_report 阶段:completed 主体:快手 对象:2025年第一季度财报 动作:发布2025年第一季度财报 范围:market=CN、channel=official 时间:时间未知 [financial_,0.02,,
534,neg,类型:investment 阶段:completed 主体:吴晓如、江涛、聂小林 对象:科大讯飞 动作:增持公司股份 范围:market=CN、channel=official 时间:2024-08-30~2024-08-31 [inves,类型:sales_report 阶段:completed 主体:联想 对象:消费业务群PC 动作:PC销售额市场份额达36.6% 范围:market=CN、sku=消费业务群PC 时间:2025-04-01~2025-09-30 [sale,0.02,,
535,neg,类型:other 阶段:completed 主体:余睿超 对象:第二十二届中国国际数字娱乐产业大会 动作:发表演讲 范围:market=CN、channel=official 时间:2025-07-31~2025-08-01 [other],类型:policy_change 阶段:announced 主体:旧金山联储主席戴利 对象:美联储利率政策 动作:强调当前政策仍具限制性 范围:market=US、channel=official 时间:2025-02-18~2025-02,0.02,,
536,neg,类型:合作签约 阶段:completed 主体:一汽红旗汽车销售有限公司、宁德时代、时代电服科技有限公司 对象:换电项目合作框架协议 动作:签署换电项目合作框架协议 范围:market=CN、channel=official、sku=巧克力,类型:investment 阶段:planned 主体:快手 对象:可灵AI 动作:拟重组可灵AI并引入外部融资 范围:market=HK、channel=official 时间:时间未知 [investment] (?~?) 证据“快手-,0.02,,
537,neg,"类型:价格调整 阶段:effective 主体:极氪 对象:极氪007GT、极氪9X 动作:推出现金直降及购车权益 范围:market=CN、channel=dealer、sku=极氪007GT, 极氪9X 时间:时间未知 [price_c",类型:award 阶段:completed 主体:卓驭科技 对象:大众体系 A-SPICE CL2 审核 动作:通过大众体系 A-SPICE CL2 审核 范围:market=CN、channel=official 时间:时间未知 [awa,0.02,,
538,neg,类型:other 阶段:completed 主体:上海哔哩哔哩电竞信息科技有限公司 对象:注册资本 动作:注册资本减少 范围:market=CN 时间:时间未知 [other] (?~?) 证据“注册资本由约155万元人民币减至118万元人,类型:sales_report 阶段:completed 主体:蔚来、小鹏汽车、理想汽车、零跑汽车 对象:一季度交付量 动作:公布一季度交付量 范围:market=CN、channel=official 时间:2025-01-01~2025,0.02,,
539,neg,类型:合作签约 阶段:planned 主体:苹果、英特尔 对象:最低端M系列处理器 动作:计划让英特尔代工处理器 范围:market=US、channel=official、sku=最低端M系列处理器 时间:2027-04-01~2027-,类型:market_entry 阶段:announced 主体:比亚迪 对象:仰望U8 动作:首次亮相欧洲 范围:market=EU、channel=exhibition、sku=仰望U8、location=日内瓦 时间:2024-02-2,0.02,,
540,neg,类型:产品发布 阶段:announced 主体:上海烛龙工作室 对象:吉时已到 动作:公布全新合作遗迹探险游戏《吉时已到》首支预告片 范围:market=CN、channel=official、sku=吉时已到 时间:2026-04-28~,类型:sales_report 阶段:completed 主体:小米汽车 对象:小米YU7 动作:公布交付量 范围:market=CN、channel=official、sku=小米YU7、location=北京 时间:2026-04-24,0.02,,
541,neg,类型:policy_change 阶段:completed 主体:B站 对象:超新星计划 动作:推出超新星计划 范围:market=CN 时间:2023-09-01~2023-09-30 [policy_change] (2023-09-0,"类型:价格调整 阶段:effective 主体:小米 对象:SU7、YU7 动作:提供金融政策或保险补贴 范围:market=CN、channel=official、sku=SU7, YU7 时间:2026-09-01~2026-09-08",0.02,,
542,neg,类型:incident 阶段:effective 主体:抖音、快手 对象:假冒饺子导演账号 动作:平台出现大量假冒导演账号并牟利 范围:market=CN、channel=social_media 时间:时间未知 [incident] (?,类型:policy_change 阶段:effective 主体:中国人民银行 对象:买断式逆回购操作 动作:开展买断式逆回购操作 范围:market=CN、channel=official 时间:2025-02-01~2025-03-01,0.02,,
543,neg,类型:expansion 阶段:planned 主体:慧仑科技 对象:核心产品 动作:规划实现规模化量产 范围:market=CN、channel=official 时间:2027-01-01~2027-12-31 [expansion] ,类型:产品发布 阶段:effective 主体:哈弗 对象:二代哈弗H9柴油版 动作:正式上市 范围:market=CN、channel=official、sku=二代哈弗H9柴油版 时间:2024-12-05~2024-12-06 [pr,0.02,,
544,neg,类型:policy_change 阶段:announced 主体:快手 对象:短剧小程序 动作:宣布关停短剧小程序相关业务 范围:market=CN、channel=official、sku=短剧小程序 时间:2025-06-15~2025,类型:financial_report 阶段:completed 主体:吉利汽车 对象:2026年一季报 动作:公布2026年一季报 范围:market=CN、channel=official 时间:2026-04-29~2026-04-3,0.02,,
545,neg,类型:investment 阶段:completed 主体:京东方A 对象:京东方A A股 动作:累计回购A股 范围:market=CN、channel=official、sku=000725 时间:2025-09-30~2025-10-0,类型:financial_report 阶段:completed 主体:腾讯控股 对象:2023年年报 动作:发布2023年年度财务报告 范围:market=HK、channel=official 时间:时间未知 [financial_re,0.02,,
546,neg,类型:investment 阶段:completed 主体:Michael Burry 对象:GameStop 动作:买入股票 范围:market=US、channel=Substack、sku=GameStop股票 时间:2026-04-,类型:other 阶段:announced 主体:网易、胡志鹏 对象:AI嵌入游戏制作流程 动作:披露AI嵌入游戏制作全流程 范围:market=CN、channel=official、location=2025云栖大会 时间:2025-0,0.02,,
547,neg,类型:policy_change 阶段:completed 主体:美团优选 对象:美团优选业务 动作:实施提效措施（提价、减补、关仓） 范围:market=CN、channel=official 时间:2024-02-01~2024-02-,类型:价格调整 阶段:effective 主体:特斯拉 对象:Model 3 双电机长续航 动作:下调官方指导价 范围:market=CN、channel=official、sku=Model 3 双电机长续航 时间:2024-01-12~,0.02,,
548,neg,类型:sales_report 阶段:completed 主体:广汽本田 对象:广汽本田 动作:公布前三季度销量 范围:market=CN、channel=official 时间:2025-09-30~2025-10-01 [sales_r,类型:policy_change 阶段:effective 主体:中国人民银行北京市分行等12部门 对象:《金融支持北京市提振和扩大消费的实施方案》 动作:印发金融支持提振和扩大消费实施方案 范围:market=CN、channel=off,0.02,,
549,neg,类型:award 阶段:completed 主体:奇瑞星途、中汽研软件测评（天津）有限公司 对象:星纪元ET增程版 动作:获得汽车座舱个人信息安全保护验证证书 范围:market=CN、channel=official、sku=星纪元ET增,类型:产品发布 阶段:announced 主体:联想中国 对象:联想AI工厂 动作:发布“联想AI工厂”整体解决方案 范围:market=CN、channel=official、sku=联想AI工厂、location=中国 时间:时间未知 ,0.02,,
550,neg,类型:产品发布 阶段:effective 主体:阿里巴巴 对象:千问App 动作:向所有用户开放外卖、购物、机票、酒店等生活服务测试功能 范围:market=CN、channel=official、sku=千问App 时间:2026-01-,类型:sales_report 阶段:effective 主体:神州租车 对象:坦克300 动作:交付车辆 范围:market=CN、channel=official、sku=坦克300、location=北京 时间:2026-04-28~,0.02,,
551,neg,类型:产品发布 阶段:effective 主体:理想汽车 对象:理想MEGA 动作:发布新一代理想MEGA 范围:market=CN、channel=official、sku=MEGA Home 时间:2026-09-02~2026-09-,类型:other 阶段:announced 主体:招商证券 对象:小米集团-W 动作:维持强烈推荐评级 范围:market=HK、channel=research_report、sku=01810 时间:2025-11-25~2025-11,0.02,,
552,neg,类型:sales_report 阶段:effective 主体:联想集团 对象:AI PC 动作:披露AI PC在中国市场销量占比突破50% 范围:market=CN、sku=AI PC 时间:2026-08-15~2026-08-16 [,类型:other 阶段:planned 主体:京东 对象:618促销活动 动作:开启618促销活动 范围:market=CN、channel=official 时间:2024-05-31~2024-06-01 [other] (2024-0,0.02,,
553,neg,类型:expansion 阶段:planned 主体:小鹏汽车 对象:小鹏X9右舵版 动作:启动海外本地化生产 范围:market=ID、channel=local_production、sku=小鹏X9右舵版、location=印尼 时间,类型:产品发布 阶段:announced 主体:联想 对象:天禧个人超级智能体、联想乐享企业超级智能体、城市超级智能体 动作:首次亮相三大超级智能体 范围:market=CN、channel=WAIC2025、sku=三大超级智能体、loc,0.02,,
554,neg,类型:expansion 阶段:effective 主体:特斯拉 对象:Model 3 动作:调整加拿大市场供应来源至上海超级工厂 范围:market=CA、channel=official、sku=Model 3、location=上海 ,类型:sales_report 阶段:completed 主体:广汽集团 对象:汽车 动作:披露产销量及终端销量 范围:market=CN、channel=terminal、sku=汽车 时间:2025-01-01~2025-06-30 [,0.02,,
555,neg,"类型:产品发布 阶段:announced 主体:特斯拉 对象:Megapack 3、Megablock 动作:发布新一代储能产品 范围:market=Global、channel=official、sku=Megapack 3, Megab",类型:expansion 阶段:effective 主体:北京时代动力电池有限公司 对象:北京时代电池基地项目 动作:获批施工许可证 范围:market=CN、channel=official、location=北京亦庄新城 时间:2024,0.02,,
556,neg,类型:产品发布 阶段:effective 主体:PICO 对象:PICO 4 Ultra 动作:正式推出首款MR混合现实一体机 范围:market=CN、channel=official、sku=PICO 4 Ultra、location=,类型:legal_action 阶段:completed 主体:印度警方 对象:vivo、小米 动作:指控帮助转移资金 范围:market=IN、location=印度 时间:2023-10-01~2023-11-01 [legal_act,0.02,,
557,neg,类型:合作签约 阶段:effective 主体:奇瑞汽车公司、埃布罗公司 对象:电动汽车合作协议 动作:举行电动汽车合作协议签字仪式 范围:market=ES、channel=official、location=西班牙巴塞罗那自由贸易区 时,类型:价格调整 阶段:effective 主体:理想汽车 对象:2023款理想L系列 动作:推出优惠活动降价 范围:market=CN、channel=official、sku=理想L系列 时间:2024-01-11~2024-01-12 ,0.02,,
558,neg,类型:other 阶段:completed 主体:交通银行芜湖分行 对象:奇瑞全球合作伙伴共创大会 动作:提供支付便利化金融服务 范围:market=CN、channel=official、location=安徽芜湖 时间:时间未知 [ot,类型:financial_report 阶段:completed 主体:广汽集团 对象:2026年半年度报告 动作:发布2026年半年度报告 范围:market=CN、channel=official 时间:2026-08-28~2026-,0.02,,
559,neg,类型:policy_change 阶段:effective 主体:百度智能云千帆 对象:大模型普惠计划 动作:推出大模型普惠计划 范围:market=CN、channel=official 时间:2024-06-25~2024-06-26 ,类型:sales_report 阶段:completed 主体:哈弗 对象:哈弗大狗2026款 动作:订单突破 范围:market=CN、channel=official、sku=哈弗大狗2026款 时间:2025-07-18~2025-0,0.02,,
560,neg,类型:sales_report 阶段:completed 主体:广汽集团 对象:汽车 动作:公布上半年汽车产销量及终端销量 范围:market=CN 时间:2025-01-01~2025-06-30 [sales_report] (2025,类型:award 阶段:completed 主体:蔚来 对象:ES8 动作:在NPS研究中以85.3高分排名第一 范围:market=CN、sku=ES8 时间:时间未知 [award] (?~?) 证据“在知名调研机构杰兰路发布的NPS（,0.02,,
561,neg,类型:产品发布 阶段:announced 主体:上汽集团 对象:智己LS8、荣威i6、MG4X、尚界Z7、华境S、第五代五菱宏光MINIEV、上汽大众ID. ERA 9X、凯迪拉克凯威德、别克至境E7 动作:密集推出多款重磅乘用车 范围:m,"类型:sales_report 阶段:effective 主体:DeepSeek 对象:DeepSeek App 动作:登顶苹果中国和美区App免费榜 范围:market=CN, US、channel=App Store、sku=DeepS",0.02,,
562,neg,类型:investment 阶段:completed 主体:中国第一汽车集团有限公司 对象:卓驭科技 动作:获得战略投资 范围:market=CN、channel=official 时间:2025-11-01~2025-11-30 [inv,类型:sales_report 阶段:completed 主体:比亚迪 对象:搭载“天神之眼”辅助驾驶系统的车型 动作:公布1-8月累计销量 范围:market=CN、channel=official、sku=天神之眼车型 时间:2025-,0.02,,
563,neg,类型:合作签约 阶段:effective 主体:小鹏汽车、Exclusive Luxury Auto 对象:立陶宛市场 动作:通过Exclusive Luxury Auto正式上市并设立展厅 范围:market=LT、channel=dea,类型:产品发布 阶段:planned 主体:阿里 对象:全新团购产品及评价体系 动作:宣布上线全新团购产品及评价体系 范围:market=CN、channel=official、sku=团购产品、location=杭州西溪C区 时间:202,0.02,,
564,neg,类型:sales_report 阶段:planned 主体:理想汽车 对象:2025年第二季度 动作:预计2025年第二季度交付量及营收 范围:market=CN、channel=official 时间:2025-04-01~2025-06,类型:产品发布 阶段:effective 主体:OPPO 对象:ColorOS 相册地图功能 动作:上线相册地图标记功能 范围:market=CN、channel=official、sku=ColorOS 13及以上机型 时间:2025-0,0.02,,
565,neg,类型:investment 阶段:completed 主体:华为车 BU 对象:比亚迪 动作:婉拒投资接触 范围:market=CN 时间:时间未知 [investment] (?~?) 证据“也曾有意接触华为车 BU，但后者认为双方合作空,类型:policy_change 阶段:planned 主体:《外国投资者对上市公司战略投资管理办法》 对象:《外国投资者对上市公司战略投资管理办法》 动作:将于12月2日起施行 范围:market=CN、channel=official ,0.02,,
566,neg,类型:产品发布 阶段:announced 主体:智己汽车 对象:智己汽车（IM品牌） 动作:首次在海外亮相 范围:market=GLOBAL、channel=exhibition、sku=IM、location=日内瓦 时间:2024-03,类型:award 阶段:effective 主体:上汽集团 对象:2026年《财富》世界500强榜单 动作:位列全球第125位 范围:market=GLOBAL、channel=official 时间:2026-07-28~2026-07-,0.02,,
567,neg,类型:other 阶段:completed 主体:燕郊袋鼠宝贝之家·新阳光学园 对象:元旦联欢会 动作:举办元旦联欢会 范围:market=CN、channel=official、location=燕郊 时间:2023-12-29~2023,类型:financial_report 阶段:completed 主体:比亚迪 对象:比亚迪 动作:披露2025年前三季度财务数据 范围:market=CN、channel=official 时间:2025-11-02~2025-11-03,0.02,,
568,neg,类型:合作签约 阶段:rumored 主体:哔哩哔哩、拼多多、唯品会 对象:开环带货合作 动作:打通开环带货合作 范围:market=CN、channel=official 时间:2024-05-18~2024-05-19 [partner,类型:产品发布 阶段:planned 主体:苹果 对象:苹果折叠屏手机 动作:预计秋季发布 范围:market=Global、sku=苹果折叠屏手机 时间:2026-09-01~2026-10-01 [product_launch] (20,0.02,,
569,neg,类型:价格调整 阶段:effective 主体:科大讯飞 对象:讯飞星火Lite API 动作:宣布API能力永久免费开放 范围:market=CN、channel=official、sku=讯飞星火Lite API 时间:2024-05-,类型:sales_report 阶段:completed 主体:广汽埃安 对象:广汽埃安 动作:公布2024年销量 范围:market=CN、sku=广汽埃安 时间:2025-03-28~2025-03-29 [sales_report] ,0.02,,
570,neg,类型:产品发布 阶段:effective 主体:B站游戏、苏打小队（Team Soda）工作室 对象:逃离鸭科夫 动作:正式发售 范围:market=CN、channel=Steam、sku=逃离鸭科夫 时间:2025-10-16~2025,类型:investment 阶段:completed 主体:荣耀 对象:AI研发 动作:投入AI研发费用 范围:market=CN、channel=official 时间:2024-03-13~2024-03-14 [investment],0.02,,
571,neg,类型:产品发布 阶段:announced 主体:美团住宿事业部、何潇 对象:低碳住产品 动作:宣布推出低碳住产品 范围:market=CN、channel=official、location=ESG晚宴 时间:时间未知 [product_l,类型:other 阶段:planned 主体:苹果 对象:Apple智能和机器学习 动作:举行开发者活动 范围:market=CN、location=上海 时间:2025-03-25~2025-03-26 [other] (2025-03-,0.02,,
572,neg,类型:market_entry 阶段:completed 主体:京东 对象:外卖业务 动作:试水外卖业务并上线咖啡奶茶与快餐外卖 范围:market=CN、channel=official、sku=咖啡奶茶与快餐外卖 时间:2024-10-,类型:legal_action 阶段:announced 主体:W某某 对象:深圳市腾讯计算机系统有限公司、腾讯科技（上海）有限公司、深圳市腾讯天游科技有限公司 动作:发起著作权权属、侵权纠纷诉讼 范围:market=CN、channel=,0.02,,
573,neg,类型:价格调整 阶段:effective 主体:特斯拉中国 对象:Model Y 现车 动作:上线尾款立减 1 万元活动 范围:market=CN、channel=official、sku=Model Y 现车 时间:2024-12-24~,类型:sales_report 阶段:completed 主体:奇瑞集团 对象:汽车 动作:公布11月出口数据 范围:market=GLOBAL、channel=official、sku=全品牌 时间:2025-11-01~2025-11-,0.02,,
574,neg,类型:sales_report 阶段:completed 主体:蔚来公司 对象:蔚来公司 动作:公布5月交付数据 范围:market=CN、channel=official、sku=全品牌 时间:2026-05-01~2026-05-31 ,类型:investment 阶段:completed 主体:快手-W 对象:快手-W股票 动作:回购股份 范围:market=HK、channel=official、sku=01024.HK、location=港交所 时间:2026-09-,0.02,,
575,neg,"类型:other 阶段:announced 主体:苹果客服 对象:iPhone 11/12 动作:建议老机型不升级iOS 27 范围:market=CN、channel=customer_service、sku=iPhone 11, iPh",类型:sales_report 阶段:completed 主体:京东 对象:京东618 动作:公布618开门红首小时销售数据 范围:market=CN、channel=official、sku=618大促、location=全国 时间:20,0.02,,
576,neg,类型:人事变动 阶段:completed 主体:陈嘉瑞 对象:上海哔哩哔哩电竞信息科技有限公司 动作:接任财务负责人 范围:market=CN 时间:时间未知 [executive_change] (?~?) 证据“由陈嘉瑞接任”,类型:sales_report 阶段:completed 主体:小鹏汽车 对象:小鹏汽车 动作:公布3月交付成绩 范围:market=CN、channel=official、sku=全品牌 时间:2026-04-01~2026-04-02 ,0.02,,
577,neg,类型:人事变动 阶段:completed 主体:林云枫 对象:网易互娱 动作:正式离职 范围:market=CN、channel=official 时间:2026-01-07~2026-01-08 [executive_change] (2,类型:sales_report 阶段:completed 主体:比亚迪 对象:比亚迪汽车 动作:2025年出口量达105.4万辆 范围:market=Global、channel=official、sku=整车、location=海外 时间,0.02,,
578,neg,类型:legal_action 阶段:completed 主体:快手安全中心、有关部门 对象:假冒法师诈骗团伙 动作:协助打掉诈骗及洗钱团伙并刑事拘留嫌疑人 范围:market=CN、channel=official 时间:时间未知 [le,类型:market_entry 阶段:completed 主体:极氪 对象:CES 2024 动作:亮相CES 2024 范围:market=GLOBAL、channel=exhibition、location=CES 2024 时间:20,0.02,,
579,neg,类型:other 阶段:announced 主体:京东 对象:对美的罚款500万元传闻 动作:辟谣对美的罚款500万元 范围:market=CN、channel=official 时间:时间未知 [other] (?~?) 证据“京东辟谣对,类型:人事变动 阶段:announced 主体:腾讯 对象:IEG和PCG管理干部 动作:宣布管理干部任免 范围:market=CN、channel=internal 时间:2024-10-01~2024-10-31 [executive_,0.03,,
580,neg,类型:价格调整 阶段:effective 主体:特斯拉中国 对象:焕新Model Y 动作:推出5年0息金融政策 范围:market=CN、channel=official、sku=焕新Model Y 时间:2025-04-22~2025-,类型:sales_report 阶段:completed 主体:小鹏汽车 对象:小鹏X9 动作:拿下马来西亚高端电动MPV销量冠军 范围:market=MY、channel=all、sku=小鹏X9、location=马来西亚 时间:202,0.02,,
581,neg,类型:价格调整 阶段:planned 主体:联想 对象:拯救者系列 动作:计划7月中旬再次涨价 范围:market=CN、channel=official、sku=拯救者系列、location=深圳华强北 时间:2026-07-15~202,类型:legal_action 阶段:effective 主体:国家市场监督管理总局 对象:京东 动作:确认罚款 范围:market=CN 时间:2026-03-01~2026-03-31 [legal_action] (2026-01-0,0.02,,
582,neg,类型:investment 阶段:completed 主体:Appaloosa、David Tepper 对象:京东 动作:增持股票 范围:market=US、channel=13F、sku=京东股票 时间:2024-09-30~2024-,类型:other 阶段:effective 主体:国际半导体产业协会（SEMI） 对象:2024年全球芯片设备销售额预测值 动作:调高2024年全球芯片设备销售额预测值 范围:market=Global 时间:时间未知 [other] (?,0.02,,
583,neg,类型:sales_report 阶段:completed 主体:联想、哔哩哔哩 对象:联想产品 动作:公布618期间在B站的营销转化效果数据 范围:market=CN、channel=official 时间:2025-06-20~2025-,类型:policy_change 阶段:effective 主体:国家新闻出版署 对象:2026年5月份国产及进口网络游戏审批信息 动作:公布游戏版号审批信息 范围:market=CN、channel=official 时间:2026-05,0.02,,
584,neg,类型:产品发布 阶段:completed 主体:网易灵动、徐工 对象:搅拌站场景无人装载机“黑灯工地”产品 动作:发布搅拌站场景无人装载机“黑灯工地”产品 范围:market=CN、channel=official、sku=搅拌站场景无人装,类型:sales_report 阶段:completed 主体:上汽集团 对象:整车 动作:发布2025年销售成绩单 范围:market=CN、channel=official、sku=整车 时间:2026-01-04~2026-01-05,0.02,,
585,neg,类型:合作签约 阶段:effective 主体:腾讯 对象:昆仑芯 动作:成为昆仑芯客户 范围:market=CN 时间:时间未知 [partnership] (?~?) 证据“腾讯已成为昆仑芯客户”,类型:market_entry 阶段:effective 主体:京东物流 对象:JoyExpress 动作:在沙特推出自营快递品牌 范围:market=SA、channel=official、location=沙特 时间:时间未知 [mar,0.02,,
586,neg,类型:incident 阶段:completed 主体:原财经线/商业分析部某员工 对象:快手核心业务数据 动作:非法查询下载并外泄公司机密信息 范围:market=CN 时间:时间未知 [incident] (?~?) 证据“原财经线/商,类型:market_entry 阶段:completed 主体:贵州吉利汽车制造有限公司 对象:吉利汽车成套配件 动作:发运吉利汽车成套配件专列至白俄罗斯 范围:market=BY、channel=official、sku=吉利汽车成套配件,0.02,,
587,neg,类型:policy_change 阶段:effective 主体:字节跳动 对象:豆包股 动作:启动豆包股首次回购 范围:market=CN、channel=internal、sku=豆包股 时间:2026-04-15~2026-04-16,类型:investment 阶段:announced 主体:云锋金融 对象:以太坊 动作:购买以太坊作为战略储备资产 范围:market=HK、channel=official 时间:2025-09-02~2025-09-03 [inves,0.02,,
588,neg,类型:产品发布 阶段:planned 主体:realme 对象:realme 真我 Neo8 限定版 动作:延迟发布 范围:market=CN、channel=official、sku=realme 真我 Neo8 限定版 时间:时间未知 ,类型:价格调整 阶段:effective 主体:特斯拉 对象:Model 3焕新版 动作:下调起售价 范围:market=CN、channel=official、sku=Model 3焕新版 时间:2024-01-12~2024-01-13,0.02,,
589,neg,类型:investment 阶段:completed 主体:软银集团、富达投资 对象:字节跳动 动作:上调股份估值 范围:market=CN 时间:时间未知 [investment] (?~?) 证据“包括软银集团和富达投资在内的多家主要投,类型:产品发布 阶段:effective 主体:网易 对象:《守望先锋》 动作:游戏回归上线 范围:market=CN、channel=official、sku=《守望先锋》 时间:2025-02-19~2025-02-20 [produc,0.02,,
590,neg,类型:other 阶段:completed 主体:美团配送、北京美团公益基金会 对象:袋鼠宝贝公益计划 动作:发起公益计划 范围:market=CN、channel=official 时间:2019-07-17~2019-07-18 [ot,"类型:产品发布 阶段:effective 主体:OPPO 对象:OPPO Reno12 系列 动作:正式发布手机系列 范围:market=CN、channel=official、sku=OPPO Reno12, OPPO Reno12 Pr",0.02,,
591,neg,类型:产品发布 阶段:completed 主体:网易 对象:《射雕》 动作:正式上线 范围:market=CN、sku=《射雕》 时间:2024-03-01~2024-03-31 [product_launch] (2024-03-01T0,类型:合作签约 阶段:effective 主体:vivo、SOS国际儿童村 对象:Capture the Future 动作:启动企业社会责任项目 范围:market=BD、channel=official、location=孟加拉国 时间,0.02,,
592,neg,类型:market_entry 阶段:announced 主体:京东 对象:外卖行业 动作:高调宣布进军外卖行业 范围:market=CN 时间:2025-01-01~2025-01-31 [market_entry] (2025-01-0,类型:sales_report 阶段:completed 主体:蔚来公司 对象:新车 动作:交付新车 范围:market=CN、channel=official、sku=全品牌 时间:2025-09-01~2025-09-30 [sales,0.02,,
593,neg,类型:financial_report 阶段:planned 主体:甲骨文、Adobe、游戏驿站 对象:最新财报 动作:公布财报 范围:market=US 时间:2024-09-09~2024-09-15 [financial_report,类型:sales_report 阶段:completed 主体:特斯拉 对象:Model S/X 动作:完成最后一批交付 范围:market=CN、channel=official、sku=Model S/X 时间:2026-05-01~2,0.02,,
594,neg,类型:产品发布 阶段:effective 主体:理想汽车 对象:理想i9 动作:正式上市 范围:market=CN、channel=official、sku=理想i9 Home 时间:2026-09-16~2026-09-17 [produ,类型:market_entry 阶段:planned 主体:特斯拉 对象:Cybertruck 动作:在中国八座城市展开巡展 范围:market=CN、channel=offline_exhibition、sku=Cybertruck、lo,0.02,,
595,neg,类型:award 阶段:completed 主体:小鹏 对象:小鹏G6 动作:获得Euro NCAP五星安全评级 范围:market=EU、channel=official、sku=G6 时间:2024-09-11~2024-09-12 [,类型:sales_report 阶段:completed 主体:快手 对象:可灵AI 动作:披露2026年第二季度营业收入 范围:market=CN、channel=official 时间:2026-06-30~2026-07-01 [sa,0.02,,
596,neg,类型:policy_change 阶段:announced 主体:吉利控股集团 对象:吉曜通行 动作:宣布整合旗下电池业务，成立全新电池产业集团 范围:market=CN、channel=official、location=上海车展 时间:,类型:产品发布 阶段:announced 主体:广汽传祺 对象:传祺越7 动作:首发亮相 范围:market=CN、channel=official、sku=传祺越7、location=北京车展 时间:2026-04-24~2026-04-,0.02,,
597,neg,类型:award 阶段:effective 主体:DJI 大疆、SkyPixel 天空之城 对象:天空之城 11 周年影像大赛 动作:启动全球作品征集 范围:market=GLOBAL、channel=official 时间:2025-11,类型:合作签约 阶段:announced 主体:苹果、铠侠 对象:NAND闪存长期供应协议 动作:协商NAND闪存长期供应协议 范围:market=Global、channel=official、sku=NAND 时间:2026-09-08,0.02,,
598,neg,类型:产品发布 阶段:effective 主体:通义千问 对象:Qwen-Image 动作:开源图像生成基础模型 范围:market=CN、channel=official、sku=Qwen-Image 时间:2025-08-05~2025,类型:合作签约 阶段:planned 主体:OpenAI、歌尔股份 对象:扬声器模块等组件 动作:接洽合作供应组件 范围:market=CN、channel=official、sku=未来产品 时间:2025-09-19~2025-09-2,0.02,,
599,neg,类型:合作签约 阶段:announced 主体:峨眉山景区、金陵酒店集团、天津盘山风景名胜区、伊丽汇、卡卡米苏、慕巴夫、童话王子、妙旺角、奥米亚、昔木蛋糕、津乐园、可可同学、肥肥虾庄、大先生、浆小白、大尚龙虾、古茗 对象:美团乡村儿童操场公,类型:other 阶段:effective 主体:极氪智能科技 对象:三电制造基地 动作:媒体探访三电制造基地 范围:market=CN、channel=media_visit 时间:2024-10-24~2024-10-25 [other,0.02,,
600,neg,类型:sales_report 阶段:completed 主体:广汽集团 对象:汽车 动作:公布2025年销量数据 范围:market=CN 时间:2026-01-30~2026-01-31 [sales_report] (2026-01-,类型:other 阶段:planned 主体:网易 对象:《射雕》 动作:关闭全平台下载入口、充值及新用户注册 范围:market=CN、channel=official、sku=《射雕》 时间:2025-09-24~2025-09-25 ,0.02,,
601,neg,类型:policy_change 阶段:effective 主体:国家新闻出版署 对象:154款网络游戏 动作:发放游戏版号 范围:market=CN、channel=official 时间:2026-04-29~2026-04-30 [p,类型:产品发布 阶段:effective 主体:小鹏汽车 对象:2025款G6 动作:焕新登场 范围:market=CN、channel=official、sku=2025款G6 时间:时间未知 [product_launch] (?~?),0.02,,
602,neg,类型:合作签约 阶段:announced 主体:vivo、FIRST青年电影展 对象:第五届vivo × FIRST超短片竞赛 动作:开启征片 范围:market=CN、channel=official 时间:2024-04-17~2024,类型:sales_report 阶段:completed 主体:昆仑芯 对象:中国移动 动作:获得订单 范围:market=CN、channel=official 时间:时间未知 [sales_report] (?~?) 证据“此前，受昆仑,0.02,,
603,neg,类型:incident 阶段:announced 主体:理想汽车 对象:理想MEGA 2024款 动作:备案召回计划 范围:market=CN、channel=official、sku=理想MEGA 2024款 时间:2025-10-31~,类型:sales_report 阶段:completed 主体:上汽集团 对象:整车 动作:公布2024年11月及本年累计整车销量 范围:market=CN、channel=official、sku=整车 时间:2024-12-02~202,0.02,,
604,neg,类型:policy_change 阶段:announced 主体:苹果 对象:合作伙伴计划及订阅服务 动作:合作伙伴及订阅服务佣金降至15% 范围:market=EU、channel=in_app_purchase、sku=App Stor,类型:产品发布 阶段:effective 主体:长城汽车 对象:魏牌全新蓝山 动作:魏牌全新蓝山重磅上市 范围:market=CN、channel=official、sku=魏牌全新蓝山 时间:2024-08-01~2024-08-31 [,0.02,,
605,neg,类型:合作签约 阶段:announced 主体:上汽大众 对象:迪士尼《星球大战》 动作:宣布与迪士尼《星球大战》展开IP跨界合作 范围:market=CN、channel=official、sku=ID. ERA 9X、location=,类型:policy_change 阶段:announced 主体:宁德时代 对象:全价值链碳中和目标 动作:宣布2035年全价值链碳中和目标 范围:market=CN、channel=official 时间:2026-08-17~2026-,0.02,,
606,neg,类型:sales_report 阶段:completed 主体:蔚来 对象:新车 动作:交付新车 范围:market=CN 时间:2024-05-01~2024-05-31 [sales_report] (2024-05-01T00:00:,类型:expansion 阶段:completed 主体:洛邑印象汉服文化馆 对象:化妆台 动作:增加化妆台数量 范围:market=CN、channel=offline、sku=化妆台、location=洛邑古城北门 时间:时间未知 [e,0.02,,
607,neg,类型:产品发布 阶段:effective 主体:小鹏 对象:小鹏MONA L03 动作:上市 范围:market=CN、channel=official、sku=小鹏MONA L03 时间:2026-07-13~2026-07-19 [pr,类型:价格调整 阶段:announced 主体:特斯拉 对象:Model 3 Performance高性能版 动作:下调加拿大市场售价 范围:market=CA、channel=official、sku=Model 3 Performanc,0.02,,
608,neg,类型:人事变动 阶段:announced 主体:曹晓军 对象:广汽集团 动作:补选为公司第七届董事会董事 范围:market=CN、channel=official 时间:2026-05-21~2026-05-22 [executive_c,类型:产品发布 阶段:completed 主体:小鹏集团 对象:小鹏Robotaxi 动作:首台量产车下线 范围:market=CN、channel=official、sku=基于小鹏GX、location=广州 时间:2026-05-18,0.02,,
609,neg,类型:sales_report 阶段:completed 主体:哔哩哔哩 对象:2025年618大促 动作:公布618大促带货广告收入及GMV增长数据 范围:market=CN、channel=official 时间:2025-06-20~,类型:policy_change 阶段:announced 主体:外交部 对象:台湾实体名单 动作:回应华为中芯国际被列入台湾实体名单 范围:market=CN、channel=official 时间:2025-06-18~2025-06-,0.02,,
610,neg,类型:产品发布 阶段:effective 主体:叠纸网络 对象:云·恋与深空 动作:发布云游戏版本 范围:market=CN、channel=official、sku=云·恋与深空 时间:2025-12-26~2025-12-27 [pro,类型:sales_report 阶段:completed 主体:本田 对象:本田中国 动作:发布2025年中国终端汽车销量 范围:market=CN、channel=terminal 时间:2026-01-09~2026-01-10 [sa,0.02,,
611,neg,类型:legal_action 阶段:completed 主体:杭州滨江区人民法院 对象:《天下3》 动作:一审判决被告胜诉 范围:market=CN、channel=court、location=杭州滨江区 时间:时间未知 [legal_,类型:sales_report 阶段:completed 主体:京东方 对象:AMOLED产品 动作:AMOLED产品出货 范围:market=CN、sku=AMOLED 时间:2026-01-01~2026-06-30 [sales_re,0.02,,
612,neg,类型:investment 阶段:completed 主体:HHLR Advisors 对象:京东 动作:清仓卖出股票 范围:market=US、channel=13F 时间:2025-09-30~2025-09-30 [investmen,类型:sales_report 阶段:completed 主体:美团 对象:夜间消费 动作:发布五一假期夜间消费数据 范围:market=CN、channel=platform、sku=夜间消费、location=全国 时间:2024-05,0.02,,
613,neg,类型:legal_action 阶段:completed 主体:抖音 对象:仿冒导演杨宇的账号 动作:回查处置仿冒账号 范围:market=CN、channel=official 时间:2025-02-07~2025-02-18 [lega,类型:sales_report 阶段:completed 主体:荣耀 对象:荣耀手机 动作:2025年全球出货量增速达11%，位居全球第一 范围:market=GLOBAL、channel=all、sku=手机 时间:2025-01-01~,0.02,,
614,neg,类型:合作签约 阶段:completed 主体:联想集团、中国智能计算产业联盟 对象:《异构智算产业趋势与技术发展白皮书》 动作:联合推出白皮书 范围:market=CN、channel=conference、location=河南郑州 时,类型:market_entry 阶段:effective 主体:百度萝卜快跑 对象:无人驾驶出租车服务 动作:在武汉商业化落地 范围:market=CN、location=武汉 时间:2024-07-01~2024-07-31 [marke,0.02,,
615,neg,类型:legal_action 阶段:announced 主体:深圳市腾讯计算机系统有限公司 对象:深圳前海新之江信息技术有限公司 动作:提起诉讼指控不正当竞争 范围:market=CN、channel=court、location=上海 ,类型:financial_report 阶段:completed 主体:京东 对象:Q3财报 动作:公布Q3财报 范围:market=CN、channel=official 时间:2025-11-13~2025-11-14 [financi,0.02,,
616,neg,类型:合作签约 阶段:effective 主体:淘宝、微信支付 对象:淘宝部分订单 动作:部分订单开放跳转微信支付 范围:market=CN、channel=official、sku=部分商品 时间:2024-02-23~2024-02-2,类型:other 阶段:announced 主体:TechInsights 对象:2025年半导体制造市场展望 动作:发布2025年半导体制造市场展望 范围:market=Global、channel=official 时间:2024-12,0.02,,
617,neg,类型:sales_report 阶段:completed 主体:广汽集团 对象:广汽集团 动作:公布2026年1月销量数据 范围:market=CN、channel=official 时间:2026-02-14~2026-02-15 [sa,类型:合作签约 阶段:completed 主体:广西民族大学相思湖学院、吉利控股集团、浙江极氪智能科技有限公司 对象:极氪直播产业学院 动作:共建并揭牌成立极氪直播产业学院 范围:market=CN、channel=official、loc,0.02,,
618,neg,类型:产品发布 阶段:completed 主体:林俊旸、阿里千问团队 对象:Qwen3.5小尺寸模型系列 动作:发布模型系列 范围:market=Global、channel=official、sku=Qwen3.5 时间:2026-03-,类型:legal_action 阶段:effective 主体:广东证券期货业协会 对象:部分具有证券咨询资格的机构 动作:发文指出机构直播管控不到位及推荐个股行为 范围:market=CN、channel=regulatory、locat,0.02,,
619,neg,类型:产品发布 阶段:announced 主体:vivo 对象:vivo X300 Ultra 动作:亮相博鳌展台 范围:market=CN、channel=official、sku=vivo X300 Ultra、location=海南博,类型:financial_report 阶段:announced 主体:江淮汽车 对象:江淮汽车2025年财报 动作:公告2025年营业收入 范围:market=CN、channel=official 时间:2026-04-03~2026-,0.02,,
620,neg,类型:other 阶段:completed 主体:腾讯 对象:自研AI引擎 动作:分享自研AI引擎应用成效 范围:market=CN、channel=conference、sku=AI引擎、location=上海 时间:2024-07-26,"类型:产品发布 阶段:announced 主体:比亚迪 对象:海豹06DM-i、OCEAN-M、海狮07EV 动作:推出三款新品 范围:market=CN、channel=official、sku=海豹06DM-i, OCEAN-M, 海狮",0.02,,
621,neg,类型:价格调整 阶段:effective 主体:特斯拉 对象:Model 3 后驱标准续航 动作:下调官方指导价 范围:market=CN、channel=official、sku=Model 3 后驱标准续航 时间:2024-01-12~,类型:sales_report 阶段:completed 主体:零跑汽车 对象:零跑汽车 动作:公布6月交付数据 范围:market=CN、channel=official、sku=全车型 时间:2024-07-01~2024-07-02 ,0.02,,
622,neg,"类型:产品发布 阶段:announced 主体:魏牌新能源 对象:全新高山 动作:开启预售 范围:market=CN、channel=official、sku=高山8, 高山9 时间:2025-04-01~2025-04-30 [produ",类型:价格调整 阶段:effective 主体:OPPO 对象:一加系列 动作:上调官方售价 范围:market=CN、channel=offline 时间:2026-03-21~2026-03-22 [price_change] (202,0.02,,
623,neg,类型:expansion 阶段:effective 主体:小鹏汇天 对象:飞行汽车智造基地 动作:启动建设 范围:market=CN、channel=official、sku=陆地航母飞行体、location=广州开发区 时间:2024-1,类型:合作签约 阶段:announced 主体:孙志洋、吴晓如 对象:科大讯飞 动作:会见并探讨深化合作 范围:market=CN、channel=official、location=广州 时间:2024-12-31~2025-01-01 ,0.02,,
624,neg,类型:expansion 阶段:planned 主体:理想汽车 对象:理想i6 动作:提升月产能 范围:market=CN、channel=official、sku=理想i6 时间:2026-01-01~2026-01-02 [expans,类型:policy_change 阶段:announced 主体:广汽埃安 对象:AION品牌 动作:启用AION字母标作为品牌标志进行全球推广 范围:market=GLOBAL、channel=official 时间:2024-06-22,0.02,,
625,neg,类型:合作签约 阶段:planned 主体:苹果、英特尔 对象:最低端M系列处理器 动作:计划让英特尔代工处理器 范围:market=US、channel=official、sku=最低端M系列处理器 时间:2027-04-01~2027-,类型:价格调整 阶段:effective 主体:特斯拉中国 对象:Model Y 现车 动作:上线尾款立减 1 万元活动 范围:market=CN、channel=official、sku=Model Y 现车 时间:2024-12-24~,0.02,,
626,neg,类型:产品发布 阶段:planned 主体:广汽埃安 对象:全新品牌LOGO、Concept Aero 动作:首发全新品牌LOGO并推出全新车型Concept Aero 范围:market=CN、channel=exhibition、sku,类型:sales_report 阶段:completed 主体:百度 对象:AI业务 动作:披露AI业务收入同比增长超50% 范围:market=CN、channel=official 时间:2025-11-18~2025-11-19 [s,0.02,,
627,neg,类型:产品发布 阶段:announced 主体:吉利 对象:千里浩瀚G-ASD 动作:发布千里浩瀚辅助驾驶系统英文品牌及软件版本名称 范围:market=US、channel=official、sku=千里浩瀚G-ASD、location=,类型:financial_report 阶段:completed 主体:吉利汽车 对象:2026年中期业绩报告 动作:发布中期业绩报告 范围:market=CN、channel=official 时间:2026-08-17~2026-08-,0.02,,
628,neg,类型:sales_report 阶段:completed 主体:美团闪购 对象:茅台、五粮液、剑南春 动作:名酒成交额均破千万元 范围:market=CN、channel=online、sku=茅台、五粮液、剑南春 时间:2025-05-2,类型:other 阶段:completed 主体:中金公司 对象:研报 动作:发布研报 范围:market=CN、channel=official 时间:时间未知 [other] (?~?) 证据“中金公司近日发布研报称”,0.02,,
629,neg,类型:产品发布 阶段:effective 主体:腾讯游戏 对象:《代号Craft》、《LAP拉普》、《MagicDawn》、《MagicLomix》 动作:四款AI产品与观展者见面 范围:market=CN、channel=exhibiti,类型:合作签约 阶段:effective 主体:中国建设银行、美团企业版 对象:岚皋县南宫山镇中心幼儿园操场 动作:公益支持并探访首座合作操场 范围:market=CN、channel=official、location=岚皋县南宫山镇 时,0.02,,
630,neg,类型:expansion 阶段:completed 主体:时代长安 对象:时代长安一期扩能项目 动作:举行投产仪式 范围:market=CN、channel=official、sku=30GWh动力电池、location=四川宜宾市长江工业,类型:policy_change 阶段:announced 主体:阿里巴巴 对象:淘闪 动作:明确2026年首要目标为份额增长并加大投入 范围:market=CN、channel=official、sku=淘闪 时间:2026-01-08~,0.02,,
631,neg,类型:financial_report 阶段:completed 主体:全行业车险 对象:2025年车险市场核心数据 动作:发布2025年车险市场核心数据 范围:market=CN、channel=official 时间:2026-02-0,类型:award 阶段:completed 主体:小鹏汽车 对象:小鹏X9 动作:获得C-NCAP五星安全认证 范围:market=CN、channel=official、sku=小鹏X9 时间:2024-09-06~2024-09-07 ,0.02,,
632,neg,类型:expansion 阶段:planned 主体:苹果公司、MP Materials 对象:回收设施 动作:计划建设新的回收设施 范围:market=US、channel=media_report、location=加利福尼亚州Moun,类型:产品发布 阶段:planned 主体:周意保 对象:OPPO Find X8 Ultra 动作:计划公布新机外观 范围:market=CN、channel=official、sku=Find X8 Ultra 时间:2025-04-0,0.02,,
633,neg,类型:产品发布 阶段:effective 主体:小鹏汽车 对象:P7i 702 Max鹏翼版 动作:发布并开启交付 范围:market=CN、channel=official、sku=P7i 702 Max鹏翼版 时间:2024-03-25,类型:other 阶段:completed 主体:广汽菲克 对象:核心资产 动作:第1次拍卖流拍 范围:market=CN、channel=auction、sku=核心资产 时间:2024-07-20~2024-07-21 [other] ,0.02,,
634,neg,类型:sales_report 阶段:completed 主体:吉利银河 对象:吉利银河系列 动作:公布上半年销量 范围:market=CN 时间:2025-01-01~2025-06-30 [sales_report] (2025-01-,类型:expansion 阶段:planned 主体:小鹏汽车 对象:小鹏X9右舵版 动作:启动海外本地化生产 范围:market=ID、channel=local_production、sku=小鹏X9右舵版、location=印尼 时间,0.02,,
635,neg,类型:sales_report 阶段:announced 主体:郭明錤 对象:iPhone 15系列、iPhone 16系列 动作:预测iPhone 15/16系列出货量同比下滑 范围:market=Global、channel=analy,类型:产品发布 阶段:announced 主体:IDC 对象:《DAA研究报告》 动作:发布《DAA研究报告》 范围:market=GLOBAL、channel=official、location=2026世界人工智能大会（WAIC） 时间,0.02,,
636,neg,类型:incident 阶段:completed 主体:沙某 对象:科大讯飞 动作:在网上捏造散布裁员虚假信息 范围:market=CN、channel=online 时间:2026-03-17~2026-03-18 [incident] ,类型:policy_change 阶段:completed 主体:宁德时代 对象:《关于变更部分A股募集资金用途的议案》 动作:审议通过变更部分A股募集资金用途议案 范围:market=CN、channel=official 时间:2026,0.02,,
637,neg,类型:policy_change 阶段:announced 主体:亚马逊、Andy Jassy 对象:员工办公制度 动作:恢复一周5天办公室上班 范围:market=US、channel=official 时间:2024-09-17~202,"类型:other 阶段:effective 主体:国投瑞银基金 对象:国投瑞银白银基金 动作:在京东金融及腾讯理财通上线办理相关事宜的小程序 范围:market=CN、channel=京东金融,腾讯理财通、sku=国投瑞银白银基金 时间:2",0.02,,
638,neg,类型:合作签约 阶段:completed 主体:特斯拉、百度 对象:地图和导航协议 动作:达成地图和导航协议 范围:market=CN、location=中国 时间:时间未知 [partnership] (?~?) 证据“在通过数据安全评估,类型:sales_report 阶段:completed 主体:广汽集团 对象:海外终端销量 动作:公布海外终端销量增长 范围:market=GLOBAL、channel=official、location=海口 时间:2025-09-27,0.02,,
639,neg,类型:expansion 阶段:completed 主体:湖北小雅科技有限公司 对象:湖北小雅科技有限公司 动作:成立新公司 范围:market=CN、location=湖北 时间:时间未知 [expansion] (?~?) 证据“湖北小,类型:sales_report 阶段:completed 主体:B站 对象:数码3C产品 动作:公布《黑神话：悟空》带动的数码3C消费数据 范围:market=CN、channel=official、sku=显卡、游戏本、游戏手柄等 时间:,0.02,,
640,neg,类型:other 阶段:completed 主体:奇瑞 对象:2024年奇瑞全球合作伙伴共创大会 动作:召开全球合作伙伴共创大会 范围:market=CN、channel=official、location=芜湖市 时间:2024-04-3,类型:market_entry 阶段:planned 主体:网易 对象:《燕云十六声》海外版本 动作:计划2025年发布《燕云十六声》海外版本 范围:market=GLOBAL、channel=official、sku=《燕云十六声》海外版,0.02,,
641,neg,类型:financial_report 阶段:announced 主体:快手科技、程一笑 对象:可灵AI 动作:披露2026年第一季度业绩及可灵AI ARR数据 范围:market=CN、channel=earnings_call、sku=,类型:人事变动 阶段:effective 主体:马东辉 对象:智能汽车群组 动作:担任智能汽车群组负责人 范围:market=CN、channel=official 时间:2025-06-30~2025-07-01 [executive_c,0.02,,
642,neg,类型:other 阶段:completed 主体:伯恩斯坦 对象:研报 动作:发布研报 范围:market=CN、channel=official 时间:2025-05-07~2025-05-08 [other] (2025-05-07T0,类型:policy_change 阶段:planned 主体:广汽集团 对象:三年“番禺行动” 动作:制定三年“番禺行动” 范围:market=CN、channel=official 时间:时间未知 [policy_change] (?~?,0.02,,
643,neg,类型:产品发布 阶段:effective 主体:理想汽车 对象:OTA 6.2 动作:正式全量推送 范围:market=CN、channel=ota 时间:时间未知 [product_launch] (?~?) 证据“理想汽车正式全量推送O,"类型:sales_report 阶段:planned 主体:蔚来 对象:新ET5、新ET5T 动作:开启全国交付 范围:market=CN、channel=official、sku=新ET5, 新ET5T、location=全国 时间:20",0.02,,
644,neg,类型:人事变动 阶段:completed 主体:约翰·特努斯 对象:苹果 动作:接任CEO 范围:market=US、channel=official 时间:2026-09-01~2026-09-02 [executive_change] ,类型:financial_report 阶段:announced 主体:理想汽车 对象:2025年第一季度财报 动作:披露季度财务业绩 范围:market=CN、channel=official、business_no=02015 时间:2,0.02,,
645,neg,类型:sales_report 阶段:completed 主体:奇瑞集团 对象:出口汽车 动作:发布2025年全年出口销量数据 范围:market=GLOBAL、channel=official、sku=出口车型 时间:2026-01-11,类型:financial_report 阶段:completed 主体:快手 对象:2025年四季度及全年业绩报告 动作:发布业绩报告 范围:market=HK、channel=official 时间:时间未知 [financial_rep,0.02,,
646,neg,"类型:sales_report 阶段:completed 主体:蔚来 对象:ES8 动作:完成第120,000台新车交付 范围:market=CN、channel=official、sku=ES8、location=上海嘉定南翔交付中心 时",类型:policy_change 阶段:effective 主体:特斯拉 对象:5年0息金融方案 动作:延期5年0息金融方案 范围:market=CN、channel=official、sku=Model Y 时间:2024-12-24~2,0.02,,
647,neg,类型:sales_report 阶段:completed 主体:理想汽车 对象:理想汽车 动作:三季度交付 范围:market=CN、channel=official 时间:2025-07-01~2025-09-30 [sales_repo,类型:合作签约 阶段:completed 主体:广汽集团、广州工控集团 对象:深化战略合作协议 动作:签署深化战略合作协议 范围:market=CN、channel=official、location=广州 时间:2025-04-25~20,0.02,,
648,neg,类型:policy_change 阶段:effective 主体:各大电商平台 对象:618预售环节 动作:取消预售环节 范围:market=CN、channel=online 时间:2024-05-20~2024-05-21 [polic,类型:产品发布 阶段:announced 主体:理想汽车 对象:理想i8 动作:发布首款纯电SUV理想i8官图 范围:market=CN、channel=official、sku=理想i8 时间:2025-02-25~2025-02-26 ,0.02,,
649,neg,类型:other 阶段:announced 主体:国投证券 对象:中芯国际 动作:发布研报给予买入评级 范围:market=CN、channel=research_report、sku=688981.SH 时间:2024-08-09~202,类型:人事变动 阶段:completed 主体:王振辉 对象:京东物流 动作:接任CEO 范围:market=CN、channel=official 时间:2025-11-01~2025-12-01 [executive_change] (,0.02,,
650,neg,类型:人事变动 阶段:rumored 主体:字节跳动 对象:手机业务 动作:辟谣赵明入职及自研手机计划 范围:market=CN、channel=official 时间:2025-02-07~2025-02-08 [executive_ch,类型:产品发布 阶段:effective 主体:腾讯元宝 对象:深度思考模型“混元T1” 动作:灰度上线 范围:market=CN、channel=official、sku=腾讯元宝 时间:2025-02-17~2025-02-18 [pr,0.02,,
651,neg,类型:人事变动 阶段:announced 主体:Tim Cook、Apple 对象:CEO Position 动作:即将卸任CEO职位 范围:market=Global、channel=official 时间:时间未知 [executive,类型:合作签约 阶段:effective 主体:vivo 对象:博鳌亚洲论坛 动作:成为战略合作伙伴 范围:market=CN、channel=official、location=北京 时间:2025-01-08~2025-01-09 [p,0.02,,
652,neg,类型:sales_report 阶段:completed 主体:小鹏汽车 对象:小鹏MONA M03 动作:公布1月交付量 范围:market=CN、channel=official、sku=小鹏MONA M03 时间:2025-02-01,类型:financial_report 阶段:completed 主体:京东方 对象:2025年第一季度财报 动作:发布2025年第一季度财报 范围:market=CN、channel=official 时间:2025-04-29~2025,0.02,,
653,neg,类型:人事变动 阶段:effective 主体:林金文 对象:极氪科技集团 动作:任极氪科技集团副总裁 范围:market=CN、channel=official 时间:2025-02-14~2025-02-15 [executive_ch,类型:产品发布 阶段:completed 主体:智界、奇瑞 对象:智界S7 动作:开启预定 范围:market=CN、channel=official、sku=智界S7 时间:2023-11-01~2023-11-30 [product_l,0.02,,
654,neg,类型:产品发布 阶段:planned 主体:广汽能源 对象:兆瓦超充、V2G产品、工商业储能 动作:计划2026年陆续落地兆瓦超充、V2G产品、工商业储能等新品 范围:market=CN、channel=official、sku=兆瓦超充、,类型:policy_change 阶段:announced 主体:华为、赛力斯 对象:问界 动作:合作模式调整 范围:market=CN、channel=official、sku=问界 时间:2026-01-01~2026-02-01 [p,0.02,,
655,neg,类型:sales_report 阶段:announced 主体:高盛 对象:618行业净GMV 动作:预计618行业净GMV同比实现中高个位数增长 范围:market=CN 时间:2024-06-21~2024-06-22 [sales_r,类型:expansion 阶段:planned 主体:徕芬科技 对象:线下门店 动作:披露线下扩张计划 范围:market=CN、channel=offline、location=20城 时间:2026-01-01~2026-12-31 [,0.02,,
656,neg,类型:other 阶段:effective 主体:广汽集团、昊铂 对象:昊铂A800 动作:启动L3有条件自动驾驶高速道路研发测试 范围:market=CN、channel=official、sku=A800、location=广州 时间:,类型:产品发布 阶段:completed 主体:百度 对象:文心大模型4.0 Turbo 动作:推出性能更优的文心大模型4.0 Turbo 范围:market=CN、channel=official、sku=文心大模型4.0 Turbo 时,0.02,,
657,neg,类型:产品发布 阶段:effective 主体:可灵AI 对象:AI模特 动作:推出全新功能 范围:market=CN、channel=official、sku=AI模特 时间:2024-12-30~2024-12-31 [product_,类型:other 阶段:effective 主体:vivo 对象:残障学生 动作:启动公益赠机 范围:market=CN、channel=official、location=全国 时间:2024-09-01~2024-10-01 [othe,0.02,,
658,neg,类型:other 阶段:announced 主体:摩根大通 对象:阿里巴巴 动作:上调三季度外卖损失预期 范围:market=CN、channel=research_report、sku=外卖业务 时间:2025-08-18~2025-08,类型:产品发布 阶段:announced 主体:快手 对象:AI编程产品矩阵 动作:发布AI编程产品矩阵 范围:market=CN、channel=official、sku=AI编程产品矩阵 时间:2025-10-24~2025-10-25,0.02,,
659,neg,类型:award 阶段:completed 主体:B站 对象:百大UP主 动作:颁发百大UP主年度奖项 范围:market=CN、channel=official 时间:2024-01-06~2024-01-07 [award] (2024,类型:expansion 阶段:completed 主体:浙江吉利控股集团、欣旺达电子股份有限公司 对象:山东吉利欣旺达动力电池项目 动作:建设动力电池项目 范围:market=CN、channel=official、sku=5.2AH H,0.02,,
660,neg,类型:合作签约 阶段:completed 主体:宁德时代、常州市人民政府 对象:全域打造零碳生态城市战略合作框架协议 动作:签署战略合作框架协议 范围:market=CN、channel=official、location=常州 时间:20,类型:other 阶段:effective 主体:小鹏汽车 对象:小鹏X9、第五届中国新材料产业发展大会 动作:提供小鹏X9作为官方用车 范围:market=CN、channel=official、sku=小鹏X9、location=武汉 ,0.02,,
661,neg,类型:award 阶段:completed 主体:王书矛 对象:《昨日清艾司遗忘素口服片》 动作:获得评审团大奖 范围:market=CN、channel=official、location=西宁 时间:2026-07-23~2026-07,类型:investment 阶段:completed 主体:吴晓如、聂小林、江涛 对象:科大讯飞 动作:完成股份增持 范围:market=CN、channel=official 时间:2024-09-02~2024-09-03 [inves,0.02,,
662,neg,类型:award 阶段:completed 主体:B站 对象:于谦、罗永浩 动作:获得年度最佳新人奖 范围:market=CN、channel=official 时间:2026-01-18~2026-01-19 [award] (2026-,类型:other 阶段:completed 主体:瑞银 对象:京东股票 动作:发布研报重申买入评级 范围:market=CN、channel=official 时间:2025-03-10~2025-03-11 [other] (2025-0,0.02,,
663,neg,类型:产品发布 阶段:effective 主体:腾讯混元 对象:Tencent-HY-MT1.5-1.8B、Tencent-HY-MT1.5-7B 动作:推出并开源翻译模型1.5 范围:market=CN、channel=official、,类型:policy_change 阶段:announced 主体:OPPO 对象:子系列事业部 动作:发布新成立子系列事业部公告 范围:market=CN、channel=official 时间:2026-04-29~2026-04-30 ,0.03,,
664,neg,类型:sales_report 阶段:completed 主体:天猫 对象:2024年天猫双11 动作:公布双11成交总额强劲增长及购买用户规模创新高 范围:market=CN、channel=official 时间:2024-11-11~,类型:expansion 阶段:completed 主体:京东健康 对象:北京京东医疗美容诊所有限公司 动作:设立医美子公司 范围:market=CN、location=北京 时间:2025-03-01~2025-03-31 [expans,0.02,,
665,neg,类型:sales_report 阶段:completed 主体:比亚迪、奇瑞 对象:纯电动汽车 动作:欧洲市场销量同比增长超过一倍 范围:market=EU、channel=all、sku=纯电动汽车、location=欧洲 时间:2026,类型:人事变动 阶段:completed 主体:艾伦·戴伊 对象:Meta 动作:被Meta挖走 范围:market=CN、channel=official 时间:2025-12-01~2025-12-08 [executive_chang,0.02,,
666,neg,类型:产品发布 阶段:announced 主体:大疆 对象:Osmo Pocket 4P 动作:亮相威尼斯国际电影节 范围:market=IT、channel=official、sku=Osmo Pocket 4P、location=意大利,类型:investment 阶段:completed 主体:HHLR Advisors 对象:拼多多 动作:增持股票 范围:market=US、channel=13F 时间:2025-09-30~2025-09-30 [investment,0.03,,
667,neg,类型:award 阶段:completed 主体:蔚来 对象:蔚来ET5/ET5T 动作:荣获中型纯电动轿车市场第一名 范围:market=CN、sku=ET5/ET5T 时间:2024-05-30~2024-05-31 [award] (,类型:人事变动 阶段:effective 主体:贾健旭 对象:上汽集团 动作:担任上汽集团总裁 范围:market=CN、channel=official 时间:2024-07-19~2024-07-20 [executive_change,0.03,,
668,neg,类型:产品发布 阶段:announced 主体:荣耀 对象:荣耀MagicBook Pro 16 动作:发布AI笔记本电脑 范围:market=CN、channel=official、sku=MagicBook Pro 16 时间:2024,类型:investment 阶段:announced 主体:北汽集团 对象:北汽蓝谷、福田汽车、渤海汽车 动作:发布增持公告 范围:market=CN、channel=official 时间:2026-07-24~2026-07-25 [i,0.02,,
669,neg,类型:并购交易 阶段:effective 主体:国泰君安、海通证券 对象:换股吸收合并 动作:证监会批复同意换股吸收合并 范围:market=CN、channel=official、business_no=证监许可〔2025〕96号 时间:,类型:award 阶段:completed 主体:TechRadar 对象:荣耀Magic V3 动作:评为2024年IFA最佳产品 范围:market=GLOBAL、channel=IFA、sku=Magic V3、location=德国,0.02,,
670,neg,类型:expansion 阶段:completed 主体:时代长安 对象:时代长安一期扩能项目 动作:举行投产仪式 范围:market=CN、channel=official、sku=30GWh动力电池、location=四川宜宾市长江工业,类型:价格调整 阶段:effective 主体:OPPO 对象:一加系列 动作:上调官方售价 范围:market=CN、channel=offline 时间:2026-03-21~2026-03-22 [price_change] (202,0.02,,
671,neg,类型:合作签约 阶段:effective 主体:荣耀、京东 对象:战略合作协议 动作:签署战略合作协议 范围:market=CN、channel=official、location=京东总部 时间:2026-04-02~2026-04-03,类型:sales_report 阶段:completed 主体:23家A、H股上市汽车制造公司 对象:整车 动作:披露7月整车销量 范围:market=CN、channel=official、sku=整车 时间:2026-07-01~202,0.02,,
672,neg,类型:产品发布 阶段:planned 主体:启境 对象:第二款中大型SUV 动作:推出新车 范围:market=CN、sku=第二款中大型SUV 时间:2026-01-01~2026-12-31 [product_launch] (2026,类型:expansion 阶段:completed 主体:时代北汽 对象:电池工厂 动作:首颗电芯下线 范围:market=CN、channel=official、sku=电芯、location=北京 时间:时间未知 [expansion],0.03,,
673,neg,类型:other 阶段:announced 主体:B站 对象:《闪耀！优俊少女》 动作:宣布即将恢复下载 范围:market=CN、channel=official、sku=《闪耀！优俊少女》 时间:2025-05-21~2025-05-2,类型:award 阶段:completed 主体:小鹏汽车 对象:虎嗅2024“可持续品牌典范”榜单、清洁机遇奖、责任产品奖 动作:入选榜单并斩获清洁机遇奖、责任产品奖 范围:market=CN、channel=official、locat,0.03,,
674,neg,类型:investment 阶段:planned 主体:沐曦股份 对象:科创板上市 动作:公告将于12月17日正式于科创板上市 范围:market=CN、channel=official 时间:2025-12-15~2025-12-16 [,类型:sales_report 阶段:completed 主体:苹果 对象:iPhone 动作:实现创纪录季度销售 范围:market=GLOBAL、sku=iPhone 17系列 时间:2025-09-28~2025-12-28 [sal,0.03,,
675,neg,类型:other 阶段:effective 主体:小鹏汽车 对象:第二代VLA 动作:开启全民试驾 范围:market=CN、channel=official、sku=第二代VLA 时间:2026-03-11~2026-03-12 [oth,类型:产品发布 阶段:planned 主体:吉利汽车 对象:i-HEV智能双擎 动作:计划发布新一代油电混动技术 范围:market=GLOBAL、channel=official、sku=i-HEV智能双擎 时间:2026-01-01~2,0.03,,
676,neg,类型:产品发布 阶段:effective 主体:OPPO 对象:OPPO Reno12 手机“晨雾蓝” 动作:新配色正式开售 范围:market=CN、channel=official、sku=OPPO Reno12 晨雾蓝 时间:2024,类型:sales_report 阶段:completed 主体:吉利汽车集团 对象:海外18国 动作:发布1-4月海外18国销量盘点 范围:market=GLOBAL、channel=overseas、sku=乘用车、location=海外,0.03,,
677,neg,类型:sales_report 阶段:completed 主体:小鹏汽车 对象:小鹏汽车 动作:公布2025年上半年交付量 范围:market=Global 时间:2025-07-15~2025-07-16 [sales_report] (,类型:产品发布 阶段:effective 主体:豆包 对象:抖音商城 动作:接入抖音商城并上线购物推荐功能 范围:market=CN、channel=app、sku=豆包AI助手 时间:2025-10-01~2025-10-31 [prod,0.03,,
678,neg,类型:other 阶段:planned 主体:小鹏汽车 对象:新闻发布会 动作:计划举行新闻发布会 范围:market=FR、channel=official、location=巴黎车展现场 时间:2024-10-14~2024-10-15,类型:policy_change 阶段:effective 主体:政府 对象:以旧换新补贴活动 动作:正式启动以旧换新补贴活动 范围:market=CN、channel=official 时间:2025-01-20~2025-01-21 [,0.03,,
679,neg,类型:financial_report 阶段:completed 主体:极氪汽车 对象:2024年第二季度财务业绩 动作:披露第二季度财务数据 范围:market=CN、channel=official 时间:2024-08-21~2024,类型:policy_change 阶段:effective 主体:国家卫生健康委 对象:育儿补贴申报 动作:公布育儿补贴申报数据 范围:market=CN、channel=official、location=全国 时间:2025-10-02,0.02,,
680,neg,类型:policy_change 阶段:completed 主体:腾讯 对象:元宝、CSIG 动作:将元宝从TEG划归CSIG 范围:market=CN、channel=internal、sku=元宝 时间:2025-01-28~2025-,类型:other 阶段:completed 主体:小鹏汽车 对象:G6车型 动作:举办开放日周末活动 范围:market=SG、sku=G6、location=新加坡 时间:2024-11-02~2024-11-04 [other] (20,0.02,,
681,neg,类型:产品发布 阶段:effective 主体:小米 对象:小米15S Pro 动作:发布新款手机 范围:market=CN、channel=official、sku=小米15S Pro 时间:2025-05-22~2025-05-23 [,类型:policy_change 阶段:completed 主体:字节跳动 对象:飞书产品团队、豆包产品团队 动作:产品团队合并 范围:market=CN、channel=internal 时间:2026-07-30~2026-07-31 ,0.03,,
682,neg,类型:产品发布 阶段:planned 主体:比亚迪 对象:腾势N7 动作:上市全新腾势N7 范围:market=CN、channel=official、sku=腾势N7 时间:2024-04-01~2024-04-02 [product_l,"类型:sales_report 阶段:completed 主体:智界 对象:智界R7、智界S7 动作:交付量突破16万台 范围:market=CN、channel=official、sku=智界R7, 智界S7 时间:2026-04-01~",0.03,,
683,neg,类型:产品发布 阶段:completed 主体:网易 对象:《漫威争锋》 动作:上线《漫威争锋》 范围:market=CN、channel=official、sku=《漫威争锋》 时间:2024-12-01~2024-12-31 [prod,类型:market_entry 阶段:effective 主体:Keeta 对象:香港市场 动作:正式登陆香港 范围:market=HK、location=香港 时间:2023-05-01~2023-05-31 [market_entry],0.02,,
684,neg,类型:价格调整 阶段:effective 主体:蔚来汽车 对象:永久升级服务 动作:下调永久升级服务价格 范围:market=CN、channel=official、sku=永久升级服务 时间:2025-08-19~2025-08-20 [,类型:expansion 阶段:planned 主体:上汽大众 对象:经销商网络 动作:计划净增100家经销商网点 范围:market=CN、channel=dealer、location=中国 时间:2025-01-01~2025-12-,0.02,,
685,neg,类型:investment 阶段:completed 主体:网易 对象:Build A Rocket Boy 动作:投资 范围:market=OVERSEAS 时间:2024-01-01~2024-12-31 [investment] (2,类型:financial_report 阶段:announced 主体:长城汽车 对象:2026年半年报 动作:发布2026年半年报 范围:market=CN、channel=official 时间:2026-08-25~2026-08-2,0.02,,
686,neg,类型:expansion 阶段:planned 主体:菜鸟 对象:全球第二批eHub 动作:启动建设 范围:market=GLOBAL、channel=official 时间:时间未知 [expansion] (?~?) 证据“前不久菜鸟透,类型:other 阶段:completed 主体:快手、千问APP 对象:快手冬运会 动作:举办冬运会 范围:market=CN、channel=offline、location=吉林长春冰雪新天地 时间:2026-02-09~2026-0,0.03,,
687,neg,类型:sales_report 阶段:completed 主体:上汽集团 对象:2月份产销快报 动作:发布2月份产销快报 范围:market=CN、channel=official、sku=整车及新能源汽车 时间:2024-03-08~20,类型:other 阶段:completed 主体:特斯拉 对象:Optimus 动作:透露已有两台Optimus在工厂执行任务 范围:market=CN、channel=official、sku=Optimus、location=特斯拉工厂,0.03,,
688,neg,类型:investment 阶段:announced 主体:乐聚 对象:创业板 动作:递交创业板上市招股书 范围:market=CN 时间:时间未知 [investment] (?~?) 证据“成立十年左右的云深处和乐聚已分别递交科创板和创,类型:sales_report 阶段:completed 主体:鸿蒙智行 对象:问界M9 动作:累计大定突破4万台 范围:market=CN、channel=official、sku=问界M9 时间:2024-02-01~2024-02-2,0.03,,
689,neg,类型:policy_change 阶段:planned 主体:理想汽车 对象:2024年销售目标 动作:制定2024年交付目标 范围:market=CN、channel=official、sku=全品牌 时间:2024-01-10~2024,类型:sales_report 阶段:completed 主体:小米汽车 对象:小米汽车 动作:公布2026年3月交付量 范围:market=CN、channel=official、sku=小米汽车 时间:2026-04-01~2026-0,0.03,,
690,neg,类型:sales_report 阶段:completed 主体:比亚迪 对象:第1000万辆新能源汽车 动作:举办第1000万辆新能源汽车下线仪式 范围:market=CN、channel=official、sku=第1000万辆 时间:2,类型:并购交易 阶段:completed 主体:紫金国际控股 对象:藏格矿业 动作:完成控制权收购及股份过户登记 范围:market=CN、channel=official 时间:2025-04-30~2025-05-01 [merger_,0.02,,
691,neg,类型:expansion 阶段:planned 主体:宁德时代 对象:厦门时代二期项目 动作:建设动力电池生产线 范围:market=CN、channel=official、sku=全智能化新能源动力电池、location=福建厦门 时间:,类型:other 阶段:effective 主体:立中集团 对象:铝合金车轮项目 动作:获国际知名车企和新能源头部汽车制造商铝合金车轮项目定点 范围:market=CN、channel=official、sku=铝合金车轮 时间:2025-,0.02,,
692,neg,类型:incident 阶段:completed 主体:字节跳动 对象:100名员工 动作:因触犯公司红线被辞退 范围:market=CN 时间:2025-09-01~2025-09-30 [incident] (2025-09-01T00,类型:investment 阶段:completed 主体:比亚迪 对象:30亿教育慈善基金 动作:启动30亿教育慈善基金 范围:market=CN、channel=official 时间:2024-12-30~2024-12-31 [in,0.02,,
693,neg,类型:expansion 阶段:planned 主体:慧仑科技 对象:核心产品 动作:规划实现规模化量产 范围:market=CN、channel=official 时间:2027-01-01~2027-12-31 [expansion] ,类型:policy_change 阶段:effective 主体:腾讯 对象:企鹅公寓 动作:确定员工公寓月租金价格 范围:market=CN、location=深圳、sku=41平方米开间 时间:时间未知 [policy_change] ,0.03,,
694,neg,类型:产品发布 阶段:announced 主体:哔哩哔哩 对象:投放数据标签 动作:升级投放数据标签 范围:market=CN、channel=official 时间:2024-04-26~2024-04-27 [product_launc,类型:financial_report 阶段:completed 主体:蔚来 对象:2025年第四季度及全年财务数据 动作:披露2025年第四季度及全年财务数据 范围:market=CN、channel=official 时间:2026-0,0.03,,
695,neg,类型:产品发布 阶段:effective 主体:DeepSeek 对象:DeepSeek-V4-Flash 动作:宣布正式版API上线公测 范围:market=CN、channel=official、sku=DeepSeek-V4-Flas,类型:legal_action 阶段:announced 主体:合肥高新区市场监督管理局 对象:三只羊网络科技有限公司 动作:立案调查 范围:market=CN、channel=official、sku=香港美诚月饼、location=合肥,0.02,,
696,neg,类型:sales_report 阶段:completed 主体:小米汽车 对象:小米汽车 动作:发布3月交付量数据 范围:market=CN、channel=official、sku=小米汽车 时间:2026-04-01~2026-04-0,类型:产品发布 阶段:effective 主体:联想中国 对象:天禧AI 动作:天禧AI升级至4.0大版本 范围:market=CN、channel=official、sku=天禧AI 4.0 时间:2026-08-18~2026-08-1,0.03,,
697,neg,类型:award 阶段:effective 主体:明晟（MSCI） 对象:蔚来 动作:发布最新ESG评级结果，将蔚来评级由A级提升至AA级 范围:market=GLOBAL、channel=official、sku=ESG评级 时间:时间未,类型:other 阶段:announced 主体:何小鹏 对象:小鹏图灵AI智驾 动作:宣布计划与特斯拉FSD进行全方位比较 范围:market=CN、channel=official 时间:2025-02-25~2025-02-26 [o,0.03,,
698,neg,类型:other 阶段:completed 主体:极氪 对象:7X 动作:直播拆车 范围:market=CN、channel=official、sku=7X 时间:2026-08-03~2026-08-04 [other] (2026-08,类型:investment 阶段:completed 主体:Appaloosa、David Tepper 对象:拼多多 动作:增持股票 范围:market=US、channel=13F、sku=拼多多股票 时间:2024-09-30~202,0.02,,
699,neg,类型:other 阶段:announced 主体:广汽菲克 对象:长沙工厂、建（构）筑物、机器设备等核心资产 动作:启动第2次拍卖 范围:market=CN、channel=auction、sku=核心资产、location=长沙 时间:2,类型:产品发布 阶段:planned 主体:腾讯魔方工作室 对象:异人之下 动作:计划10月前后开启大规模测试并2026年内正式上线 范围:market=CN、channel=official、sku=异人之下 时间:2026-06-10~,0.02,,
700,gray,类型:合作签约 阶段:announced 主体:上汽集团、华为 对象:深度合作协议 动作:签署深度合作协议 范围:market=CN、channel=official 时间:2025-02-01~2025-03-01 [partnershi,类型:合作签约 阶段:completed 主体:上汽集团、宁德时代 对象:深化战略合作协议 动作:签署深化战略合作协议 范围:market=CN、channel=official 时间:2025-01-10~2025-01-11 [part,0.04,,
701,gray,类型:产品发布 阶段:announced 主体:宁德时代 对象:天行 动作:发布首个商用电池品牌 范围:market=CN、channel=official、sku=天行、location=福建宁德 时间:2024-07-04~2024-0,类型:产品发布 阶段:announced 主体:宁德时代 对象:凝聚态电池 动作:推出能量密度最高可达500Wh/kg的凝聚态电池 范围:sku=凝聚态电池 时间:2024-07-02~2024-07-03 [product_launch],0.06,,
702,gray,类型:sales_report 阶段:completed 主体:上汽集团 对象:整车 动作:发布上半年产销快报 范围:market=CN、channel=official、sku=整车 时间:2024-07-05~2024-07-06 [s,类型:sales_report 阶段:completed 主体:上汽集团 对象:整车 动作:发布5月份产销快报 范围:market=CN、channel=official、sku=整车 时间:2024-06-07~2024-06-08 [s,0.08,,
703,gray,类型:产品发布 阶段:planned 主体:OPPO 对象:OPPO Find X7 系列 动作:发布新品 范围:market=CN、channel=official、sku=OPPO Find X7 系列 时间:2024-01-08~20,"类型:产品发布 阶段:effective 主体:OPPO 对象:OPPO Find X7、OPPO Find X7 Ultra 动作:正式开售 范围:market=CN、channel=official、sku=OPPO Find X7, ",0.09,,
704,gray,类型:policy_change 阶段:effective 主体:中国证监会 对象:5项支持香港资本市场的措施 动作:推出支持香港资本市场的措施 范围:market=HK、channel=official、location=CN 时间:20,类型:policy_change 阶段:effective 主体:中国证监会 对象:5项支持香港资本市场的措施 动作:推出支持香港资本市场的措施 范围:market=HK、channel=official、location=CN 时间:20,0.99,,
705,gray,类型:market_entry 阶段:announced 主体:小鹏汽车 对象:小鹏G6 动作:在英国开启预售 范围:market=UK、channel=official、sku=小鹏G6、location=英国 时间:2025-02-01,"类型:market_entry 阶段:effective 主体:小鹏汽车 对象:小鹏G9、小鹏G6 动作:在芬兰和爱尔兰市场发布并亮相 范围:market=IE, FI、channel=official、sku=小鹏G9, 小鹏G6、loc",0.07,,
706,gray,类型:产品发布 阶段:effective 主体:vivo 对象:蓝心智能 动作:发布全新AI战略 范围:market=CN、channel=official、sku=蓝心智能 时间:2024-10-10~2024-10-11 [produc,类型:产品发布 阶段:effective 主体:vivo 对象:vivo X200系列 动作:正式发布vivo X200系列 范围:market=CN、channel=official、sku=vivo X200系列 时间:2024-10-,0.04,,
707,gray,类型:产品发布 阶段:effective 主体:腾讯 对象:腾讯元宝、DeepSeek-R1 动作:接入DeepSeek-R1满血版 范围:market=CN、channel=official、sku=腾讯元宝 时间:2025-02-13~,类型:产品发布 阶段:effective 主体:腾讯 对象:混元T1、腾讯元宝 动作:深度思考模型“混元T1”全量上线 范围:market=CN、channel=official、sku=腾讯元宝 时间:2025-02-13~2025-02,0.14,,
708,gray,类型:产品发布 阶段:planned 主体:极氪科技集团 对象:5款全新产品 动作:计划发布5款全新产品 范围:market=CN、channel=official 时间:2025-01-01~2025-12-31 [product_lau,类型:产品发布 阶段:planned 主体:极氪科技集团 对象:5款全新产品 动作:计划发布5款全新产品 范围:market=Global、channel=official 时间:2025-01-01~2025-12-31 [product,0.78,,
709,gray,类型:产品发布 阶段:announced 主体:理想汽车 对象:理想i8 动作:公布理想i8官图 范围:market=CN、channel=official、sku=理想i8 时间:2025-02-25~2025-02-26 [produc,类型:产品发布 阶段:completed 主体:理想汽车 对象:理想i8 动作:官宣亮相 范围:market=CN、channel=official、sku=理想i8 时间:2025-02-25~2025-02-26 [product_la,0.55,,
710,gray,类型:产品发布 阶段:announced 主体:小鹏汽车 对象:小鹏P7+ 动作:开启预售 范围:market=GLOBAL、channel=official、sku=小鹏P7+、location=巴黎 时间:2024-10-14~2024,类型:产品发布 阶段:announced 主体:小鹏汽车 对象:小鹏P7+、AI天玑5.4.0 动作:举办技术分享会并开启公测 范围:market=CN、channel=official、sku=小鹏P7+、location=广州 时间:2,0.05,,
711,gray,类型:sales_report 阶段:completed 主体:上汽集团 对象:海外市场 动作:公布5月份海外市场终端交付量 范围:market=GLOBAL、channel=official、sku=整车 时间:2024-06-07~20,类型:sales_report 阶段:completed 主体:上汽集团 对象:新能源车 动作:公布5月份新能源车终端交付量 范围:market=CN、channel=official、sku=新能源车 时间:2024-06-07~2024,0.21,,
712,gray,类型:sales_report 阶段:completed 主体:小鹏汽车 对象:小鹏MONA M03 动作:第1万辆下线 范围:market=CN、channel=official、sku=小鹏MONA M03、location=肇庆基地 ,类型:sales_report 阶段:completed 主体:小鹏汽车 对象:小鹏MONA M03 动作:大定破万 范围:market=CN、channel=official、sku=小鹏MONA M03 时间:2024-08-27~20,0.05,,
713,gray,类型:合作签约 阶段:effective 主体:联想集团、宜昌方面 对象:城市超级智能体 动作:签署合作协议 范围:market=CN、channel=official、sku=城市超级智能体、location=宜昌 时间:2025-03-,类型:合作签约 阶段:announced 主体:联想集团有限公司、中国足球职业联赛联合会 对象:全栈AI战略合作 动作:宣布达成战略合作 范围:market=CN、channel=official、location=上海 时间:2025-0,0.04,,
714,gray,类型:产品发布 阶段:announced 主体:苹果 对象:Apple Intelligence 动作:发布开发者测试版本 范围:market=GLOBAL、channel=developer_preview、sku=Apple Intel,类型:产品发布 阶段:planned 主体:苹果 对象:Apple Intelligence 动作:计划发布正式公开版本 范围:market=GLOBAL、channel=official、sku=iOS 18.1 时间:2024-10-2,0.07,,
715,gray,类型:other 阶段:completed 主体:广汽菲克管理人 对象:广汽菲克长沙工厂 动作:首次拍卖结束 范围:market=CN、channel=京东资产交易平台、sku=广汽菲克长沙工厂、location=湖南省长沙经济技术开发区映,类型:other 阶段:completed 主体:广汽菲克 对象:广汽菲克长沙工厂 动作:第一次公开拍卖流拍 范围:market=CN、channel=public_platform、sku=长沙工厂、location=长沙 时间:2024,0.4,,
716,gray,类型:产品发布 阶段:effective 主体:华为 对象:HUAWEI Pura 70 Ultra、HUAWEI Pura 70 Pro 动作:首批先锋开售 范围:market=CN、channel=official、sku=Pura 7,类型:产品发布 阶段:effective 主体:华为 对象:Pura 70系列 动作:发布新款手机 范围:market=CN、channel=official、sku=Pura 70系列 时间:2024-05-15~2024-05-16 [,0.06,,
717,gray,类型:sales_report 阶段:completed 主体:Canalys 对象:中国大陆智能手机市场 动作:发布2024年第一季度中国智能手机市场调查报告 范围:market=CN、channel=unknown、sku=unknow,类型:sales_report 阶段:completed 主体:Canalys 对象:华为手机 动作:报告华为手机一季度出货量增长情况 范围:market=CN、channel=official 时间:2024-04-26~2024-04-,0.09,,
718,gray,类型:policy_change 阶段:effective 主体:美团 对象:骑手防疲劳机制 动作:试点覆盖华东四省市 范围:market=CN、channel=official、sku=骑手防疲劳机制、location=江浙沪闽 时间:2,类型:policy_change 阶段:effective 主体:美团 对象:防疲劳试点 动作:试点覆盖华东四省市 范围:market=CN、channel=official、sku=防疲劳试点、location=江浙沪闽 时间:2024-,0.93,,
719,gray,类型:产品发布 阶段:effective 主体:荣耀 对象:荣耀平板MagicPad2 动作:正式发布 范围:market=CN、channel=official、sku=荣耀平板MagicPad2、location=深圳湾体育中心“春茧”,类型:产品发布 阶段:effective 主体:荣耀 对象:荣耀MagicBook Art 14 动作:发布新款笔记本电脑 范围:market=CN、channel=official、sku=荣耀MagicBook Art 14、locat,0.27,,
720,gray,类型:产品发布 阶段:announced 主体:小鹏汽车 对象:小鹏MONA M03 动作:开启预订 范围:market=CN、channel=official、sku=小鹏MONA M03、location=广州 时间:2024-08-0,类型:产品发布 阶段:announced 主体:小鹏汽车、何小鹏 对象:AI天玑系统XOS 5.2.0 动作:宣布向全球用户全量推送AI天玑系统XOS 5.2.0版本 范围:market=GLOBAL、channel=official、sk,0.03,,
721,gray,类型:合作签约 阶段:rumored 主体:苹果、京东方 对象:iPhone SE4 动作:京东方成为iPhone SE4的主要供应商 范围:market=Global、channel=official、sku=iPhone SE4 时间:,类型:合作签约 阶段:rumored 主体:苹果、LG Display 对象:iPhone SE4 动作:将LG Display列为OLED屏幕二级供应商 范围:market=Global、channel=official、sku=iPho,0.05,,
722,gray,类型:产品发布 阶段:announced 主体:广汽传祺 对象:传祺向往S7 动作:举行先享品鉴会 范围:market=CN、channel=official、sku=传祺向往S7、location=广州 时间:2025-03-23~202,类型:产品发布 阶段:announced 主体:广汽传祺 对象:传祺向往S7 动作:启动预售 范围:market=CN、channel=official、sku=传祺向往S7 时间:2025-03-07~2025-03-08 [produc,0.05,,
723,gray,"类型:产品发布 阶段:planned 主体:小米 对象:小米SU7 Ultra、小米15Ultra 动作:发布双Ultra产品 范围:market=CN、channel=official、sku=小米SU7 Ultra, 小米15Ultra",类型:产品发布 阶段:announced 主体:小米 对象:米家中央空调Pro 动作:发布新品 范围:market=CN、channel=official、sku=米家中央空调Pro、location=北京 时间:2025-02-27~20,0.4,,
724,gray,类型:sales_report 阶段:completed 主体:特斯拉 对象:Model Y 动作:公布2025年第一季度美国销量 范围:market=US、channel=all、sku=Model Y、location=美国 时间:20,类型:sales_report 阶段:completed 主体:特斯拉 对象:Model Y 动作:公布2025年上半年累计销量 范围:market=CN、channel=retail、sku=Model Y、location=中国 时间:,0.06,,
725,gray,类型:合作签约 阶段:announced 主体:小鹏汽车、大众汽车 对象:电子电气架构技术 动作:达成电子电气架构技术的战略合作联合开发协议 范围:market=CN、channel=official 时间:2024-07-01~2024-,类型:合作签约 阶段:completed 主体:大众汽车集团、上汽集团、大众汽车（中国）投资有限公司、大众汽车（中国）科技有限公司、上汽大众 对象:新产品项目技术合作协议 动作:签署技术合作协议 范围:market=CN、channel=o,0.04,,
726,gray,类型:产品发布 阶段:completed 主体:字节跳动 对象:豆包大模型 动作:发布带有视觉能力的豆包大模型 范围:market=CN、channel=official、sku=豆包大模型、location=火山引擎FORCE大会 时间:,类型:产品发布 阶段:planned 主体:字节跳动 对象:AI智能眼镜 动作:开发AI智能眼镜 范围:market=CN、channel=official、sku=AI智能眼镜 时间:2025-01-01~2025-07-14 [prod,0.04,,
727,gray,类型:sales_report 阶段:completed 主体:理想汽车 对象:2023年12月交付数据 动作:公布2023年12月交付数据 范围:market=CN、channel=official 时间:2024-01-01~2024-,类型:sales_report 阶段:completed 主体:理想汽车 对象:2023年第四季度交付数据 动作:公布2023年第四季度交付数据 范围:market=CN、channel=official 时间:2024-01-01~202,0.34,,
728,gray,类型:sales_report 阶段:completed 主体:特斯拉 对象:特斯拉 动作:公布2月份欧洲市场销量下滑 范围:market=EU、location=欧洲 时间:2025-02-01~2025-03-01 [sales_rep,"类型:sales_report 阶段:completed 主体:特斯拉 对象:2025年第四季度产销快报 动作:发布2025年第四季度产销数据 范围:market=Global、channel=official、sku=Model Y, M",0.04,,
729,gray,类型:market_entry 阶段:effective 主体:小鹏汽车 对象:小鹏X9 动作:首次海外亮相并进军全球市场 范围:market=TH、channel=official、sku=小鹏X9、location=泰国曼谷 时间:20,类型:market_entry 阶段:effective 主体:小鹏汽车 对象:尼泊尔市场 动作:正式进入尼泊尔市场 范围:market=NP、channel=official、location=加德满都 时间:2024-11-09~202,0.04,,
730,gray,类型:产品发布 阶段:completed 主体:蔚来、firefly萤火虫 对象:firefly萤火虫 动作:首款车型上市 范围:market=CN、channel=official、sku=firefly萤火虫 时间:2025-04-19,类型:产品发布 阶段:completed 主体:蔚来、firefly萤火虫 对象:firefly萤火虫 动作:开启交付 范围:market=CN、channel=official、sku=firefly萤火虫 时间:2025-04-29~2,0.05,,
731,gray,"类型:产品发布 阶段:completed 主体:苹果 对象:iPad Pro、iPad Air 动作:发布新款iPad Pro和iPad Air 范围:market=Global、channel=official、sku=iPad Pro,",类型:产品发布 阶段:completed 主体:苹果 对象:OpenELM 动作:推出开源大型语言模型系列 OpenELM 范围:market=Global、channel=official、sku=OpenELM 时间:2024-04-2,0.04,,
732,gray,类型:产品发布 阶段:announced 主体:联想集团 对象:第六代Neptune海神液冷系统 动作:公布第六代Neptune海神液冷系统 范围:market=CN、channel=official、sku=第六代Neptune海神液冷系,类型:产品发布 阶段:announced 主体:联想集团 对象:混合式人工智能全景解决方案 动作:发布混合式人工智能全景解决方案 范围:market=US、channel=official、sku=混合式人工智能、location=西雅图、,0.05,,
733,gray,类型:sales_report 阶段:completed 主体:广汽传祺 对象:广汽传祺 动作:公布1-6月累计销量 范围:market=CN、channel=official 时间:2024-06-30~2024-07-01 [sales,类型:sales_report 阶段:completed 主体:广汽传祺 对象:广汽传祺 动作:公布2024年1-5月销量数据 范围:market=CN、channel=official、sku=全品牌 时间:2024-05-31~2024,0.06,,
734,gray,类型:sales_report 阶段:completed 主体:长城汽车 对象:海外销量 动作:公布1月海外销量 范围:market=GLOBAL、channel=official、sku=全品牌、location=海外 时间:2024-0,类型:sales_report 阶段:completed 主体:长城汽车 对象:2024年2月销量 动作:发布2024年2月单月销量数据 范围:market=CN、channel=official、sku=全品牌 时间:2024-03-05,0.08,,
735,gray,类型:sales_report 阶段:completed 主体:特斯拉 对象:特斯拉 动作:公布2月份欧洲市场销量下滑 范围:market=EU、location=欧洲 时间:2025-02-01~2025-03-01 [sales_rep,类型:sales_report 阶段:completed 主体:特斯拉 对象:2024年全年产销数据 动作:公布2024年全年及第四季度产销数据 范围:market=GLOBAL、channel=official、sku=all 时间:20,0.06,,
736,gray,类型:investment 阶段:completed 主体:广汽集团 对象:A股 动作:累计回购A股 范围:market=CN、channel=official、sku=A股 时间:2025-02-01~2025-02-28 [invest,类型:investment 阶段:completed 主体:广汽集团 对象:H股股份 动作:回购H股股份 范围:market=HK、channel=official、sku=H股 时间:2025-01-22~2025-01-23 [inve,0.05,,
737,gray,类型:financial_report 阶段:announced 主体:小鹏汽车 对象:2024年第四季度及全年财报 动作:公布2024年第四季度及全年财报 范围:market=CN、channel=official 时间:2025-03-,类型:financial_report 阶段:announced 主体:小鹏汽车 对象:2024年第四季度及全年财务数据 动作:公布财务数据 范围:market=CN、channel=official、location=广州 时间:2025,0.96,,
738,gray,类型:合作签约 阶段:announced 主体:苹果、百度 对象:中国版iPhone的AI功能 动作:合作开发中国版iPhone的AI功能 范围:market=CN、channel=official、sku=iPhone 时间:2025-0,类型:合作签约 阶段:announced 主体:苹果、百度 对象:AI功能 动作:继续合作开发AI功能 范围:market=CN、channel=official、sku=iPhone 时间:2025-02-13~2025-02-14 [p,0.95,,
739,gray,类型:financial_report 阶段:completed 主体:理想汽车 对象:2024年第三季度财报 动作:发布2024年第三季度财报 范围:market=CN、channel=official 时间:2024-10-31~202,类型:financial_report 阶段:completed 主体:理想汽车 对象:2024年第三季度财报 动作:披露2024年第三季度财报 范围:market=CN、channel=official 时间:2024-11-21~202,0.3,,
740,gray,类型:sales_report 阶段:completed 主体:理想汽车 对象:理想汽车 动作:发布6月及二季度交付数据 范围:market=CN、channel=official 时间:2024-07-01~2024-07-02 [sal,类型:sales_report 阶段:completed 主体:理想汽车 对象:销量数据 动作:发布上周销量数据 范围:market=CN、channel=official 时间:2024-07-30~2024-07-31 [sales_r,0.05,,
741,gray,类型:sales_report 阶段:completed 主体:理想汽车 对象:新车 动作:累计交付新车 范围:market=CN 时间:2024-01-01~2024-06-30 [sales_report] (2024-01-01T00,类型:sales_report 阶段:completed 主体:理想汽车 对象:2023年12月交付数据 动作:公布2023年12月交付数据 范围:market=CN、channel=official 时间:2024-01-01~2024-,0.06,,
742,gray,类型:sales_report 阶段:completed 主体:苹果 对象:iPhone 动作:2024年第一季度全球出货量同比下降9.6% 范围:market=Global、channel=official、sku=iPhone 时间:2,类型:sales_report 阶段:completed 主体:苹果 对象:iPhone 动作:全球市场份额下滑及销量下降 范围:market=GLOBAL、channel=null、sku=iPhone、location=null、bus,0.09,,
743,gray,"类型:产品发布 阶段:planned 主体:特斯拉 对象:FSD 动作:计划在中国和欧洲推出FSD 范围:market=CN, EU、channel=official、sku=FSD、location=中国, 欧洲 时间:2025-01-0",类型:产品发布 阶段:effective 主体:特斯拉 对象:焕新Model Y 动作:官网正式上线新款焕新Model Y并开启预订 范围:market=CN、channel=official、sku=焕新Model Y 时间:2025-0,0.04,,
744,gray,类型:sales_report 阶段:completed 主体:美团 对象:全国餐饮堂食订单 动作:发布五一假期餐饮订单数据 范围:market=CN、channel=platform、sku=餐饮堂食、location=全国 时间:202,类型:sales_report 阶段:completed 主体:美团 对象:全国本地生活服务消费 动作:发布五一假期消费数据 范围:market=CN、channel=platform、sku=本地生活服务、location=全国 时间:2,0.16,,
745,gray,类型:policy_change 阶段:announced 主体:刘庆峰、科大讯飞 对象:《通用人工智能发展规划》 动作:建议制定《通用人工智能发展规划》 范围:market=CN、channel=official、location=全国两,类型:policy_change 阶段:announced 主体:科大讯飞、刘庆峰 对象:讯飞星火认知大模型 动作:提出2024年度战略四大目标 范围:market=CN、channel=official、sku=讯飞星火认知大模型、loc,0.04,,
746,gray,类型:产品发布 阶段:announced 主体:周意保、OPPO 对象:OPPO Find X8 Ultra 动作:官方透露新机将配备新镜头提升进光量及全新硬件 范围:market=CN、channel=official、sku=OPPO ,类型:产品发布 阶段:rumored 主体:OPPO 对象:OPPO Find X8 Ultra 动作:爆料称 3X 潜望镜光圈为 Ultra 机型中最大 范围:market=CN、channel=rumor、sku=OPPO Find X,0.08,,
747,gray,类型:award 阶段:completed 主体:小鹏汽车 对象:《新型集中式整车SOA分层电子电气架构自主研发及产业化》 动作:荣获科技进步奖二等奖 范围:market=CN、channel=official、location=重庆 时间,类型:award 阶段:completed 主体:小鹏汽车 对象:小鹏X9 动作:荣获中国汽车健康指数（C-AHI）“五星健康车”称号 范围:market=CN、channel=official、sku=小鹏X9 时间:2024-12-11,0.03,,
748,gray,类型:产品发布 阶段:announced 主体:马斯克 对象:两款新车 动作:发布两款新车 范围:market=CN、channel=official、sku=两款新车 时间:2024-10-10~2024-10-11 [product_l,类型:产品发布 阶段:announced 主体:特斯拉、马斯克 对象:Cybercab 动作:发布Robotaxi产品Cybercab 范围:market=CN、channel=official、sku=Cybercab 时间:2024-1,0.35,,
749,gray,类型:sales_report 阶段:completed 主体:比亚迪 对象:比亚迪 动作:公布全年累计销量 范围:market=GLOBAL、channel=official 时间:2023-01-01~2023-12-31 [sales,类型:sales_report 阶段:completed 主体:比亚迪 对象:腾势D9 动作:获得MPV销量冠军 范围:market=CN、sku=腾势D9 时间:2023-01-01~2023-12-31 [sales_report] (,0.06,,
750,gray,类型:sales_report 阶段:completed 主体:上汽集团 对象:整车 动作:发布上半年产销快报 范围:market=CN、channel=official、sku=整车 时间:2024-07-05~2024-07-06 [s,类型:sales_report 阶段:completed 主体:上汽集团 对象:海外市场 动作:公布上半年海外市场终端交付量 范围:market=GLOBAL、channel=official、sku=整车 时间:2024-07-05~20,0.46,,
751,gray,类型:产品发布 阶段:planned 主体:联想集团 对象:AIOS操作系统 动作:计划正式发布全新AI OS操作系统 范围:market=CN、channel=official、sku=AIOS 时间:2024-01-01~2024-12,"类型:产品发布 阶段:announced 主体:联想集团 对象:10余款AI PC产品、40多款智能终端产品 动作:展出AI PC及智能终端产品 范围:market=GLOBAL、channel=exhibition、sku=AI PC, ",0.05,,
752,gray,类型:policy_change 阶段:effective 主体:小鹏汽车 对象:购车政策 动作:延续“五年0利息0首付”购车政策 范围:market=CN、channel=official、sku=多款热门车型 时间:2025-03-01,类型:policy_change 阶段:announced 主体:何小鹏、小鹏汽车 对象:关于推动支持高智能等级人形机器人加速商业化普及的建议、关于推动在停车场开展低速无人驾驶，实现无人停取车能力的建议、关于推动智能驾驶保险业务发展的建议、,0.04,,
753,gray,类型:合作签约 阶段:rumored 主体:苹果、京东方 对象:iPhone SE4 动作:京东方成为iPhone SE4的主要供应商 范围:market=Global、channel=official、sku=iPhone SE4 时间:,类型:合作签约 阶段:rumored 主体:苹果、LG Display 对象:iPhone SE4 动作:将LG Display列为OLED屏幕二级供应商 范围:market=Global、channel=official、sku=iPho,0.07,,
754,gray,类型:产品发布 阶段:effective 主体:vivo 对象:蓝心智能 动作:发布全新AI战略 范围:market=CN、channel=official、sku=蓝心智能 时间:2024-10-10~2024-10-11 [produc,类型:产品发布 阶段:effective 主体:vivo 对象:vivo X200 Pro mini 动作:发布vivo X200 Pro mini 范围:market=CN、channel=official、sku=vivo X200 P,0.04,,
755,gray,类型:sales_report 阶段:completed 主体:长城汽车 对象:海外销量 动作:公布1月海外销量 范围:market=GLOBAL、channel=official、sku=全品牌、location=海外 时间:2024-0,类型:sales_report 阶段:completed 主体:长城汽车 对象:2024年1月销量 动作:发布2024年1月销量数据 范围:market=CN、channel=official、sku=全品牌 时间:2024-02-06~2,0.43,,
756,gray,类型:产品发布 阶段:announced 主体:百度 对象:Apollo ADFM 动作:发布全球首个支持L4级自动驾驶的大模型 范围:market=CN、channel=official、sku=Apollo ADFM 时间:2024-0,类型:产品发布 阶段:completed 主体:百度 对象:ADFM 动作:发布全球首个支持L4级别的自动驾驶大模型 范围:market=CN、channel=official、sku=ADFM 时间:2024-05-15~2024-05-,0.96,,
757,gray,类型:产品发布 阶段:effective 主体:极氪 对象:极氪MIX 动作:正式上市 范围:market=CN、channel=official、sku=极氪MIX 时间:2024-10-23~2024-10-24 [product_la,类型:产品发布 阶段:effective 主体:极氪 对象:极氪MIX 动作:极氪MIX正式上市 范围:market=CN、channel=official、sku=极氪MIX 时间:2024-10-23~2024-10-24 [produ,0.98,,
758,gray,类型:合作签约 阶段:planned 主体:淘宝 对象:微信支付 动作:拟全面引入微信支付 范围:market=CN、channel=official 时间:2024-09-04~2024-09-05 [partnership] (2024,类型:合作签约 阶段:announced 主体:淘宝、天猫 对象:微信支付 动作:计划新增微信支付能力 范围:market=CN、channel=official 时间:2024-09-04~2024-09-05 [partnership],0.77,,
759,gray,类型:sales_report 阶段:announced 主体:高盛 对象:618行业总商品交易额 (GMV) 动作:预计618行业GMV同比实现低双位数增长 范围:market=CN、channel=online 时间:2024-06-2,类型:sales_report 阶段:announced 主体:高盛 对象:618行业净GMV 动作:预计618行业净GMV同比实现中高个位数增长 范围:market=CN 时间:2024-06-21~2024-06-22 [sales_r,0.23,,
760,gray,类型:sales_report 阶段:completed 主体:海外品牌 对象:智能手机 动作:2024年第一季度在华出货量总体下滑27% 范围:market=CN、channel=all、sku=智能手机、location=中国 时间:2,类型:sales_report 阶段:completed 主体:小米 对象:智能手机 动作:2024年第一季度全球出货量同比增长33.8% 范围:market=Global、channel=official、sku=Smartphone 时,0.05,,
761,gray,"类型:产品发布 阶段:effective 主体:特斯拉 对象:后轮驱动首发版、长续航全轮驱动首发版 动作:首发版车型上线 范围:market=CN、channel=official、sku=后轮驱动首发版, 长续航全轮驱动首发版 时间:20",类型:产品发布 阶段:effective 主体:特斯拉 对象:焕新Model Y 动作:官网正式上线新款焕新Model Y并开启预订 范围:market=CN、channel=official、sku=焕新Model Y 时间:2025-0,0.41,,
762,gray,类型:sales_report 阶段:planned 主体:上汽集团 对象:海外销量 动作:设定2025年海外销量目标 范围:market=GLOBAL、channel=official 时间:2024-01-17~2024-01-18 [,类型:sales_report 阶段:planned 主体:上汽集团 对象:海外销量 动作:公布2024年海外销量目标 范围:market=GLOBAL、channel=official 时间:2024-01-17~2024-01-18 [,0.36,,
763,gray,类型:sales_report 阶段:completed 主体:广汽集团 对象:汽车 动作:发布7月及1-7月产销数据 范围:market=CN、channel=official、sku=汽车 时间:2024-07-01~2024-07-0,类型:sales_report 阶段:completed 主体:奇瑞集团 对象:汽车 动作:公布2024年7月销量 范围:market=GLOBAL、channel=official 时间:2024-07-31~2024-08-01 [sa,0.03,,
764,gray,类型:sales_report 阶段:completed 主体:特斯拉 对象:Model Y 动作:公布2025年第一季度美国销量 范围:market=US、channel=all、sku=Model Y、location=美国 时间:20,类型:sales_report 阶段:completed 主体:特斯拉 对象:2024年第四季度产销数据 动作:公布2024年第四季度产销数据 范围:market=GLOBAL、channel=official、sku=all 时间:202,0.04,,
765,gray,类型:合作签约 阶段:effective 主体:中国残疾人联合会、科大讯飞股份有限公司 对象:通用人工智能助残联合实验室 动作:签署合作协议共建联合实验室 范围:market=CN、channel=official、location=安徽省,类型:合作签约 阶段:announced 主体:广汽集团、华为、腾讯、滴滴、科大讯飞 对象:智能生态合作 动作:官宣智能生态伙伴，推进智能化合作 范围:market=CN、channel=official、location=北京 时间:20,0.04,,
766,gray,类型:sales_report 阶段:completed 主体:理想汽车 对象:2023年第四季度交付数据 动作:公布2023年第四季度交付数据 范围:market=CN、channel=official 时间:2024-01-01~202,类型:sales_report 阶段:completed 主体:理想汽车 对象:理想汽车 动作:公布2023年第四季度交付数据 范围:market=CN、channel=official 时间:2024-01-01~2024-01-02 [,0.96,,
767,gray,类型:产品发布 阶段:effective 主体:腾讯 对象:腾讯元宝、DeepSeek-R1 动作:接入DeepSeek-R1满血版 范围:market=CN、channel=official、sku=腾讯元宝 时间:2025-02-13~,类型:产品发布 阶段:effective 主体:腾讯元宝 对象:深度思考模型“混元T1” 动作:灰度上线 范围:market=CN、channel=official、sku=腾讯元宝 时间:2025-02-17~2025-02-18 [pr,0.06,,
768,gray,类型:产品发布 阶段:completed 主体:OPPO 对象:Find X8 Ultra 动作:发布年度影像旗舰 范围:market=CN、channel=official、sku=Find X8 Ultra 时间:2025-04-10~,类型:产品发布 阶段:planned 主体:OPPO 对象:OPPO 100W 小方瓶超级闪充氮化镓充电器 动作:发布新品 范围:market=CN、channel=official、sku=OPPO 100W 小方瓶超级闪充氮化镓充电器 ,0.09,,
769,gray,类型:产品发布 阶段:effective 主体:vivo 对象:vivo Y300 Pro+ 动作:正式发布Y系列全新产品 范围:market=CN、channel=official、sku=vivo Y300 Pro+ 时间:2025-0,类型:产品发布 阶段:effective 主体:vivo 对象:vivo X200 Ultra 动作:正式发布 范围:market=CN、channel=official、sku=vivo X200 Ultra 时间:2025-04-21~,0.04,,
770,gray,类型:产品发布 阶段:announced 主体:比亚迪 对象:3万转电机 动作:发布3万转电机 范围:market=CN、channel=official、sku=3万转电机 时间:2025-03-17~2025-03-18 [produc,类型:产品发布 阶段:announced 主体:比亚迪 对象:超级e平台 动作:发布超级e平台 范围:market=CN、channel=official、sku=超级e平台 时间:2025-03-17~2025-03-18 [produc,0.46,,
771,gray,类型:other 阶段:announced 主体:淘宝 对象:2024淘宝双12 动作:推出“捡宝”玩法及补贴 范围:market=CN、channel=official 时间:2024-12-06~2024-12-07 [other] (,类型:other 阶段:announced 主体:淘宝 对象:2024淘宝双12 动作:宣布开启时间及玩法 范围:market=CN、channel=official 时间:2024-12-06~2024-12-07 [other] (20,0.74,,
772,gray,类型:产品发布 阶段:planned 主体:百度 对象:中文版Siri语音助手 动作:升级中文版Siri语音助手 范围:market=CN、channel=official、sku=iPhone 时间:2025-02-13~2025-02-,类型:产品发布 阶段:effective 主体:百度 对象:AI 拜年活动 动作:推出「AI 拜年」活动 范围:market=CN、channel=official、sku=AI 拜年 时间:2025-01-26~2025-01-27 [p,0.04,,
773,gray,类型:合作签约 阶段:completed 主体:小鹏汽车、大众汽车集团 对象:平台与软件战略技术合作联合开发协议 动作:签订平台与软件战略技术合作联合开发协议 范围:market=CN、channel=official、sku=B级纯电动汽,类型:合作签约 阶段:completed 主体:小鹏汽车、大众汽车 对象:联合采购计划 动作:订立联合采购计划 范围:market=CN、channel=official、sku=B级纯电车型 时间:2024-03-11~2024-03-1,0.1,,
774,gray,类型:sales_report 阶段:completed 主体:特斯拉 对象:Model Y 动作:公布2025年第一季度美国销量 范围:market=US、channel=all、sku=Model Y、location=美国 时间:20,类型:sales_report 阶段:completed 主体:特斯拉 对象:Cybertruck 动作:2025年在美国市场售出Cybertruck 范围:market=US、sku=Cybertruck 时间:2025-01-01~20,0.03,,
775,gray,类型:产品发布 阶段:effective 主体:华为 对象:HUAWEI MateBook X Pro酷睿Ultra微绒典藏版 动作:发布新款笔记本 范围:market=CN、channel=official、sku=HUAWEI Mate,类型:产品发布 阶段:effective 主体:华为 对象:Pura 70系列 动作:发布新款手机 范围:market=CN、channel=official、sku=Pura 70系列 时间:2024-05-15~2024-05-16 [,0.12,,
776,gray,类型:financial_report 阶段:completed 主体:广汽集团 对象:2023年财报 动作:发布2023年财报 范围:market=CN、channel=official 时间:2024-03-28~2024-03-29 ,类型:financial_report 阶段:announced 主体:嘉益股份 对象:2023年年报 动作:发布2023年年度报告 范围:market=CN、channel=official 时间:2024-03-29~2024-03-3,0.04,,
777,gray,类型:sales_report 阶段:completed 主体:理想汽车 对象:理想汽车 动作:公布2024年1月交付数据 范围:market=CN、channel=official 时间:2024-02-01~2024-02-02 [sa,类型:sales_report 阶段:completed 主体:理想汽车 对象:理想汽车 动作:公布2月交付数据 范围:market=CN、channel=official 时间:2024-03-01~2024-03-02 [sales_r,0.05,,
778,gray,"类型:合作签约 阶段:announced 主体:小鹏汽车、Premium Automobiles、Bermaz Auto 对象:新加坡市场、马来西亚市场 动作:加入合作伙伴行列 范围:market=SG,MY、channel=officia",类型:合作签约 阶段:announced 主体:小鹏汽车、大众汽车集团 对象:电子电气架构 动作:签订EEA架构战略合作框架协议 范围:market=CN、channel=official 时间:2024-04-17~2024-04-18 ,0.04,,
779,gray,类型:产品发布 阶段:announced 主体:科大讯飞 对象:星火极速超拟人交互、讯飞星火APP 动作:宣布星火语音大模型更新并推出星火极速超拟人交互 范围:market=CN、channel=official、sku=星火极速超拟人交互,类型:产品发布 阶段:planned 主体:科大讯飞 对象:星火极速超拟人交互 动作:计划星火极速超拟人交互率先全民开放使用 范围:market=CN、channel=official、sku=星火极速超拟人交互 时间:2024-08-31,0.07,,
780,gray,"类型:产品发布 阶段:effective 主体:方程豹、比亚迪、华为 对象:豹5智驾版 动作:正式上市 范围:market=CN、channel=official、sku=天神智驾Max版, 天神智驾Ultra版, 激光乾崑智驾版, 云辇激",类型:产品发布 阶段:announced 主体:比亚迪 对象:3万转电机 动作:发布3万转电机 范围:market=CN、channel=official、sku=3万转电机 时间:2025-03-17~2025-03-18 [produc,0.03,,
781,gray,类型:产品发布 阶段:effective 主体:奇瑞 对象:星纪元ET 动作:在海南区域正式上市 范围:market=CN、channel=official、sku=星纪元ET、location=海南 时间:2024-05-12~2024-,类型:产品发布 阶段:announced 主体:奇瑞星途 对象:星纪元ET 动作:宣布开启预售 范围:market=CN、channel=official、sku=星纪元ET、location=北京 时间:2024-04-15~2024-0,0.05,,
782,gray,类型:sales_report 阶段:effective 主体:vivo 对象:中国智能手机市场 动作:位列销量和出货量市占率第一 范围:market=CN、channel=null、sku=null、location=null、busin,类型:sales_report 阶段:completed 主体:苹果 对象:中国智能手机市场 动作:2024年Q3中国智能手机市场份额重返前五位 范围:market=CN、channel=official、sku=智能手机、location,0.03,,
783,gray,类型:sales_report 阶段:completed 主体:吉利汽车 对象:新能源汽车 动作:公布1月零售销量 范围:market=CN、channel=retail、sku=新能源汽车 时间:2025-01-01~2025-01-31,"类型:sales_report 阶段:completed 主体:奇瑞集团 对象:新能源汽车 动作:1-11月累计销售新能源汽车814,685辆 范围:market=CN、channel=retail、sku=新能源汽车 时间:2025-01",0.04,,
784,gray,"类型:价格调整 阶段:announced 主体:理想汽车 对象:理想MEGA、理想L7、理想L8、理想L9 动作:宣布采用新价格体系并下调售价 范围:market=CN、channel=official、sku=理想MEGA, 理想L7, ",类型:价格调整 阶段:announced 主体:理想汽车 对象:理想L7、理想L8、理想L9、理想MEGA 动作:宣布2024款全线产品全新价格 范围:market=CN、channel=official、sku=2024款理想L7/L8/,0.69,,
785,gray,类型:financial_report 阶段:completed 主体:极氪 对象:2024年第一季度财报 动作:披露2024年第一季度财报 范围:market=CN、channel=official 时间:2024-06-11~2024-,类型:financial_report 阶段:announced 主体:美团 对象:2024年第一季度财报 动作:公布第一季度财报 范围:market=CN、channel=official 时间:2024-06-06~2024-06-07,0.03,,
786,gray,类型:policy_change 阶段:announced 主体:特朗普 对象:企业税率 动作:承诺将美国生产企业的税率降至15% 范围:market=US、channel=official、location=达沃斯 时间:2025-01-,类型:policy_change 阶段:announced 主体:特朗普 对象:跨国企业 动作:警告不在美国生产面临巨额关税 范围:market=US、channel=official、location=达沃斯 时间:2025-01-23~,0.13,,
787,gray,类型:产品发布 阶段:announced 主体:特斯拉 对象:Robovan 动作:展示无人驾驶厢式车Robovan 范围:market=CN、channel=official、sku=Robovan 时间:2024-10-11~2024-,类型:产品发布 阶段:announced 主体:特斯拉 对象:Optimus 动作:发布新一代人形机器人 范围:market=CN、channel=official、sku=Optimus 时间:2024-10-11~2024-10-12 ,0.11,,
788,gray,类型:investment 阶段:completed 主体:香港金融管理局 对象:银行 动作:通过贴现窗口投放流动性 范围:market=HK、channel=discount_window、location=HK 时间:2024-04-2,类型:investment 阶段:completed 主体:香港金融管理局 对象:银行 动作:通过贴现窗口投放流动性 范围:market=HK、channel=discount_window、location=HK 时间:2024-04-2,0.98,,
789,gray,类型:产品发布 阶段:announced 主体:长城汽车 对象:Coffee OS 3 动作:开启Coffee OS 3智慧空间首个百人车内技术分享会 范围:market=CN、channel=official、sku=Coffee OS ,类型:产品发布 阶段:completed 主体:长城汽车 对象:新一代哈弗H6 动作:上市新一代哈弗H6 范围:market=CN、channel=official、sku=新一代哈弗H6 时间:2024-06-19~2024-06-20 ,0.03,,
790,gray,类型:sales_report 阶段:completed 主体:广汽集团 对象:汽车 动作:前三季度汽车出口量同比增长112.0% 范围:market=GLOBAL、channel=official 时间:2024-01-01~2024-0,类型:sales_report 阶段:announced 主体:上汽集团 对象:汽车 动作:发布2023年12月汽车销量公告 范围:market=CN、channel=official、sku=汽车总销量 时间:2024-01-03~202,0.04,,
791,gray,类型:financial_report 阶段:planned 主体:理想汽车 对象:理想汽车 动作:预计第四季度营收 范围:market=CN 时间:2024-10-01~2024-12-31 [financial_report] (202,类型:financial_report 阶段:planned 主体:理想汽车 对象:2024年四季度营收 动作:预计四季度营收 范围:market=CN 时间:2024-10-31~2024-11-01 [financial_report],0.43,,
792,gray,类型:产品发布 阶段:effective 主体:华为 对象:玄玑感知系统 动作:发布玄玑感知系统 范围:market=CN、channel=official、sku=玄玑感知系统、location=东莞松山湖 时间:2024-08-28~2,"类型:产品发布 阶段:effective 主体:华为、奇瑞、余承东 对象:智界R7 动作:正式上市 范围:market=CN、channel=official、sku=Pro, Max, Ultra 时间:2024-09-24~2024-0",0.04,,
793,gray,"类型:产品发布 阶段:announced 主体:比亚迪 对象:汉L、唐L 动作:开启预售 范围:market=CN、channel=official、sku=汉L, 唐L 时间:2025-03-17~2025-03-18 [product_",类型:产品发布 阶段:effective 主体:比亚迪 对象:唐L 动作:正式上市 范围:market=CN、channel=official、sku=唐L 时间:2025-04-09~2025-04-10 [product_launch],0.05,,
794,gray,类型:产品发布 阶段:planned 主体:极氪 对象:极氪MIX 动作:计划正式上市 范围:market=CN、channel=official、sku=极氪MIX 时间:2024-07-01~2024-12-31 [product_la,"类型:产品发布 阶段:planned 主体:极氪 对象:中大型SUV、极氪MIX 动作:计划下半年推出中大型SUV、极氪MIX等新品 范围:market=CN、sku=中大型SUV, 极氪MIX 时间:2024-07-01~2024-12-",0.27,,
795,gray,类型:sales_report 阶段:completed 主体:特斯拉 对象:2024年一季度美国市场销量 动作:公布2024年一季度美国市场销量数据 范围:market=US、channel=official、sku=All Models,类型:sales_report 阶段:completed 主体:特斯拉 对象:新能源车型 动作:公布7月香港销量 范围:market=HK、channel=all、sku=新能源车型、location=香港 时间:2024-07-01~20,0.04,,
796,gray,类型:sales_report 阶段:planned 主体:上汽集团 对象:海外销量 动作:设定2024年海外销量目标 范围:market=GLOBAL、channel=official 时间:2024-01-17~2024-01-18 [,类型:sales_report 阶段:announced 主体:上汽集团 对象:汽车 动作:发布2023年12月汽车销量公告 范围:market=CN、channel=official、sku=汽车总销量 时间:2024-01-03~202,0.04,,
797,gray,类型:financial_report 阶段:announced 主体:吉利汽车 对象:2024年第三季度财报 动作:发布2024年第三季度财报 范围:market=CN、channel=official 时间:2024-11-14~202,类型:financial_report 阶段:announced 主体:中芯国际 对象:2024年第三季度财报 动作:发布第三季度财报 范围:market=CN、channel=official 时间:2024-11-07~2024-11-,0.03,,
798,gray,类型:investment 阶段:completed 主体:广汽集团 对象:巨湾技研股权 动作:向控股股东溢价出售巨湾技研股权 范围:market=CN 时间:2024-01-01~2024-12-31 [investment] (2024,类型:investment 阶段:completed 主体:广汽集团 对象:公益事业 动作:投入公益资金 范围:market=CN 时间:2024-01-01~2024-12-31 [investment] (2024-01-01T00:0,0.04,,
799,gray,类型:产品发布 阶段:effective 主体:百度 对象:AI 拜年活动 动作:推出「AI 拜年」活动 范围:market=CN、channel=official、sku=AI 拜年 时间:2025-01-26~2025-01-27 [p,类型:产品发布 阶段:planned 主体:百度 对象:中文版Siri语音助手 动作:升级中文版Siri语音助手 范围:market=CN、channel=official、sku=iPhone 时间:2025-02-13~2025-02-,0.03,,
800,gray,类型:sales_report 阶段:completed 主体:理想汽车 对象:理想汽车 动作:发布2024年12月及全年交付数据 范围:market=CN、channel=official 时间:2025-01-01~2025-01-02,类型:sales_report 阶段:completed 主体:理想汽车 对象:理想汽车 动作:公布2024年12月及全年交付数据 范围:market=CN、channel=official、sku=全品牌 时间:2025-01-01~20,0.94,,
801,gray,类型:合作签约 阶段:announced 主体:联想集团、中国传媒大学 对象:AI数字艺术探索实验室 动作:宣布建立AI数字艺术探索实验室 范围:market=CN、channel=official 时间:2024-05-29~2024-0,类型:合作签约 阶段:announced 主体:联想集团、Alat 对象:战略合作框架协议 动作:达成战略合作框架协议 范围:market=CN、channel=official、location=MEA地区 时间:2024-05-29~2,0.05,,
802,gray,类型:产品发布 阶段:effective 主体:广汽集团 对象:GoMate 动作:发布第三代具身智能人形机器人 范围:market=CN、channel=official、sku=GoMate 时间:2024-12-26~2024-12-,类型:产品发布 阶段:completed 主体:广汽集团 对象:广汽昊铂HL、广汽传祺向往S7、广汽传祺向往M8乾崑、广汽埃安AION UT、广汽丰田铂智3X、广汽本田P7 动作:新上市多款车型 范围:market=CN、channel=o,0.04,,
803,gray,类型:financial_report 阶段:announced 主体:京东集团 对象:2024年第三季度财报 动作:发布2024年第三季度财报 范围:market=CN、channel=official、location=港交所 时间:2,类型:financial_report 阶段:completed 主体:哔哩哔哩 对象:2024年第三季度财报 动作:公布2024年第三季度财报 范围:market=CN、channel=official 时间:2024-11-14~202,0.06,,
804,gray,类型:合作签约 阶段:completed 主体:广汽集团、华为 对象:智能汽车战略合作深化协议 动作:签署智能汽车战略合作深化协议 范围:market=CN、channel=official、location=广州白云国际会议中心 时间:2,类型:合作签约 阶段:effective 主体:广汽、华为 对象:智能汽车战略合作 动作:签订战略合作协议 范围:market=CN、channel=official 时间:2024-11-30~2024-12-01 [partnershi,0.88,,
805,gray,类型:sales_report 阶段:completed 主体:理想汽车 对象:理想汽车 动作:公布9月交付数据 范围:market=CN、channel=official 时间:2024-10-01~2024-10-02 [sales_r,类型:sales_report 阶段:completed 主体:理想汽车 对象:2024年第三季度交付数据 动作:公布2024年第三季度交付数据 范围:market=CN、channel=official 时间:2024-10-01~202,0.56,,
806,gray,类型:产品发布 阶段:announced 主体:宁德时代 对象:天行轻型商用车（L）-超充版、天行轻型商用车（L）-长续航版 动作:推出两款全新产品 范围:market=CN、channel=official、sku=天行轻型商用车（L） ,类型:产品发布 阶段:announced 主体:宁德时代 对象:天行 动作:发布首个商用电池品牌 范围:market=CN、channel=official、sku=天行、location=福建宁德 时间:2024-07-04~2024-0,0.38,,
807,gray,类型:产品发布 阶段:effective 主体:比亚迪 对象:唐L 动作:正式上市 范围:market=CN、channel=official、sku=唐L 时间:2025-04-09~2025-04-10 [product_launch],类型:产品发布 阶段:announced 主体:比亚迪 对象:超级e平台 动作:发布超级e平台 范围:market=CN、channel=official、sku=超级e平台 时间:2025-03-17~2025-03-18 [produc,0.05,,
808,gray,类型:产品发布 阶段:effective 主体:大疆 对象:DJI Mic Mini 无线麦克风 动作:正式发布无线麦克风 范围:market=CN、channel=official、sku=DJI Mic Mini 时间:2024-11-,类型:产品发布 阶段:rumored 主体:大疆 对象:DJI Flip 动作:曝光即将发布的航拍无人机规格 范围:market=CN、channel=official、sku=DJI Flip 时间:2024-12-24~2024-12-,0.03,,
809,gray,类型:other 阶段:completed 主体:联想 对象:智能体小程序开发者招募计划 动作:启动智能体小程序开发者招募计划 范围:market=CN、channel=official 时间:2023-12-01~2023-12-31 [,类型:other 阶段:effective 主体:联想 对象:ESG与可持续发展业务部 动作:成立ESG与可持续发展业务部 范围:market=CN、channel=official 时间:2023-12-01~2024-01-01 [ot,0.05,,
810,gray,类型:policy_change 阶段:effective 主体:京东 对象:内部考勤制度 动作:调整内部考勤制度，缩短午休时间并强化打卡机制 范围:market=CN、channel=internal 时间:2024-05-24~2024,类型:policy_change 阶段:effective 主体:京东 对象:代打卡员工 动作:开除代打卡现象严重及长期绩效差的员工 范围:market=CN、channel=internal 时间:2024-05-24~2024-05-2,0.09,,
811,gray,类型:产品发布 阶段:announced 主体:哔哩哔哩 对象:43部国创作品 动作:举办国创动画作品发布会并公布43部作品 范围:market=CN、channel=official 时间:2024-12-21~2024-12-22 [p,类型:产品发布 阶段:planned 主体:B站 对象:《凡人修仙传》 动作:新一季年番上线 范围:market=CN、channel=official、sku=《凡人修仙传》 时间:2025-01-18~2025-01-19 [produ,0.04,,
812,gray,类型:产品发布 阶段:announced 主体:荣耀 对象:AI离焦护眼技术 动作:发布AI离焦护眼技术 范围:market=CN、channel=official、sku=AI离焦护眼技术、location=上海 时间:2024-06-2,类型:产品发布 阶段:announced 主体:荣耀 对象:AI换脸检测技术 动作:发布AI换脸检测技术 范围:market=CN、channel=official、sku=AI换脸检测技术、location=上海 时间:2024-06-2,0.1,,
813,gray,类型:产品发布 阶段:announced 主体:比亚迪 对象:1500V大功率SiC芯片 动作:推出1500V大功率SiC芯片 范围:market=CN、channel=official、sku=1500V大功率SiC芯片 时间:2025-,类型:产品发布 阶段:announced 主体:比亚迪 对象:3万转电机 动作:发布3万转电机 范围:market=CN、channel=official、sku=3万转电机 时间:2025-03-17~2025-03-18 [produc,0.2,,
814,gray,类型:financial_report 阶段:announced 主体:百度 对象:2024年第三季度财报 动作:发布2024年第三季度财报 范围:market=CN、channel=official 时间:2024-11-21~2024-,类型:financial_report 阶段:completed 主体:腾讯 对象:2024年第三季度财报 动作:发布2024年第三季度财报 范围:market=CN、channel=official 时间:2024-11-13~2024-,0.04,,
815,gray,类型:产品发布 阶段:effective 主体:比亚迪、大疆 对象:灵鸢 动作:发布智能车载无人机系统 范围:market=CN、channel=official、sku=灵鸢、location=深圳 时间:2025-03-02~2025-,类型:产品发布 阶段:announced 主体:比亚迪 对象:全新一代车规级碳化硅功率芯片 动作:发布车规级碳化硅功率芯片 范围:market=CN、channel=official、sku=车规级碳化硅功率芯片 时间:2025-03-17,0.03,,
816,gray,类型:产品发布 阶段:planned 主体:上汽集团、华为 对象:尚界 动作:计划上市新产品 范围:market=CN、channel=official、sku=尚界 时间:2025-10-01~2025-12-31 [product_la,类型:产品发布 阶段:announced 主体:华为 对象:Atlas 950 SuperPoD、Atlas 960 SuperPoD 动作:推出超节点产品 范围:market=CN、channel=official、sku=Atlas 9,0.03,,
817,gray,类型:expansion 阶段:effective 主体:北京时代动力电池有限公司 对象:北京时代电池基地项目 动作:正式开工 范围:market=CN、channel=official、location=北京亦庄新城 时间:2024-06,类型:expansion 阶段:planned 主体:小米 对象:小米汽车工厂 动作:开启双班扩充产能 范围:market=CN、channel=official 时间:2024-06-01~2024-07-01 [expansion] (,0.03,,
818,gray,类型:sales_report 阶段:completed 主体:广汽集团 对象:汽车 动作:实现2024年汽车销量 范围:market=CN 时间:2024-01-01~2024-12-31 [sales_report] (2024-01-,类型:sales_report 阶段:completed 主体:奇瑞集团 对象:汽车 动作:公布2023年累计销量 范围:market=GLOBAL、channel=official 时间:2023-12-31~2024-01-01 [sa,0.03,,
819,gray,类型:investment 阶段:completed 主体:Scion Asset Management LLC 对象:阿里巴巴 动作:增持股票 范围:market=US、channel=13F 时间:2023-10-01~2023-12-,类型:investment 阶段:completed 主体:蔡崇信 对象:阿里巴巴 动作:购买阿里股票 范围:market=US、channel=public_market、sku=阿里巴巴美股 时间:2023-10-01~2023-12-,0.07,,
820,gray,类型:financial_report 阶段:completed 主体:联想集团 对象:2024/25财年第一财季业绩 动作:发布2024/25财年第一财季业绩 范围:market=GLOBAL、channel=official 时间:20,类型:financial_report 阶段:completed 主体:联想集团 对象:2024/25财年第一财季业绩 动作:公布2024/25财年第一财季业绩 范围:market=CN、channel=official 时间:2024-0,0.92,,
821,gray,类型:award 阶段:completed 主体:小鹏汽车、G6车主 对象:小鹏G6、吉尼斯世界纪录 动作:获得吉尼斯世界纪录认证 范围:market=CN、channel=official、sku=小鹏G6 时间:2024-01-11~2,类型:award 阶段:completed 主体:小鹏汽车 对象:小鹏G9 动作:获得挪威年度车型-人民选择奖 范围:market=NO、sku=小鹏G9、location=挪威 时间:2024-01-01~2024-12-31 [awar,0.03,,
822,gray,"类型:产品发布 阶段:completed 主体:联想 对象:联想昭阳X3Cloud、慧天ECC-A800Cloud 动作:全新云电脑产品正式亮相 范围:market=CN、channel=official、sku=联想昭阳X3Cloud, ",类型:产品发布 阶段:planned 主体:联想集团 对象:AIPC产品 动作:发布AIPC新产品 范围:market=CN、channel=official、sku=AIPC、location=上海 时间:2024-04-01~2024-,0.08,,
823,gray,类型:人事变动 阶段:effective 主体:上汽集团、王晓秋 对象:上汽集团 动作:任命王晓秋为上汽集团董事长 范围:market=CN、channel=official 时间:2024-07-10~2024-07-11 [execut,类型:人事变动 阶段:completed 主体:上汽集团 对象:陶海龙 动作:陶海龙接任上汽大众总经理 范围:market=CN、channel=official 时间:2024-07-18~2024-07-19 [executive_ch,0.04,,
824,gray,类型:sales_report 阶段:completed 主体:美团 对象:68海里景区成人上午场票 动作:销售平潭岛景区门票 范围:market=CN、channel=platform、sku=68海里景区成人上午场票、location=,类型:sales_report 阶段:completed 主体:美团 对象:全国本地生活服务消费 动作:发布五一假期消费数据 范围:market=CN、channel=platform、sku=本地生活服务、location=全国 时间:2,0.05,,
825,gray,类型:financial_report 阶段:announced 主体:京东集团 对象:2024年第四季度财报 动作:公布四季度财报 范围:market=CN、channel=official 时间:2025-03-06~2025-03-0,类型:financial_report 阶段:completed 主体:网易 对象:2024年第四季度财报 动作:发布2024年第四季度及全年财务业绩 范围:market=CN、channel=official 时间:2025-02-21~,0.05,,
826,gray,类型:investment 阶段:completed 主体:吴晓如、聂小林、江涛 对象:科大讯飞 动作:完成增持公司股票 范围:market=CN、channel=official 时间:2024-08-30~2024-08-31 [inv,类型:investment 阶段:completed 主体:吴晓如、江涛、聂小林 对象:科大讯飞 动作:增持公司股份 范围:market=CN、channel=official 时间:2024-08-30~2024-08-31 [inves,0.96,,
827,gray,"类型:产品发布 阶段:planned 主体:小鹏汽车 对象:小鹏G6右舵版 动作:在泰国、新加坡和马来西亚推出右舵版本 范围:market=TH,SG,MY、channel=official、sku=小鹏G6右舵版 时间:2024-07-0",类型:产品发布 阶段:announced 主体:小鹏汽车、何小鹏 对象:AI天玑系统XOS 5.2.0 动作:宣布向全球用户全量推送AI天玑系统XOS 5.2.0版本 范围:market=GLOBAL、channel=official、sk,0.03,,
828,gray,类型:sales_report 阶段:completed 主体:小鹏汽车 对象:新车 动作:公布2024年8月交付成绩 范围:market=CN、channel=official、sku=all 时间:2024-09-01~2024-09-,类型:sales_report 阶段:completed 主体:小鹏汽车 对象:小鹏MONA M03 动作:公布9月交付破万台 范围:market=CN、channel=official、sku=小鹏MONA M03 时间:2024-10-,0.06,,
829,gray,类型:sales_report 阶段:completed 主体:蔚来公司 对象:新车 动作:交付新车 范围:market=CN、channel=official、sku=全品牌 时间:2024-09-01~2024-09-30 [sales,类型:sales_report 阶段:completed 主体:理想汽车 对象:新车 动作:交付新车 范围:market=CN、channel=official 时间:2024-09-30~2024-10-01 [sales_report],0.04,,
830,gray,类型:合作签约 阶段:announced 主体:淘宝、天猫 对象:微信支付 动作:计划新增微信支付能力 范围:market=CN、channel=official 时间:2024-09-04~2024-09-05 [partnership],类型:合作签约 阶段:planned 主体:微信支付 对象:淘宝平台商户 动作:功能适配正在开通中 范围:market=CN、channel=official 时间:2024-09-04~2024-09-05 [partnership] (,0.71,,
831,gray,类型:other 阶段:completed 主体:哔哩哔哩 对象:授权IP 动作:披露过去六年授权IP累计近200个及授权规模迈向千亿元市场 范围:market=CN、channel=official 时间:2024-07-22~2024-,类型:other 阶段:completed 主体:哔哩哔哩、江西新余市人民政府 对象:佳期如梦令·2024bilibili仙侠夜 动作:举办七夕仙侠夜晚会 范围:market=CN、channel=official、location=江西新,0.04,,
832,gray,类型:产品发布 阶段:effective 主体:蔚来 对象:2024款ET7行政版 动作:开启交付 范围:market=CN、channel=official、sku=2024款ET7行政版 时间:2024-04-30~2024-04-30,类型:产品发布 阶段:effective 主体:蔚来 对象:2024款ET7行政版 动作:正式上市 范围:market=CN、channel=official、sku=2024款ET7行政版、location=北京 时间:2024-04-2,0.12,,
833,gray,类型:sales_report 阶段:completed 主体:广汽集团 对象:新能源汽车 动作:发布2023年新能源汽车销量数据 范围:market=CN、channel=official 时间:2024-03-28~2024-03-29,类型:sales_report 阶段:completed 主体:比亚迪 对象:新能源汽车 动作:达成第700万辆新能源汽车下线 范围:market=CN、channel=official、sku=第700万辆、location=济南工厂 时,0.03,,
834,gray,类型:sales_report 阶段:completed 主体:小鹏汽车 对象:小鹏G9 动作:在挪威细分市场市占率达18.72%，仅次于宝马IX 范围:market=NO、channel=official、sku=小鹏G9、locatio,类型:sales_report 阶段:completed 主体:小鹏汽车 对象:小鹏G9 动作:在丹麦细分市场市占率达44.98%，稳居中大型新能源SUV销量第一 范围:market=DK、channel=official、sku=小鹏G9,0.1,,
835,gray,类型:investment 阶段:completed 主体:吴晓如、聂小林、江涛 对象:科大讯飞 动作:完成增持公司股票 范围:market=CN、channel=official 时间:2024-08-30~2024-08-31 [inv,类型:investment 阶段:completed 主体:吴晓如、江涛、聂小林 对象:科大讯飞 动作:增持公司股份 范围:market=CN、channel=official 时间:2024-08-30~2024-08-31 [inves,0.95,,
836,gray,类型:sales_report 阶段:completed 主体:蔚来 对象:新车 动作:交付新车 范围:market=CN、channel=official、sku=新车 时间:2024-03-01~2024-03-31 [sales_re,类型:sales_report 阶段:completed 主体:蔚来 对象:2024年1月交付量 动作:公布2024年1月交付量 范围:market=CN、channel=official 时间:2024-02-01~2024-02-02 ,0.05,,
837,gray,类型:sales_report 阶段:completed 主体:特斯拉 对象:2024年一季度美国市场销量 动作:公布2024年一季度美国市场销量数据 范围:market=US、channel=official、sku=All Models,类型:sales_report 阶段:completed 主体:特斯拉 对象:2024年一季度汽车销量 动作:公布2024年一季度产销数据 范围:market=Global、channel=official、sku=All Models 时,0.44,,
838,gray,类型:产品发布 阶段:effective 主体:vivo 对象:vivo Y300 Pro+ 动作:正式发布Y系列全新产品 范围:market=CN、channel=official、sku=vivo Y300 Pro+ 时间:2025-0,类型:产品发布 阶段:planned 主体:vivo 对象:家庭场景机器人产品 动作:计划推出首款聚焦家庭场景的机器人产品 范围:market=CN、sku=家庭场景机器人 时间:2025-03-25~2025-03-26 [product,0.04,,
839,gray,类型:产品发布 阶段:effective 主体:理想汽车 对象:理想L6智能焕新版 动作:同步上市 范围:market=CN、channel=official、sku=理想L6智能焕新版 时间:2025-04-23~2025-04-24 [,类型:产品发布 阶段:announced 主体:理想汽车 对象:理想L系列智能焕新版 动作:发布理想L系列智能焕新版 范围:market=CN、sku=理想L系列智能焕新版 时间:2025-04-01~2025-06-01 [product,0.21,,
840,gray,"类型:产品发布 阶段:effective 主体:小鹏汽车 对象:2025款小鹏G6、2025款小鹏G9 动作:正式上市发售 范围:market=CN、channel=official、sku=2025款小鹏G6, 2025款小鹏G9 时间:","类型:产品发布 阶段:completed 主体:小鹏汽车 对象:2025款小鹏G6、2025款小鹏G9 动作:上市 范围:market=CN、channel=official、sku=2025款小鹏G6, 2025款小鹏G9 时间:2025",0.97,,
841,gray,类型:policy_change 阶段:announced 主体:特斯拉 对象:Model Y 动作:推出购车金融政策 范围:market=CN、channel=official、sku=Model Y、location=中国 时间:202,类型:policy_change 阶段:effective 主体:特斯拉 对象:焕新Model Y后轮驱动版 动作:推出金融政策 范围:market=CN、channel=official、sku=焕新Model Y后轮驱动版 时间:202,0.57,,
842,gray,类型:产品发布 阶段:effective 主体:荣耀 对象:荣耀平板MagicPad2 动作:发布新款平板电脑 范围:market=CN、channel=official、sku=荣耀平板MagicPad2、location=深圳 时间:2,类型:产品发布 阶段:effective 主体:荣耀 对象:荣耀Magic Vs3 动作:发布新款折叠屏手机 范围:market=CN、channel=official、sku=荣耀Magic Vs3、location=深圳 时间:2024,0.14,,
843,gray,类型:other 阶段:effective 主体:美银证券 对象:哔哩哔哩 动作:调整复合增长率预测 范围:market=HK、channel=analyst 时间:2024-06-19~2024-06-20 [other] (2024-0,类型:other 阶段:announced 主体:摩根大通 对象:哔哩哔哩 动作:上调评级及目标价 范围:market=HK、channel=analyst_report 时间:2024-06-20~2024-06-21 [other] (,0.05,,
844,gray,类型:产品发布 阶段:effective 主体:小鹏汽车 对象:AI天玑系统5.4.0 动作:推送AI天玑系统5.4.0版本OTA 范围:market=CN、channel=official、sku=全系 时间:2024-11-08~202,类型:产品发布 阶段:announced 主体:小鹏汽车 对象:小鹏P7+ 动作:开启预售 范围:market=GLOBAL、channel=official、sku=小鹏P7+、location=巴黎 时间:2024-10-14~2024,0.03,,
845,gray,类型:financial_report 阶段:completed 主体:网易 对象:2024年第三季度财报 动作:发布2024年第三季度财报 范围:market=CN、channel=official 时间:2024-11-14~2024-,类型:financial_report 阶段:completed 主体:网易 对象:2024年第三季度财报 动作:发布2024年第三季度财报 范围:market=CN、channel=official 时间:2024-11-14~2024-,0.97,,
846,gray,类型:sales_report 阶段:completed 主体:上汽集团 对象:整车 动作:实现2024年整车批发销量 范围:market=CN、channel=wholesale、sku=整车 时间:2024-01-01~2024-12-,类型:sales_report 阶段:announced 主体:上汽集团 对象:汽车 动作:发布2023年12月汽车销量公告 范围:market=CN、channel=official、sku=汽车总销量 时间:2024-01-03~202,0.05,,
847,gray,类型:产品发布 阶段:announced 主体:比亚迪 对象:闪充电池 动作:发布闪充电池 范围:market=CN、channel=official、sku=闪充电池 时间:2025-03-17~2025-03-18 [product_l,类型:产品发布 阶段:effective 主体:比亚迪 对象:第二代元PLUS智驾版 动作:正式上市 范围:market=CN、channel=official、sku=第二代元PLUS智驾版、location=海南 时间:2025-03-,0.04,,
848,gray,类型:sales_report 阶段:completed 主体:奇瑞集团 对象:汽车 动作:公布11月销量 范围:market=CN、channel=official、sku=全品牌 时间:2024-12-01~2024-12-02 [sa,类型:sales_report 阶段:completed 主体:奇瑞集团 对象:海外出口 动作:公布11月海外出口销量 范围:market=GLOBAL、channel=official、sku=全品牌 时间:2024-12-01~2024,0.2,,
849,gray,类型:investment 阶段:announced 主体:京东 对象:股票 动作:表示将利用可转债发行加速股票回购 范围:market=US、channel=official 时间:2024-05-21~2024-05-22 [inves,类型:investment 阶段:announced 主体:京东 对象:17.5亿美元可换股优先票据 动作:宣布发售可换股优先票据 范围:market=US、channel=official 时间:2024-05-21~2024-05-22,0.45,,
850,gray,类型:产品发布 阶段:completed 主体:联想集团 对象:AIPC 动作:发布真正意义上的AIPC 范围:market=GLOBAL、channel=official、sku=AIPC 时间:2024-01-01~2024-12-31,类型:产品发布 阶段:completed 主体:联想 对象:新品 动作:举办新品发布会 范围:market=CN、channel=official、location=北京 时间:2024-01-17~2024-01-18 [product_,0.07,,
851,gray,类型:产品发布 阶段:announced 主体:比亚迪 对象:闪充电池 动作:发布闪充电池 范围:market=CN、channel=official、sku=闪充电池 时间:2025-03-17~2025-03-18 [product_l,"类型:产品发布 阶段:effective 主体:方程豹、比亚迪、华为 对象:豹5智驾版 动作:正式上市 范围:market=CN、channel=official、sku=天神智驾Max版, 天神智驾Ultra版, 激光乾崑智驾版, 云辇激",0.04,,
852,gray,类型:产品发布 阶段:announced 主体:小鹏汽车、何小鹏 对象:小鹏XNGP 动作:宣布XNGP升级为“全国都好用”并全量开放 范围:market=CN、channel=official、sku=小鹏XNGP、location=广州,类型:产品发布 阶段:effective 主体:小鹏汽车 对象:XNGP 动作:XNGP实现全国全量开放 范围:market=CN、channel=official、sku=XNGP、location=全国 时间:2024-07-30~20,0.87,,
853,gray,类型:sales_report 阶段:completed 主体:特斯拉 对象:2024年一季度美国市场销量 动作:公布2024年一季度美国市场销量数据 范围:market=US、channel=official、sku=All Models,类型:sales_report 阶段:completed 主体:特斯拉 对象:全球市场 动作:发布二季度交付报告 范围:market=GLOBAL 时间:2024-07-02~2024-07-03 [sales_report] (2024-,0.04,,
854,gray,类型:产品发布 阶段:effective 主体:OPPO 对象:小布助手 App 11.5.0beta 动作:推送小布助手 App 11.5.0beta 版本并接入 DeepSeek-R1 范围:market=CN、channel=offi,类型:产品发布 阶段:rumored 主体:OPPO 对象:OPPO Find X8 Ultra 动作:爆料称 3X 潜望镜光圈为 Ultra 机型中最大 范围:market=CN、channel=rumor、sku=OPPO Find X,0.04,,
855,gray,类型:sales_report 阶段:completed 主体:特斯拉 对象:Model 3 动作:公布2025年第一季度美国销量 范围:market=US、channel=all、sku=Model 3、location=美国 时间:20,类型:sales_report 阶段:completed 主体:特斯拉 对象:2024年第四季度汽车生产和交付报告 动作:发布2024年第四季度汽车生产和交付报告 范围:market=US、channel=official、sku=2024,0.05,,
856,gray,类型:sales_report 阶段:planned 主体:上汽集团 对象:海外销量 动作:公布2024年海外销量目标 范围:market=GLOBAL、channel=official 时间:2024-01-17~2024-01-18 [,类型:sales_report 阶段:announced 主体:上汽集团 对象:汽车 动作:发布2023年12月汽车销量公告 范围:market=CN、channel=official、sku=汽车总销量 时间:2024-01-03~202,0.04,,
857,gray,类型:sales_report 阶段:completed 主体:小鹏汽车 对象:小鹏MONA M03 动作:大定超3万辆 范围:market=CN、channel=official、sku=小鹏MONA M03 时间:2024-08-29~,类型:sales_report 阶段:completed 主体:小鹏汽车 对象:小鹏MONA M03 动作:第1万辆下线 范围:market=CN、channel=official、sku=小鹏MONA M03、location=肇庆基地 ,0.06,,
858,gray,"类型:产品发布 阶段:effective 主体:vivo 对象:vivo X Fold3系列 动作:发布折叠旗舰手机 范围:market=CN、channel=official、sku=vivo X Fold3, vivo X Fold3 ",类型:产品发布 阶段:effective 主体:vivo 对象:半固态电池技术 动作:行业首发半固态电池技术 范围:market=CN、channel=official、sku=vivo X Fold3系列 时间:2024-03-26~20,0.21,,
859,gray,类型:产品发布 阶段:effective 主体:荣耀 对象:荣耀Magic6、荣耀Magic6 Pro 动作:发布全新一代旗舰智能手机 范围:market=CN、channel=official、sku=荣耀Magic6系列 时间:2024,"类型:产品发布 阶段:announced 主体:荣耀 对象:荣耀Magic6系列、荣耀Magic6、荣耀Magic6 Pro 动作:发布旗舰智能手机 范围:market=CN、channel=official、sku=荣耀Magic6, 荣",0.97,,
860,gray,类型:产品发布 阶段:completed 主体:网易灵动、徐工 对象:露天矿山场景挖掘机一人多机“牧羊人”模式产品 动作:发布露天矿山场景挖掘机一人多机“牧羊人”模式产品 范围:market=CN、channel=official、sku=,类型:产品发布 阶段:completed 主体:网易灵动、徐工 对象:搅拌站场景无人装载机“黑灯工地”产品 动作:发布搅拌站场景无人装载机“黑灯工地”产品 范围:market=CN、channel=official、sku=搅拌站场景无人装,0.12,,
861,gray,类型:合作签约 阶段:announced 主体:本田、华为、宁德时代 对象:先进技术领域合作 动作:公开合作 范围:market=CN、channel=official、location=北京车展前 时间:2024-04-25~2024-0,类型:合作签约 阶段:announced 主体:广汽本田、华为、科大讯飞 对象:全新电动品牌产品 动作:达成合作 范围:market=CN 时间:2024-05-10~2024-05-11 [partnership] (2024-05-10,0.05,,
862,gray,"类型:产品发布 阶段:effective 主体:方程豹、比亚迪、华为 对象:豹5智驾版 动作:正式上市 范围:market=CN、channel=official、sku=天神智驾Max版, 天神智驾Ultra版, 激光乾崑智驾版, 云辇激",类型:产品发布 阶段:effective 主体:华为 对象:HUAWEI Pura X 动作:发布首款阔折叠手机 范围:market=CN、channel=official、sku=HUAWEI Pura X、location=深圳湾体育中,0.04,,
863,gray,类型:产品发布 阶段:announced 主体:极氪智能科技 对象:极氪超级座舱 动作:发布核心科技 范围:market=CN、channel=official、sku=极氪超级座舱、location=杭州 时间:2024-10-23~20,类型:产品发布 阶段:announced 主体:极氪智能科技 对象:极氪超级座舱 动作:发布核心科技 范围:market=CN、channel=official、sku=极氪超级座舱 时间:2024-10-23~2024-10-24 [pr,0.98,,
864,gray,类型:合作签约 阶段:announced 主体:上汽集团、华为 对象:深度合作协议 动作:签署深度合作协议 范围:market=CN、channel=official 时间:2025-02-01~2025-03-01 [partnershi,类型:合作签约 阶段:rumored 主体:华为、上汽集团 对象:智选车合作 动作:确定使用智选车模式合作 范围:market=CN、channel=media_report 时间:2025-02-11~2025-02-12 [partne,0.17,,
865,gray,类型:sales_report 阶段:planned 主体:小鹏汽车 对象:小鹏汽车 动作:设定2025年交付量目标 范围:market=CN、channel=official 时间:2025-01-01~2025-12-31 [sales,类型:sales_report 阶段:completed 主体:小鹏汽车 对象:欧洲注册量 动作:公布2025年上半年欧洲注册量数据 范围:market=EU、channel=all 时间:2025-01-01~2025-06-30 [sa,0.04,,
866,gray,类型:产品发布 阶段:planned 主体:百度 对象:中文版Siri语音助手 动作:升级中文版Siri语音助手 范围:market=CN、channel=official、sku=iPhone 时间:2025-02-13~2025-02-,类型:产品发布 阶段:announced 主体:百度、李彦宏 对象:文心大模型4.5 动作:宣布将开源文心大模型4.5 范围:market=CN、channel=official、sku=文心大模型4.5 时间:2025-02-18~202,0.04,,
867,gray,类型:sales_report 阶段:completed 主体:比亚迪 对象:比亚迪 动作:发布2023年12月及全年销量公告 范围:market=CN、channel=official 时间:2024-01-04~2024-01-05 [,类型:sales_report 阶段:completed 主体:比亚迪 对象:比亚迪汽车 动作:2024年汽车销量统计 范围:market=GLOBAL、channel=official、sku=汽车、location=中国 时间:2024,0.11,,
868,gray,类型:sales_report 阶段:completed 主体:特斯拉 对象:汽车 动作:在丹麦、法国、荷兰和瑞典销量表现下滑 范围:market=EU、location=丹麦、法国、荷兰、瑞典 时间:2025-01-01~2025-03-,类型:sales_report 阶段:completed 主体:特斯拉 对象:电动车 动作:全球交付 范围:market=GLOBAL、channel=official、sku=电动车、location=全球 时间:2025-01-01~2,0.06,,
869,gray,类型:产品发布 阶段:effective 主体:小鹏汽车 对象:AI天玑系统5.3.0版本 动作:宣布AI天玑系统5.3.0版本正式全量推送 范围:market=CN、channel=official、sku=AI天玑系统5.3.0版本、l,类型:产品发布 阶段:effective 主体:小鹏汽车 对象:小鹏X9 610 长续航Max版 动作:发布全新610 长续航Max版本 范围:market=CN、channel=official、sku=小鹏X9 610 长续航Max版、,0.07,,
870,gray,类型:产品发布 阶段:planned 主体:特斯拉 对象:改款 Model Y 动作:计划下个月量产 范围:market=CN、channel=official、sku=改款 Model Y、location=上海工厂 时间:2025-01,类型:产品发布 阶段:effective 主体:特斯拉 对象:焕新Model Y 动作:官网正式上线新款焕新Model Y并开启预订 范围:market=CN、channel=official、sku=焕新Model Y 时间:2025-0,0.14,,
871,gray,"类型:market_entry 阶段:announced 主体:小鹏汽车 对象:澳大利亚市场、法国市场 动作:宣布正式进入澳大利亚、法国市场 范围:market=AU,FR、channel=official、sku=小鹏G9,小鹏G6 时间","类型:market_entry 阶段:effective 主体:小鹏汽车 对象:小鹏G6、小鹏X9 动作:在香港正式亮相发售 范围:market=HK、channel=official、sku=小鹏G6, 小鹏X9、location=海港城",0.08,,
872,gray,类型:sales_report 阶段:completed 主体:理想汽车 对象:2023年全年交付数据 动作:公布2023年全年交付数据 范围:market=CN、channel=official 时间:2024-01-01~2024-01,类型:sales_report 阶段:completed 主体:理想汽车 对象:2023年全年交付数据 动作:公布2023年全年交付数据 范围:market=CN、channel=official 时间:2024-01-01~2024-01,0.97,,
873,gray,类型:policy_change 阶段:announced 主体:网易 对象:流星群侠传 动作:宣布停止新内容开发并关停除指定服务器外全部服务器 范围:market=CN、channel=official、sku=流星群侠传 时间:2025,类型:policy_change 阶段:announced 主体:网易 对象:漫威争锋 动作:宣布继续重点投入产品优化及海外营销 范围:market=GLOBAL、channel=official、sku=漫威争锋 时间:2025-02-2,0.04,,
874,gray,类型:产品发布 阶段:planned 主体:广汽丰田 对象:鸿蒙座舱、新一代插混技术、新型小排量发动机、端到端高阶智驾、固态电池 动作:预告即将导入多项智电新科技 范围:market=CN、channel=official 时间:2024-,类型:产品发布 阶段:announced 主体:广汽丰田 对象:第五代智能电混双擎技术 动作:展示第五代智能电混双擎技术 范围:market=CN、channel=official、sku=第五代智能电混双擎 时间:2024-06-28~2,0.18,,
875,gray,类型:产品发布 阶段:effective 主体:小鹏汽车 对象:AI天玑系统5.3.0版本 动作:宣布AI天玑系统5.3.0版本正式全量推送 范围:market=CN、channel=official、sku=AI天玑系统5.3.0版本、l,类型:产品发布 阶段:effective 主体:小鹏汽车 对象:小鹏MONA M03 动作:正式上市发售 范围:market=CN、channel=official、sku=小鹏MONA M03 515长续航版、location=北京 时间,0.05,,
876,gray,类型:产品发布 阶段:planned 主体:百度 对象:中文版Siri语音助手 动作:升级中文版Siri语音助手 范围:market=CN、channel=official、sku=iPhone 时间:2025-02-13~2025-02-,类型:产品发布 阶段:announced 主体:百度、李彦宏 对象:文心大模型4.5 动作:宣布将开源文心大模型4.5 范围:market=CN、channel=official、sku=文心大模型4.5 时间:2025-02-18~202,0.05,,
877,gray,类型:financial_report 阶段:announced 主体:中芯国际 对象:2023年第四季度财报 动作:发布2023年第四季度财报 范围:market=HK、channel=official 时间:2024-02-06~202,类型:financial_report 阶段:completed 主体:网易 对象:2023年第四季度财报 动作:发布2023年第四季度财报 范围:market=CN、channel=official 时间:2024-02-29~2024-,0.04,,
878,gray,类型:sales_report 阶段:completed 主体:上汽通用五菱 对象:新能源汽车 动作:发布2023年12月销量数据 范围:market=CN、channel=official、sku=新能源汽车 时间:2024-01-02~,类型:sales_report 阶段:completed 主体:上汽集团 对象:新能源汽车 动作:公布1月份新能源销量 范围:market=CN、channel=official、sku=新能源整车 时间:2024-01-01~2024-0,0.05,,
879,gray,类型:investment 阶段:completed 主体:马云 对象:阿里巴巴 动作:增持阿里股票 范围:market=HK、channel=public_market、sku=阿里巴巴港股 时间:2023-10-01~2023-12-3,类型:investment 阶段:completed 主体:蔡崇信 对象:阿里巴巴 动作:购买阿里股票 范围:market=US、channel=public_market、sku=阿里巴巴美股 时间:2023-10-01~2023-12-,0.05,,
880,gray,类型:other 阶段:effective 主体:小鹏汽车 对象:小鹏X9、第五届中国新材料产业发展大会 动作:提供小鹏X9作为官方用车 范围:market=CN、channel=official、sku=小鹏X9、location=武汉 ,类型:other 阶段:completed 主体:小鹏汽车 对象:G6车型 动作:举办开放日周末活动 范围:market=SG、sku=G6、location=新加坡 时间:2024-11-02~2024-11-04 [other] (20,0.03,,
881,gray,类型:financial_report 阶段:completed 主体:网易 对象:网易2023年财报 动作:发布2023年财务业绩 范围:market=CN、channel=official 时间:2024-03-28~2024-03-2,类型:financial_report 阶段:completed 主体:网易 对象:2023年第四季度财报 动作:发布2023年第四季度财报 范围:market=CN、channel=official 时间:2024-02-29~2024-,0.07,,
882,gray,类型:合作签约 阶段:effective 主体:广汽埃安、INDOMOBILE 对象:战略合作协议 动作:签署战略合作协议 范围:market=ID 时间:2024-04-01~2024-05-01 [partnership] (2024-,类型:合作签约 阶段:completed 主体:广汽埃安、INDOMOBILE 对象:战略合作协议 动作:签署战略合作协议 范围:market=ID、location=印尼 时间:2024-04-01~2024-04-30 [partner,0.93,,
883,gray,类型:sales_report 阶段:completed 主体:理想汽车 对象:2023年12月交付数据 动作:公布2023年12月交付数据 范围:market=CN、channel=official 时间:2024-01-01~2024-,类型:sales_report 阶段:completed 主体:理想汽车 对象:2023年全年交付数据 动作:公布2023年全年交付数据 范围:market=CN、channel=official、sku=全车型 时间:2024-01-01,0.16,,
884,gray,类型:sales_report 阶段:completed 主体:小米汽车 对象:小米SU7 Pro 动作:开启交付 范围:market=CN、channel=official、sku=小米SU7 Pro 时间:2024-05-18~2024,类型:sales_report 阶段:completed 主体:小米汽车 对象:小米SU7 动作:累计交付突破20000辆 范围:market=CN、channel=official、sku=小米SU7 时间:2024-06-14~2024,0.05,,
885,gray,类型:产品发布 阶段:announced 主体:特斯拉 对象:Robovan 动作:发布无人驾驶巴士Robovan 范围:market=US、channel=official、sku=Robovan 时间:2024-10-10~2024-1,类型:产品发布 阶段:announced 主体:特斯拉、马斯克 对象:Cybercab 动作:发布Robotaxi产品Cybercab 范围:market=CN、channel=official、sku=Cybercab 时间:2024-1,0.1,,
886,gray,类型:sales_report 阶段:completed 主体:理想汽车 对象:2023年全年交付数据 动作:公布2023年全年交付数据 范围:market=CN、channel=official 时间:2024-01-01~2024-01,类型:sales_report 阶段:completed 主体:理想汽车 对象:理想汽车 动作:公布2023年第四季度交付数据 范围:market=CN、channel=official 时间:2024-01-01~2024-01-02 [,0.16,,
887,gray,类型:sales_report 阶段:completed 主体:吉利汽车 对象:吉利汽车 动作:2024年累计销量创历史新高 范围:market=CN 时间:2024-01-01~2024-12-31 [sales_report] (202,类型:sales_report 阶段:completed 主体:吉利汽车 对象:吉利汽车 动作:2024年海外出口累计销量41.45万辆 范围:market=GLOBAL 时间:2024-01-01~2024-12-31 [sales_re,0.13,,
888,gray,类型:policy_change 阶段:announced 主体:理想汽车、李想 对象:纯电动SUV 动作:宣布推迟纯电动SUV上市计划至明年上半年 范围:market=CN、channel=official、sku=纯电动SUV 时间:2,类型:policy_change 阶段:announced 主体:理想汽车、李想 对象:纯电SUV 动作:宣布纯电SUV推迟至明年上半年发布 范围:market=CN、channel=official、sku=纯电SUV 时间:2024-0,0.97,,
889,gray,类型:产品发布 阶段:announced 主体:比亚迪 对象:1500V大功率SiC芯片 动作:推出1500V大功率SiC芯片 范围:market=CN、channel=official、sku=1500V大功率SiC芯片 时间:2025-,类型:产品发布 阶段:effective 主体:比亚迪 对象:方程豹豹8无人机版 动作:首搭“灵鸢”快充版的方程豹豹8无人机版正式上市 范围:market=CN、channel=official、sku=方程豹豹8无人机版、location,0.04,,
890,gray,类型:financial_report 阶段:announced 主体:小鹏汽车 对象:2024年第二季度财务数据 动作:公布第二季度财务数据 范围:market=CN、channel=official、location=广州 时间:202,类型:financial_report 阶段:completed 主体:小鹏汽车 对象:2024年第二季度财报 动作:公布2024年第二季度财报 范围:market=CN、channel=official 时间:2024-08-20~202,0.95,,
891,gray,类型:sales_report 阶段:completed 主体:特斯拉、陶琳 对象:上海超级工厂 动作:公布2024年交付量数据 范围:market=CN、channel=official、sku=上海超级工厂、location=上海 时间,类型:sales_report 阶段:completed 主体:上海超级工厂 对象:电动车 动作:公布2025年交付量 范围:market=GLOBAL、channel=delivery、sku=电动车、location=上海 时间:202,0.17,,
892,gray,类型:产品发布 阶段:announced 主体:小米 对象:小米SU7 Ultra 动作:推出新款车型 范围:market=CN、channel=official、sku=SU7 Ultra 时间:2024-10-29~2024-10-30,类型:产品发布 阶段:announced 主体:小米 对象:小米15Pro 动作:发布新款手机 范围:market=CN、channel=official、sku=12GB+256GB 时间:2024-10-29~2024-10-30 [p,0.09,,
893,gray,类型:产品发布 阶段:announced 主体:联想集团 对象:YOGA Pad Pro AI 元启版 动作:发布首款搭载本地AI的平板电脑 范围:market=GLOBAL、channel=CES、sku=YOGA Pad Pro AI ,类型:产品发布 阶段:announced 主体:联想集团 对象:YOGA Air X AI 元启版 动作:发布搭载屏下摄像头技术的笔记本电脑 范围:market=GLOBAL、channel=CES、sku=YOGA Air X AI 元启,0.08,,
894,gray,类型:产品发布 阶段:announced 主体:特斯拉 对象:Robovan 动作:发布无人驾驶厢式货车 范围:market=CN、channel=official、sku=Robovan 时间:2024-10-11~2024-10-12 ,类型:产品发布 阶段:effective 主体:特斯拉 对象:Cybercab 动作:正式发布Robotaxi车型 范围:market=US、channel=official、sku=Cybercab 时间:2024-10-11~2024-,0.11,,
895,gray,类型:产品发布 阶段:announced 主体:理想汽车 对象:理想i8 动作:公布理想i8官图 范围:market=CN、channel=official、sku=理想i8 时间:2025-02-25~2025-02-26 [produc,类型:产品发布 阶段:announced 主体:理想汽车 对象:理想i8 动作:公布首款纯电SUV i8的外观造型信息 范围:market=CN、channel=official、sku=i8 时间:2025-02-25~2025-02-2,0.92,,
896,gray,类型:产品发布 阶段:effective 主体:vivo 对象:自研蓝心大模型矩阵 动作:发布全面升级的自研蓝心大模型矩阵 范围:market=CN、channel=official、sku=自研蓝心大模型矩阵 时间:2024-10-10~,类型:产品发布 阶段:effective 主体:vivo 对象:vivo X200系列 动作:正式发布vivo X200系列 范围:market=CN、channel=official、sku=vivo X200系列 时间:2024-10-,0.05,,
897,gray,类型:investment 阶段:completed 主体:Appaloosa、David Tepper 对象:京东 动作:增持股票 范围:market=US、channel=13F、sku=京东股票 时间:2024-09-30~2024-,类型:investment 阶段:completed 主体:京东 对象:达达集团 动作:完成购买沃尔玛所持达达股份 范围:market=CN、channel=official 时间:2024-09-18~2024-09-19 [invest,0.04,,
898,gray,类型:investment 阶段:announced 主体:京东 对象:股票 动作:表示将利用可转债发行加速股票回购 范围:market=US、channel=official 时间:2024-05-21~2024-05-22 [inves,类型:investment 阶段:announced 主体:京东 对象:可转债 动作:宣布拟发行可转债 范围:market=HK、channel=official、sku=17.5亿美元可转债 时间:2024-05-21~2024-05-2,0.3,,
899,gray,类型:market_entry 阶段:planned 主体:小鹏汽车 对象:小鹏汽车重点车款 动作:计划于五月中旬在港展示并预计第三季度开始交付 范围:market=HK、channel=official、sku=重点车款、location,类型:market_entry 阶段:planned 主体:小鹏汽车 对象:左舵车款 动作:计划于5月在澳门启动左舵车款交付 范围:market=MO、channel=official、sku=左舵车款、location=澳门 时间:202,0.05,,
900,gray,类型:合作签约 阶段:effective 主体:广汽、华为 对象:智能汽车战略合作 动作:签订战略合作协议 范围:market=CN、channel=official 时间:2024-11-30~2024-12-01 [partnershi,类型:合作签约 阶段:effective 主体:长城汽车、华为 对象:《智能化生态合作协议》 动作:签署《智能化生态合作协议》 范围:market=CN、channel=official 时间:2024-11-01~2024-11-30 [,0.03,,
901,gray,类型:产品发布 阶段:effective 主体:理想汽车 对象:理想MEGA Home家庭特别版 动作:发布理想MEGA Home家庭特别版 范围:market=CN、channel=official、sku=理想MEGA Home家庭特别,类型:产品发布 阶段:announced 主体:理想汽车 对象:MEGA Home家庭特别版 动作:发布MEGA Home家庭特别版 范围:market=CN、sku=MEGA Home家庭特别版 时间:2025-04-01~2025-06,0.66,,
902,gray,类型:产品发布 阶段:effective 主体:vivo 对象:蓝心智能 动作:发布全新AI战略 范围:market=CN、channel=official、sku=蓝心智能 时间:2024-10-10~2024-10-11 [produc,类型:产品发布 阶段:effective 主体:vivo 对象:蓝河操作系统2 动作:发布蓝河操作系统2 范围:market=CN、channel=official、sku=蓝河操作系统2 时间:2024-10-10~2024-10-11 ,0.1,,
903,gray,类型:sales_report 阶段:completed 主体:理想汽车 对象:理想汽车 动作:公布2024年5月交付数据 范围:market=CN、channel=official 时间:2024-06-01~2024-06-02 [sa,类型:sales_report 阶段:completed 主体:理想汽车 对象:2024年第一季度财报 动作:发布2024年第一季度财报 范围:market=CN、channel=official 时间:2024-06-05~2024-06,0.04,,
904,gray,类型:合作签约 阶段:completed 主体:宁德时代、滴滴出行 对象:时代小桔（厦门）新能源技术有限公司 动作:成立换电合资公司 范围:market=CN、location=厦门 时间:2025-02-18~2025-02-19 [pa,类型:合作签约 阶段:effective 主体:宁德时代、蔚来 对象:战略合作协议 动作:签署战略合作协议 范围:market=CN、channel=official、location=福建宁德 时间:2025-03-17~2025-03-,0.03,,
905,gray,类型:financial_report 阶段:completed 主体:哔哩哔哩 对象:第三季度财报 动作:发布第三季度财报 范围:market=HK、channel=official 时间:2024-11-14~2024-11-15 [f,类型:financial_report 阶段:announced 主体:京东方A 对象:第三季度财报 动作:发布第三季度财报 范围:market=CN、channel=official 时间:2024-10-30~2024-10-31 [f,0.04,,
906,gray,"类型:policy_change 阶段:effective 主体:小鹏汽车 对象:小鹏X9、小鹏G9、小鹏P7i、小鹏G6 动作:推出五年0利息0首付购车政策 范围:market=CN、channel=official、sku=小鹏X9,小",类型:policy_change 阶段:effective 主体:小鹏汽车 对象:购车政策 动作:延续“五年0利息0首付”购车政策 范围:market=CN、channel=official、sku=多款热门车型 时间:2025-03-01,0.1,,
907,gray,类型:产品发布 阶段:planned 主体:科大讯飞 对象:讯飞星火开源大模型 动作:计划发布首个深度适配国产算力的讯飞星火开源大模型 范围:market=CN、channel=official、sku=讯飞星火开源大模型 时间:2024-,类型:产品发布 阶段:completed 主体:科大讯飞 对象:讯飞星火V3.5 动作:升级发布讯飞星火V3.5 范围:market=CN、channel=official、sku=讯飞星火V3.5 时间:2024-01-01~2024-0,0.05,,
908,gray,类型:合作签约 阶段:announced 主体:阿里巴巴、苹果 对象:中国版iPhone 动作:达成AI功能开发合作 范围:market=CN、channel=official、sku=中国版iPhone 时间:2025-02-14~202,类型:合作签约 阶段:announced 主体:苹果、阿里巴巴 对象:AI功能 动作:合作开发AI功能 范围:market=CN、channel=official、sku=iPhone 时间:2025-02-11~2025-02-12 [p,0.82,,
909,gray,类型:产品发布 阶段:planned 主体:理想汽车 对象:理想i8 动作:计划正式发布理想i8 范围:market=CN、sku=理想i8 时间:2025-07-01~2025-08-01 [product_launch] (2025-0,类型:产品发布 阶段:planned 主体:理想汽车 对象:VLA司机大模型方案 动作:计划为ADMax平台带来新一代VLA司机大模型方案 范围:market=CN、channel=official、sku=ADMax平台 时间:2025-,0.04,,
910,gray,类型:financial_report 阶段:announced 主体:京东物流 对象:2024年第三季度财报 动作:发布2024年第三季度财报 范围:market=CN、channel=official、location=港交所 时间:2,类型:financial_report 阶段:completed 主体:网易 对象:2024年第三季度财报 动作:发布2024年第三季度财报 范围:market=CN、channel=official 时间:2024-11-14~2024-,0.06,,
911,gray,类型:sales_report 阶段:completed 主体:吉利汽车 对象:2024年第三季度海外出口销量 动作:公布2024年第三季度海外出口销量 范围:market=GLOBAL 时间:2024-09-01~2024-09-30 [,类型:sales_report 阶段:completed 主体:吉利汽车 对象:新车 动作:公布10月产销数据 范围:market=CN、channel=official、sku=全品牌 时间:2024-10-01~2024-10-31 [,0.04,,
912,gray,类型:产品发布 阶段:effective 主体:小鹏汽车 对象:XNGP 动作:XNGP实现全国全量开放 范围:market=CN、channel=official、sku=XNGP、location=全国 时间:2024-07-30~20,类型:产品发布 阶段:completed 主体:小鹏汽车 对象:小鹏MONA M03 动作:正式上市发售 范围:market=CN、channel=official、sku=小鹏MONA M03 时间:2024-08-27~2024-08-,0.03,,
913,gray,类型:产品发布 阶段:completed 主体:联想集团 对象:AIPC 动作:发布真正意义上的AIPC 范围:market=GLOBAL、channel=official、sku=AIPC 时间:2024-01-01~2024-12-31,类型:产品发布 阶段:planned 主体:联想 对象:个人Agent及集成个人大模型的AIPC产品 动作:计划推出个人Agent及更多AIPC产品 范围:market=CN、channel=official、sku=Agent/AIPC ,0.05,,
914,gray,类型:产品发布 阶段:effective 主体:小鹏汽车 对象:小鹏X9 610长续航Max版 动作:正式上市 范围:market=CN、channel=official、sku=小鹏X9 610长续航Max版 时间:2024-09-25~,类型:产品发布 阶段:announced 主体:小鹏汽车 对象:AI鹰眼视觉方案 动作:发布视觉方案 范围:market=CN、channel=official、sku=AI鹰眼视觉方案、location=北京 时间:2024-08-27~,0.03,,
915,gray,类型:investment 阶段:rumored 主体:沃尔玛 对象:京东 动作:转让所持京东股权 范围:market=US、channel=secondary_market、sku=京东股票 时间:2024-08-21~2024-08-2,类型:investment 阶段:announced 主体:沃尔玛 对象:达达 动作:转让全部京东股份 范围:market=CN、channel=official 时间:2024-08-01~2024-08-31 [investment] ,0.27,,
916,gray,类型:sales_report 阶段:completed 主体:上汽通用 对象:别克GL8燃油版 动作:别克GL8燃油版8月销量达3689辆 范围:market=CN、channel=official、sku=别克GL8燃油版 时间:202,类型:sales_report 阶段:completed 主体:上汽通用 对象:别克GL8插混版 动作:别克GL8插混版8月销量达4234辆 范围:market=CN、channel=official、sku=别克GL8插混版 时间:202,0.08,,
917,gray,类型:合作签约 阶段:effective 主体:蔚来、宁德时代 对象:换电战略合作 动作:签署战略合作协议 范围:market=CN、channel=official、location=福建宁德 时间:2025-03-17~2025-03-,类型:合作签约 阶段:effective 主体:宁德时代、蔚来 对象:战略合作协议 动作:签署战略合作协议 范围:market=CN、channel=official、location=福建宁德 时间:2025-03-17~2025-03-,0.98,,
918,gray,类型:sales_report 阶段:completed 主体:小鹏汽车 对象:小鹏汽车 动作:公布1月交付量 范围:market=CN、channel=official 时间:2025-01-01~2025-01-31 [sales_re,类型:sales_report 阶段:completed 主体:小鹏汽车 对象:欧洲注册量 动作:公布2025年上半年欧洲注册量数据 范围:market=EU、channel=all 时间:2025-01-01~2025-06-30 [sa,0.05,,
919,gray,类型:人事变动 阶段:planned 主体:广汽集团 对象:第七届董事会董事、第七届董事会独立非执行董事 动作:召开临时股东大会审议选举董事议案 范围:market=CN、channel=official、location=广州市番禺区金山,类型:人事变动 阶段:announced 主体:广汽集团 对象:华望汽车技术（广州）有限公司总经理、广汽商贸有限公司董事长、广汽资本有限公司总经理、广州广汽汇理融资租赁有限公司总经理 动作:发布公开招聘公告 范围:market=CN、cha,0.03,,
920,gray,类型:产品发布 阶段:announced 主体:小鹏汽车 对象:小鹏P7+ 动作:开启预售 范围:market=GLOBAL、channel=official、sku=小鹏P7+、location=巴黎 时间:2024-10-14~2024,"类型:产品发布 阶段:effective 主体:小鹏汽车 对象:小鹏P7+ 动作:正式上市发售 范围:market=CN、channel=official、sku=小鹏P7+长续航Max, 小鹏P7+超长续航Max, 小鹏P7+限定版Max",0.06,,
921,gray,类型:sales_report 阶段:completed 主体:比亚迪 对象:新能源乘用车 动作:发布上半年销量数据 范围:market=GLOBAL、channel=official、sku=新能源乘用车 时间:2024-07-05~20,类型:sales_report 阶段:completed 主体:比亚迪 对象:秦L DM 动作:7月销量位居第三 范围:market=CN、channel=terminal、sku=秦L DM 时间:2024-07-01~2024-07-3,0.04,,
922,gray,类型:产品发布 阶段:planned 主体:特斯拉 对象:Model Y焕新版 动作:预计2025年上市 范围:market=CN、sku=Model Y焕新版 时间:2025-01-01~2025-12-31 [product_launc,类型:产品发布 阶段:completed 主体:特斯拉 对象:ModelY焕新版 动作:推出ModelY焕新版 范围:market=GLOBAL、channel=official、sku=ModelY焕新版 时间:2025-01-01~20,0.16,,
923,gray,"类型:产品发布 阶段:effective 主体:方程豹、比亚迪、华为 对象:豹5智驾版 动作:正式上市 范围:market=CN、channel=official、sku=天神智驾Max版, 天神智驾Ultra版, 激光乾崑智驾版, 云辇激",类型:产品发布 阶段:effective 主体:比亚迪 对象:海洋网智驾版车型 动作:发布海洋网智驾版车型 范围:market=CN、channel=official、sku=海洋网智驾版车型、location=海口 时间:2025-02-,0.05,,
924,gray,类型:产品发布 阶段:effective 主体:vivo 对象:vivo S19系列 动作:正式发布新品 范围:market=CN、channel=official、sku=vivo S19系列 时间:2024-05-30~2024-05-,"类型:产品发布 阶段:completed 主体:vivo 对象:vivo S19系列 动作:推出S19系列新品 范围:market=CN、channel=official、sku=S19, S19 Pro 时间:2024-05-30~202",0.95,,
925,gray,类型:financial_report 阶段:completed 主体:B站 对象:广告业务 动作:发布2024年二季度财报，广告收入同比增长30% 范围:market=CN 时间:2024-08-01~2024-08-31 [financ,类型:financial_report 阶段:announced 主体:B站 对象:2024年Q2季度财报 动作:公布2024年Q2季度财报 范围:market=CN、channel=official 时间:2024-08-26~2024-,0.73,,
926,gray,类型:policy_change 阶段:announced 主体:美团、王兴 对象:未来十年战略方向 动作:召开战略复盘会议并强调未来十年重点方向 范围:market=CN、channel=official 时间:2025-02-28~20,类型:policy_change 阶段:announced 主体:美团 对象:全职及稳定兼职骑手 动作:宣布为骑手缴纳社保 范围:market=CN、channel=official、sku=美团外卖、location=全国 时间:2025,0.04,,
927,gray,类型:价格调整 阶段:effective 主体:特斯拉中国 对象:Model 3 后轮驱动版 动作:上线限时保险补贴 范围:market=CN、channel=official、sku=Model 3 后轮驱动版 时间:2024-01-01,类型:价格调整 阶段:effective 主体:特斯拉中国 对象:Model 3 后轮驱动版 动作:推出新年限时低息金融政策 范围:market=CN、channel=official、sku=Model 3 后轮驱动版 时间:2024-0,0.08,,
928,gray,类型:financial_report 阶段:announced 主体:极氪 对象:2024年三季度财报 动作:公布2024年三季度财报 范围:market=CN、channel=official 时间:2024-11-14~2024-11,类型:financial_report 阶段:completed 主体:理想汽车 对象:2024年三季度财报 动作:公布2024年三季度财报 范围:market=CN、channel=official 时间:2024-10-31~2024-,0.05,,
929,gray,类型:market_entry 阶段:announced 主体:讯飞医疗 对象:H股 动作:递交首次公开发行境外上市外资股（H股）并在香港联交所主板上市的申请 范围:market=HK、channel=official、location=香,类型:market_entry 阶段:announced 主体:讯飞医疗 对象:备案申请材料 动作:向中国证监会报送备案申请材料并获接收 范围:market=CN、channel=official、location=中国 时间:2024-0,0.2,,
930,gray,类型:sales_report 阶段:completed 主体:苹果公司 对象:iPhone 动作:公布1月中国出货量数据 范围:market=CN、channel=official、sku=iPhone、location=中国 时间:20,类型:sales_report 阶段:effective 主体:苹果 对象:iPhone 动作:在中国市场单周出货量同比下滑 范围:market=CN、channel=retail、sku=iPhone、location=中国 时间:202,0.15,,
931,gray,类型:产品发布 阶段:completed 主体:联想、AMD 对象:联想问天、ThinkSystem V3系列服务器产品家族、ThinkSystem AMD塔式服务器 动作:发布基于第五代AMD EPYC处理器的服务器产品 范围:marke,类型:产品发布 阶段:announced 主体:联想集团 对象:YOGA Pad Pro AI 元启版 动作:发布首款搭载本地AI的平板电脑 范围:market=GLOBAL、channel=CES、sku=YOGA Pad Pro AI ,0.03,,
932,gray,类型:sales_report 阶段:completed 主体:特斯拉 对象:汽车 动作:在丹麦、法国、荷兰和瑞典销量表现下滑 范围:market=EU、location=丹麦、法国、荷兰、瑞典 时间:2025-01-01~2025-03-,类型:sales_report 阶段:completed 主体:吉利汽车 对象:汽车 动作:实现2025年汽车销量302.46万辆 范围:market=CN 时间:2025-01-01~2025-12-31 [sales_report] (,0.03,,
933,gray,类型:investment 阶段:announced 主体:京东 对象:可转债 动作:宣布拟发行可转债 范围:market=HK、channel=official、sku=17.5亿美元可转债 时间:2024-05-21~2024-05-2,类型:investment 阶段:announced 主体:京东 对象:17.5亿美元可换股优先票据 动作:宣布发售可换股优先票据 范围:market=US、channel=official 时间:2024-05-21~2024-05-22,0.63,,
934,gray,类型:产品发布 阶段:effective 主体:vivo 对象:蓝心智能 动作:发布全新AI战略 范围:market=CN、channel=official、sku=蓝心智能 时间:2024-10-10~2024-10-11 [produc,类型:产品发布 阶段:effective 主体:vivo 对象:OriginOS 5 动作:发布新一代手机操作系统 范围:market=CN、channel=official、sku=OriginOS 5 时间:2024-10-10~202,0.11,,
935,gray,类型:产品发布 阶段:planned 主体:科大讯飞 对象:讯飞星火开源大模型 动作:计划发布首个深度适配国产算力的讯飞星火开源大模型 范围:market=CN、channel=official、sku=讯飞星火开源大模型 时间:2024-,类型:产品发布 阶段:planned 主体:科大讯飞 对象:星火认知大模型V4.0 动作:计划发布星火认知大模型V4.0 范围:market=CN、channel=official、sku=星火认知大模型V4.0 时间:2024-01-01,0.05,,
936,gray,类型:产品发布 阶段:announced 主体:特斯拉 对象:Robovan 动作:发布无人驾驶巴士Robovan 范围:market=US、channel=official、sku=Robovan 时间:2024-10-10~2024-1,类型:产品发布 阶段:announced 主体:特斯拉 对象:Cybercab 动作:发布无人驾驶出租车Cybercab 范围:market=US、channel=official、sku=Cybercab 时间:2024-10-10~20,0.13,,
937,gray,类型:产品发布 阶段:announced 主体:比亚迪 对象:比亚迪秦L 动作:正式亮相 范围:market=CN、channel=official、sku=比亚迪秦L、location=北京车展 时间:2024-04-25~2024-04,"类型:产品发布 阶段:announced 主体:比亚迪 对象:海豹06DM-i、OCEAN-M、海狮07EV 动作:推出三款新品 范围:market=CN、channel=official、sku=海豹06DM-i, OCEAN-M, 海狮",0.11,,
938,gray,类型:financial_report 阶段:announced 主体:吉利汽车 对象:2024年度业绩 动作:发布年度业绩 范围:market=CN、channel=official 时间:2025-03-20~2025-03-21 [f,类型:financial_report 阶段:announced 主体:吉利汽车 对象:2024年财报 动作:公布2024年财报 范围:market=CN、channel=official 时间:2025-03-20~2025-03-21 ,0.94,,
939,gray,类型:sales_report 阶段:completed 主体:特斯拉 对象:汽车 动作:在丹麦、法国、荷兰和瑞典销量表现下滑 范围:market=EU、location=丹麦、法国、荷兰、瑞典 时间:2025-01-01~2025-03-,类型:sales_report 阶段:completed 主体:特斯拉 对象:2024年第四季度汽车生产和交付报告 动作:发布2024年第四季度汽车生产和交付报告 范围:market=US、channel=official、sku=2024,0.04,,
940,gray,类型:policy_change 阶段:planned 主体:京东 对象:以旧换新政策 动作:宣布提高政策承接效率、加大服务投入力度 范围:market=CN、channel=AWE展会、location=上海 时间:2025-03-20~,类型:policy_change 阶段:announced 主体:京东 对象:京东外卖全职骑手 动作:宣布为全职骑手缴纳五险一金 范围:market=CN、channel=official、sku=京东外卖 时间:2025-02-19~20,0.04,,
941,gray,类型:产品发布 阶段:effective 主体:华为 对象:Pura 70系列 动作:发布新款手机 范围:market=CN、channel=official、sku=Pura 70系列 时间:2024-05-15~2024-05-16 [,类型:产品发布 阶段:effective 主体:华为 对象:MateBook 14 动作:发布新款笔记本 范围:market=CN、channel=official、sku=MateBook 14 时间:2024-05-15~2024-05,0.07,,
942,gray,类型:sales_report 阶段:completed 主体:理想汽车 对象:2023年12月交付数据 动作:公布2023年12月交付数据 范围:market=CN、channel=official 时间:2024-01-01~2024-,类型:sales_report 阶段:completed 主体:理想汽车 对象:2023年12月交付数据 动作:公布2023年12月交付数据 范围:market=CN、channel=official 时间:2024-01-01~2024-,0.98,,
943,gray,类型:financial_report 阶段:completed 主体:华为 对象:2024年年度报告 动作:发布2024年年度报告 范围:market=CN、channel=official 时间:2025-03-31~2025-04-0,类型:financial_report 阶段:completed 主体:京东物流 对象:2024年年度报告 动作:发布2024年度财务业绩 范围:market=CN、channel=official 时间:2025-03-06~2025-0,0.04,,
944,gray,类型:产品发布 阶段:effective 主体:腾讯 对象:附近的工作小程序 动作:正式上线“附近的工作”小程序 范围:market=CN、channel=official、sku=附近的工作、location=全国超200个地市 时间:2,类型:产品发布 阶段:completed 主体:腾讯、腾讯混元 对象:Turbo S 动作:发布自研快思考模型Turbo S 范围:market=CN、channel=official、sku=Turbo S 时间:2025-02-27~2,0.03,,
945,gray,类型:financial_report 阶段:completed 主体:网易 对象:2024年第一季度财报 动作:发布2024年第一季度财报 范围:market=CN、channel=official 时间:2024-05-23~2024-,类型:financial_report 阶段:completed 主体:小米集团 对象:2024年第一季度财报 动作:发布2024年第一季度财报 范围:market=CN、channel=official 时间:2024-05-23~202,0.06,,
946,gray,类型:sales_report 阶段:completed 主体:长城汽车 对象:2025年1月产销数据 动作:发布2025年1月产销快报 范围:market=CN、channel=official、sku=全品牌 时间:2025-02-05,类型:sales_report 阶段:completed 主体:长城汽车 对象:长城汽车 动作:位列中国品牌销量第一 范围:market=AU、location=澳大利亚 时间:2025-02-01~2025-02-28 [sales_re,0.04,,
947,gray,类型:financial_report 阶段:planned 主体:苹果 对象:二季度财报 动作:计划公布二季度财报 范围:market=GLOBAL、channel=official 时间:2024-08-01~2024-08-02 [f,类型:financial_report 阶段:completed 主体:京东 对象:二季度财报 动作:公布二季度财报 范围:market=CN、channel=official 时间:2024-08-15~2024-08-16 [finan,0.03,,
948,gray,类型:产品发布 阶段:announced 主体:OPPO 对象:K12 Plus 动作:宣布将于 10 月 12 日发布 范围:market=CN、channel=official、sku=K12 Plus 时间:2024-10-08~20,类型:产品发布 阶段:announced 主体:OPPO、周意保 对象:OPPO Find X8 动作:发布搭载天玑 9400 芯片及 50W 无线快充的手机 范围:market=CN、channel=official、sku=OPPO F,0.03,,
949,gray,类型:other 阶段:completed 主体:哔哩哔哩 对象:《2024年环境、社会及管治报告》 动作:发布ESG报告 范围:market=CN、channel=official 时间:2025-04-10~2025-04-11 [ot,类型:other 阶段:completed 主体:陈睿、哔哩哔哩 对象:AI时代的优质内容 动作:发表演讲 范围:market=CN、channel=official、location=成都 时间:2025-03-27~2025-03-28,0.04,,
950,gray,类型:产品发布 阶段:effective 主体:小鹏汽车 对象:2025款小鹏G9 动作:正式上市发售 范围:market=CN、channel=official、sku=2025款小鹏G9、location=广州 时间:2025-03-1,"类型:产品发布 阶段:effective 主体:小鹏汽车 对象:2025款小鹏G6、2025款小鹏G9 动作:正式上市发售 范围:market=CN、channel=official、sku=2025款小鹏G6, 2025款小鹏G9 时间:",0.52,,
951,gray,类型:sales_report 阶段:planned 主体:理想汽车 对象:新车 动作:预计三季度交付量 范围:market=CN 时间:2024-07-01~2024-09-30 [sales_report] (2024-07-01T00,"类型:sales_report 阶段:completed 主体:理想汽车 对象:理想L6 动作:月交付量突破20,000辆 范围:market=CN、channel=official、sku=理想L6 时间:2024-06-01~2024-",0.04,,
952,gray,类型:产品发布 阶段:announced 主体:理想汽车 对象:全新一代理想智能驾驶万人体验团 动作:开启招募 范围:market=CN、channel=event、location=成都车展 时间:2024-08-31~2024-09-0,类型:产品发布 阶段:effective 主体:理想汽车 对象:理想L9 动作:试驾车升级为新一代智能驾驶技术方案 范围:market=CN、channel=retail_center、sku=理想L9、location=全国482家零售中,0.04,,
953,gray,"类型:产品发布 阶段:announced 主体:比亚迪 对象:汉L、唐L 动作:开启预售 范围:market=CN、channel=official、sku=汉L, 唐L 时间:2025-03-17~2025-03-18 [product_",类型:产品发布 阶段:effective 主体:比亚迪 对象:方程豹豹8无人机版 动作:首搭“灵鸢”快充版的方程豹豹8无人机版正式上市 范围:market=CN、channel=official、sku=方程豹豹8无人机版、location,0.04,,
954,gray,类型:人事变动 阶段:effective 主体:严筱磊 对象:盒马 动作:兼任CEO 范围:market=CN、channel=official 时间:2024-03-18~2024-03-19 [executive_change] (20,类型:人事变动 阶段:effective 主体:侯毅 对象:盒马 动作:正式退休 范围:market=CN、channel=official 时间:2024-03-18~2024-03-19 [executive_change] (2024,0.13,,
955,gray,类型:sales_report 阶段:completed 主体:理想汽车 对象:2023年全年交付数据 动作:公布2023年全年交付数据 范围:market=CN、channel=official 时间:2024-01-01~2024-01,类型:sales_report 阶段:completed 主体:理想汽车 对象:2023年全年交付数据 动作:公布2023年全年交付数据 范围:market=CN、channel=official、sku=全车型 时间:2024-01-01,0.95,,
956,gray,类型:legal_action 阶段:completed 主体:福建省高级人民法院 对象:中创新航、宁德时代 动作:判决中创新航赔偿 范围:market=CN、channel=official、sku=动力电池封装组件 时间:2024-10,类型:legal_action 阶段:announced 主体:中创新航 对象:宁德时代、特斯拉汽车销售服务（武汉）有限公司 动作:提起专利侵权诉讼 范围:market=CN、channel=official、sku=液冷板式电池模组 时间,0.07,,
957,gray,类型:产品发布 阶段:effective 主体:荣耀 对象:荣耀Magic V3 动作:发布新款折叠屏手机 范围:market=CN、channel=official、sku=荣耀Magic V3、location=深圳 时间:2024-0,类型:产品发布 阶段:announced 主体:荣耀 对象:AI换脸检测技术 动作:发布AI换脸检测技术 范围:market=CN、channel=official、sku=AI换脸检测技术、location=上海 时间:2024-06-2,0.04,,
958,gray,"类型:产品发布 阶段:effective 主体:蔚来 对象:firefly萤火虫 动作:正式上市 范围:market=CN、channel=official、sku=自在版, 发光版 时间:2025-04-19~2025-04-20 [pr",类型:产品发布 阶段:completed 主体:蔚来、firefly萤火虫 对象:firefly萤火虫 动作:开启交付 范围:market=CN、channel=official、sku=firefly萤火虫 时间:2025-04-29~2,0.08,,
959,gray,类型:产品发布 阶段:announced 主体:比亚迪 对象:闪充电池 动作:发布闪充电池 范围:market=CN、channel=official、sku=闪充电池 时间:2025-03-17~2025-03-18 [product_l,类型:产品发布 阶段:announced 主体:比亚迪 对象:3万转电机 动作:发布3万转电机 范围:market=CN、channel=official、sku=3万转电机 时间:2025-03-17~2025-03-18 [produc,0.15,,
960,gray,类型:产品发布 阶段:effective 主体:火山引擎 对象:OSAgent解决方案 动作:推出OSAgent解决方案 范围:market=CN、channel=official、sku=OSAgent解决方案 时间:2025-04-17,类型:产品发布 阶段:effective 主体:火山引擎 对象:豆包1.5深度思考模型 动作:发布豆包1.5深度思考模型 范围:market=CN、channel=official、sku=豆包1.5深度思考模型 时间:2025-04-17,0.09,,
961,gray,类型:产品发布 阶段:effective 主体:vivo 对象:蓝心大模型矩阵 动作:发布全面升级的自研蓝心大模型矩阵 范围:market=CN、channel=official、sku=蓝心大模型矩阵、location=深圳 时间:202,类型:产品发布 阶段:effective 主体:vivo 对象:蓝河操作系统2 动作:发布蓝河操作系统2（BlueOS 2） 范围:market=CN、channel=official、sku=BlueOS 2、location=深圳 时间,0.09,,
962,gray,类型:sales_report 阶段:completed 主体:上汽集团 对象:海外市场 动作:公布5月份海外市场终端交付量 范围:market=GLOBAL、channel=official、sku=整车 时间:2024-06-07~20,类型:sales_report 阶段:completed 主体:上汽集团 对象:自主品牌 动作:公布上半年自主品牌终端交付量 范围:market=CN、channel=official、sku=自主品牌 时间:2024-07-05~2024,0.04,,
963,gray,类型:产品发布 阶段:announced 主体:小鹏汽车 对象:小鹏P7+ 动作:举办三电技术沟通会并介绍能耗管理技术 范围:market=CN、channel=official、sku=小鹏P7+、location=广州 时间:2024-,类型:产品发布 阶段:announced 主体:小鹏汽车 对象:小鹏P7+ 动作:开启预售 范围:market=GLOBAL、channel=official、sku=小鹏P7+、location=巴黎 时间:2024-10-14~2024,0.04,,
964,gray,类型:market_entry 阶段:announced 主体:小鹏汽车 对象:德国市场 动作:宣布正式进入德国市场 范围:market=DE、channel=official、location=德国 时间:2024-03-28~2024-,"类型:market_entry 阶段:planned 主体:小鹏汽车 对象:小鹏P7、小鹏G9 动作:启动交付 范围:market=JO, LB、channel=official、sku=P7, G9、location=约旦、黎巴嫩 时间:",0.04,,
965,gray,类型:产品发布 阶段:planned 主体:荣耀 对象:荣耀Magic V3、荣耀平板Magic Pad2、荣耀MagicBook Art 14 动作:发布新品 范围:market=GLOBAL、channel=IFA 2024、sku=荣,类型:产品发布 阶段:effective 主体:荣耀 对象:荣耀平板MagicPad2 动作:发布平板产品 范围:market=GLOBAL、channel=official、sku=荣耀平板MagicPad2、location=柏林 时间,0.68,,
966,gray,类型:sales_report 阶段:completed 主体:上汽集团 对象:整车 动作:发布上半年产销快报 范围:market=CN、channel=official、sku=整车 时间:2024-07-05~2024-07-06 [s,类型:sales_report 阶段:completed 主体:上汽集团 对象:自主品牌 动作:公布上半年自主品牌终端交付量 范围:market=CN、channel=official、sku=自主品牌 时间:2024-07-05~2024,0.16,,
967,gray,"类型:产品发布 阶段:planned 主体:小米 对象:小米SU7 Ultra、小米15Ultra 动作:发布双Ultra产品 范围:market=CN、channel=official、sku=小米SU7 Ultra, 小米15Ultra","类型:产品发布 阶段:planned 主体:小米集团 对象:小米15 Ultra、小米SU7 Ultra 动作:计划发布年度新品 范围:market=CN、channel=official、sku=小米15 Ultra, 小米SU7 Ult",0.66,,
968,gray,类型:financial_report 阶段:announced 主体:京东集团 对象:2024年第三季度财报 动作:发布2024年第三季度财报 范围:market=CN、channel=official、location=港交所 时间:2,类型:financial_report 阶段:announced 主体:百度 对象:2024年第三季度财报 动作:发布2024年第三季度财报 范围:market=CN、channel=official 时间:2024-11-21~2024-,0.04,,
969,gray,类型:financial_report 阶段:announced 主体:吉利汽车 对象:2024年第三季度财报 动作:发布2024年第三季度财报 范围:market=CN、channel=official 时间:2024-11-14~202,类型:financial_report 阶段:completed 主体:哔哩哔哩 对象:2024年第三季度财报 动作:公布2024年第三季度财报 范围:market=CN、channel=official 时间:2024-11-14~202,0.06,,
970,gray,类型:产品发布 阶段:planned 主体:理想汽车 对象:理想L系列及理想MEGA智驾焕新版 动作:计划推出智驾焕新版 范围:market=CN、channel=official、sku=理想L系列及理想MEGA 时间:2025-05-0,类型:产品发布 阶段:announced 主体:理想汽车 对象:理想L系列智能焕新版 动作:发布理想L系列智能焕新版 范围:market=CN、sku=理想L系列智能焕新版 时间:2025-04-01~2025-06-01 [product,0.22,,
971,gray,类型:sales_report 阶段:completed 主体:特斯拉 对象:汽车 动作:在挪威销量今年目前为止下降逾12% 范围:market=NO、location=挪威 时间:2025-01-01~2025-03-31 [sales_,类型:sales_report 阶段:completed 主体:吉利汽车 对象:汽车 动作:公布上半年累计销量 范围:market=CN 时间:2025-01-01~2025-06-30 [sales_report] (2025-01-01,0.03,,
972,gray,类型:产品发布 阶段:effective 主体:科大讯飞 对象:星火图文识别大模型 动作:首发星火图文识别大模型 范围:market=CN、channel=official、sku=星火图文识别大模型 时间:2024-04-26~2024-,类型:产品发布 阶段:effective 主体:科大讯飞 对象:星火智能评标助手 动作:升级星火智能评标助手 范围:market=CN、channel=official、sku=星火智能评标助手 时间:2024-04-26~2024-04-,0.06,,
973,gray,类型:合作签约 阶段:announced 主体:联想集团、中国传媒大学 对象:AI数字艺术探索实验室 动作:宣布建立AI数字艺术探索实验室 范围:market=CN、channel=official 时间:2024-05-29~2024-0,类型:合作签约 阶段:announced 主体:联想、思科 对象:全球战略合作伙伴关系 动作:宣布建立全球战略合作伙伴关系 范围:market=GLOBAL、channel=official 时间:2024-05-30~2024-05-31,0.04,,
974,gray,类型:产品发布 阶段:planned 主体:上汽集团、华为 对象:尚界 动作:计划上市新产品 范围:market=CN、channel=official、sku=尚界 时间:2025-10-01~2025-12-31 [product_la,类型:产品发布 阶段:effective 主体:华为 对象:Mate 80系列 动作:Mate 80系列作为首批预装HarmonyOS 6正式版的终端设备亮相 范围:market=CN、channel=official、sku=Mate 8,0.03,,
975,gray,类型:policy_change 阶段:planned 主体:京东 对象:服饰品类 动作:聚焦服饰品类重点发力并投入资源 范围:market=CN、channel=official 时间:2024-07-01~2024-12-31 [pol,类型:policy_change 阶段:effective 主体:京东、京喜 对象:京喜自营 动作:业务更名并推出全托管模式 范围:market=CN、channel=official、sku=京喜自营、location=低线城市 时间:2,0.07,,
976,gray,类型:investment 阶段:announced 主体:地平线机器人 对象:股票 动作:出售股票 范围:market=HK、channel=official 时间:2024-10-16~2024-10-17 [investment] (,类型:investment 阶段:completed 主体:京东 对象:股票 动作:完成30亿美元股票回购计划 范围:market=CN、channel=official 时间:2024-11-14~2024-11-15 [investme,0.03,,
977,gray,类型:financial_report 阶段:announced 主体:京东集团 对象:2024年第三季度财报 动作:发布2024年第三季度财报 范围:market=CN、channel=official、location=港交所 时间:2,类型:financial_report 阶段:completed 主体:理想汽车 对象:2024年第三季度财报 动作:披露2024年第三季度财报 范围:market=CN、channel=official 时间:2024-11-21~202,0.05,,
978,gray,类型:other 阶段:announced 主体:招商证券 对象:哔哩哔哩、腾讯控股 动作:预计三季度业绩有望超出市场预期 范围:market=HK、channel=research_report 时间:2024-10-29~2024-10,类型:other 阶段:announced 主体:美银证券 对象:哔哩哔哩 动作:发布研报预期Q3业绩超预期 范围:market=HK、channel=research_report 时间:2024-10-29~2024-10-30 [ot,0.11,,
979,gray,类型:sales_report 阶段:completed 主体:理想汽车 对象:新车 动作:累计交付新车 范围:market=CN 时间:2024-01-01~2024-06-30 [sales_report] (2024-01-01T00,类型:sales_report 阶段:completed 主体:理想汽车 对象:2023年第四季度交付数据 动作:公布2023年第四季度交付数据 范围:market=CN、channel=official 时间:2024-01-01~202,0.08,,
980,gray,类型:产品发布 阶段:effective 主体:荣耀 对象:荣耀Magic V3 动作:发布折叠屏手机 范围:market=CN、channel=official、sku=荣耀Magic V3 时间:2024-07-12~2024-07-1,类型:产品发布 阶段:effective 主体:荣耀 对象:荣耀平板MagicPad2 动作:发布新款平板电脑 范围:market=CN、channel=official、sku=荣耀平板MagicPad2、location=深圳 时间:2,0.19,,
981,gray,类型:sales_report 阶段:completed 主体:理想汽车 对象:2023年全年交付数据 动作:公布2023年全年交付数据 范围:market=CN、channel=official、sku=全品牌 时间:2024-01-10,类型:sales_report 阶段:completed 主体:理想汽车 对象:理想汽车 动作:公布2023年第四季度交付数据 范围:market=CN、channel=official 时间:2024-01-01~2024-01-02 [,0.08,,
982,gray,类型:sales_report 阶段:completed 主体:理想汽车 对象:2023年12月交付数据 动作:公布2023年12月交付数据 范围:market=CN、channel=official 时间:2024-01-01~2024-,类型:sales_report 阶段:completed 主体:理想汽车 对象:2023年第四季度交付数据 动作:公布2023年第四季度交付数据 范围:market=CN、channel=official 时间:2024-01-01~202,0.33,,
983,gray,类型:合作签约 阶段:announced 主体:苹果、阿里巴巴 对象:AI功能 动作:合作开发AI功能 范围:market=CN、channel=official、sku=iPhone 时间:2025-02-11~2025-02-12 [p,类型:合作签约 阶段:announced 主体:苹果、百度 对象:AI功能 动作:继续合作开发AI功能 范围:market=CN、channel=official、sku=iPhone 时间:2025-02-13~2025-02-14 [p,0.07,,
984,gray,类型:sales_report 阶段:completed 主体:小米 对象:SU7 Ultra 动作:大定订单突破6900辆 范围:market=CN、channel=official、sku=SU7 Ultra 时间:2025-02-27,类型:sales_report 阶段:completed 主体:小米汽车 对象:SU7 Ultra 动作:大定订单突破15000台 范围:market=CN、channel=official、sku=SU7 Ultra 时间:2025-02,0.5,,
985,gray,类型:产品发布 阶段:completed 主体:理想汽车 对象:理想i8 动作:官宣亮相 范围:market=CN、channel=official、sku=理想i8 时间:2025-02-25~2025-02-26 [product_la,类型:产品发布 阶段:announced 主体:理想汽车 对象:理想i8 动作:公布首款纯电SUV i8的外观造型信息 范围:market=CN、channel=official、sku=i8 时间:2025-02-25~2025-02-2,0.72,,
986,gray,类型:policy_change 阶段:effective 主体:美团 对象:骑手防疲劳机制 动作:试点覆盖浙江全省 范围:market=CN、channel=official、sku=骑手防疲劳机制、location=浙江 时间:2024,类型:policy_change 阶段:effective 主体:美团 对象:骑手防疲劳机制 动作:在华东区域开启新一轮防疲劳试点 范围:market=CN、channel=official、sku=骑手防疲劳机制、location=华东区,0.12,,
987,gray,类型:合作签约 阶段:completed 主体:小鹏汽车、大众汽车集团 对象:平台与软件战略技术合作联合开发协议 动作:签订平台与软件战略技术合作联合开发协议 范围:market=CN、channel=official、sku=B级纯电动汽,类型:合作签约 阶段:announced 主体:小鹏汽车、森那美汽车集团 对象:香港市场官方代理权 动作:缔结合作伙伴关系，授权森那美为香港官方代理商 范围:market=HK、channel=official 时间:2024-04-01~,0.03,,
988,gray,类型:financial_report 阶段:announced 主体:吉利汽车 对象:2025年第一季度业绩预告 动作:发布一季度业绩预告 范围:market=CN、channel=official 时间:2025-04-16~2025-,类型:financial_report 阶段:completed 主体:吉利汽车 对象:2025年第一季度财报 动作:发布2025年第一季度财报 范围:market=CN、channel=official 时间:2025-05-15~202,0.07,,
989,gray,类型:sales_report 阶段:completed 主体:理想汽车 对象:理想汽车 动作:公布2024年1月交付数据 范围:market=CN、channel=official 时间:2024-02-01~2024-02-02 [sa,类型:sales_report 阶段:announced 主体:理想汽车 对象:2024年一季度交付数据 动作:发布一季度交付预测 范围:market=CN、channel=official 时间:2024-02-26~2024-02-27,0.04,,
990,gray,类型:financial_report 阶段:completed 主体:中芯国际 对象:2024年半年报 动作:公布2024年半年报 范围:market=CN、channel=official 时间:2024-08-31~2024-09-0,类型:financial_report 阶段:completed 主体:中芯国际 对象:2024年第二季度业绩 动作:发布2024年第二季度业绩数据 范围:market=CN、channel=official、sku=2024Q2 时间:2,0.06,,
991,gray,类型:产品发布 阶段:announced 主体:智己汽车 对象:智己L6 动作:全球首秀 范围:market=GLOBAL、channel=Geneva_Motor_Show、sku=智己L6、location=日内瓦 时间:2024-02,类型:产品发布 阶段:announced 主体:智己汽车 对象:智己L6 动作:宣布即将上市并搭载超快充固态电池 范围:market=CN、channel=official、sku=智己L6 时间:2024-03-25~2024-03-26,0.05,,
992,gray,"类型:产品发布 阶段:effective 主体:特斯拉 对象:后轮驱动首发版、长续航全轮驱动首发版 动作:首发版车型上线 范围:market=CN、channel=official、sku=后轮驱动首发版, 长续航全轮驱动首发版 时间:20",类型:产品发布 阶段:announced 主体:特斯拉 对象:2025款焕新版特斯拉Model Y 动作:正式登陆特斯拉中国官网 范围:market=CN、channel=official、sku=2025款焕新版特斯拉Model Y 时间,0.23,,
993,gray,类型:sales_report 阶段:completed 主体:理想汽车 对象:理想汽车 动作:发布2023年12月交付数据 范围:market=CN、channel=official、sku=全品牌 时间:2024-01-03~2024-,类型:sales_report 阶段:completed 主体:理想汽车 对象:理想汽车 动作:公布2023年第四季度交付数据 范围:market=CN、channel=official 时间:2024-01-01~2024-01-02 [,0.28,,
994,gray,类型:产品发布 阶段:effective 主体:小鹏汽车 对象:2025款小鹏G6 动作:正式上市发售 范围:market=CN、channel=official、sku=2025款小鹏G6、location=广州 时间:2025-03-1,"类型:产品发布 阶段:effective 主体:小鹏汽车 对象:2025款小鹏G6、2025款小鹏G9 动作:正式上市发售 范围:market=CN、channel=official、sku=2025款小鹏G6, 2025款小鹏G9 时间:",0.58,,
995,gray,类型:价格调整 阶段:announced 主体:特斯拉 对象:Model Y长续航全轮驱动版 动作:上调价格 范围:market=CN、channel=official、sku=Model Y长续航全轮驱动版、location=中国 时间:,类型:价格调整 阶段:effective 主体:特斯拉 对象:焕新Model Y长续航全轮驱动版 动作:上调价格1万元 范围:market=CN、channel=official、sku=焕新Model Y长续航全轮驱动版 时间:2025-,0.79,,
996,gray,类型:产品发布 阶段:planned 主体:享界S9 对象:享界S9 动作:计划正式上市 范围:market=CN、channel=official、sku=享界S9 时间:2024-08-01~2024-08-31 [product_la,"类型:产品发布 阶段:effective 主体:鸿蒙智行、北汽新能源 对象:享界S9 动作:正式上市 范围:market=CN、channel=official、sku=Max版, Ultra版 时间:2024-08-06~2024-08-",0.26,,
997,gray,类型:产品发布 阶段:effective 主体:DJI大疆 对象:DJI Power 1 千瓦行车闪充 动作:正式推出 范围:market=CN、channel=official、sku=DJI Power 1 千瓦行车闪充、locatio,类型:产品发布 阶段:effective 主体:DJI大疆 对象:DJI Power 1.8 千瓦太阳能/行车闪充 动作:正式推出 范围:market=CN、channel=official、sku=DJI Power 1.8 千瓦太阳能/,0.33,,
998,gray,"类型:other 阶段:completed 主体:小鹏汽车 对象:G9、G6、P7 动作:提供赞助用车 范围:market=NL、channel=official、sku=G9, G6, P7、location=荷兰埃因霍温 时间:2024",类型:other 阶段:completed 主体:小鹏汽车 对象:G6车型 动作:举办开放日周末活动 范围:market=SG、sku=G6、location=新加坡 时间:2024-11-02~2024-11-04 [other] (20,0.03,,
999,gray,类型:sales_report 阶段:completed 主体:蔚来公司 对象:新车 动作:交付新车 范围:market=CN、channel=official、sku=蔚来品牌与乐道品牌 时间:2025-01-01~2025-01-31 ,类型:sales_report 阶段:completed 主体:小鹏汽车 对象:小鹏汽车 动作:公布1月交付量 范围:market=CN、channel=official 时间:2025-01-01~2025-01-31 [sales_re,0.03,,
